blast_name,firing_datetime,year,actual__average_power_kw,pred__average_power_kw__historical_mean,pred__average_power_kw__linear_regression,pred__average_power_kw__random_forest,actual__specific_energy_kwh_t,pred__specific_energy_kwh_t__historical_mean,pred__specific_energy_kwh_t__linear_regression,pred__specific_energy_kwh_t__random_forest,actual__peak_power_kw,pred__peak_power_kw__historical_mean,pred__peak_power_kw__linear_regression,pred__peak_power_kw__random_forest
BLST_2026_0001,2026-01-01 00:00:00.000000000,2026,2342.192629368967,2757.778348849932,2228.3408999369303,2220.316436316461,1.24172404722053,1.0866306524757188,1.1752848824891091,1.1660109155693668,2459.302260837416,3256.862138460087,2647.2263154209686,2638.212719432656
BLST_2026_0002,2026-01-01 07:46:57.087378640,2026,2621.850819444155,2757.778348849932,2782.853497766605,2777.727909035656,1.079677821571437,1.0866306524757188,1.1580964383162689,1.1543235727241574,2842.9440619911397,3256.862138460087,3268.9462866364156,3231.3828046494614
BLST_2026_0003,2026-01-01 15:33:54.174757281,2026,2872.7524409056336,2757.778348849932,3059.848078471578,3074.7523638633656,1.0866215673168094,1.0866306524757188,1.1724575497652066,1.1503733254330986,3156.960356551696,3256.862138460087,3608.4108826656784,3603.138016444046
BLST_2026_0004,2026-01-01 23:20:51.262135922,2026,2764.6760302754587,2757.778348849932,2541.446779632222,2545.0650732099125,1.4099942719931495,1.0866306524757188,1.2664962975706473,1.271404416269567,3212.183459503164,3256.862138460087,3032.5499627117024,3049.971363990356
BLST_2026_0005,2026-01-02 07:07:48.349514563,2026,3005.097406014588,2757.778348849932,2947.1922180642227,2968.6619243734553,0.97383653129935,1.0866306524757188,0.92898211445659,0.9646351827722898,3155.352276315318,3256.862138460087,3491.8675048965565,3523.471555113943
BLST_2026_0006,2026-01-02 14:54:45.436893203,2026,2536.1291859244857,2757.778348849932,2404.2141110302528,2475.8455006247154,1.2001700260655777,1.0866306524757188,1.1459764989092849,1.1756656441086244,2885.808854216869,3256.862138460087,2853.112358675661,2922.8577764610422
BLST_2026_0007,2026-01-02 22:41:42.524271844,2026,2939.044132213695,2757.778348849932,2759.4754156909908,2707.9618312336083,1.1274929133398035,1.0866306524757188,1.068809677932428,1.0433673762985287,3365.675451889567,3256.862138460087,3248.892545044579,3190.8169891729326
BLST_2026_0008,2026-01-03 06:28:39.611650485,2026,3337.1718285269853,2757.778348849932,3149.1030646715435,3072.9288334864495,1.136470940708815,1.0866306524757188,1.076792012611083,1.0535023807179025,3846.8401024678087,3256.862138460087,3713.6368688024963,3576.123970238956
BLST_2026_0009,2026-01-03 14:15:36.699029126,2026,2803.5915432327647,2757.778348849932,2698.1957613196146,2514.540246962087,1.5147890811236622,1.0866306524757188,1.3784105678302923,1.326000156377629,2998.3915242671587,3256.862138460087,3181.1319158178244,3070.8479769707365
BLST_2026_0010,2026-01-03 22:02:33.786407767,2026,1799.606592592994,2757.778348849932,2150.040230615652,2221.6030605669894,0.8618442699072327,1.0866306524757188,1.0533386103000035,1.0443099383115326,1996.394688141575,3256.862138460087,2548.1845132538133,2678.2931089029335
BLST_2026_0011,2026-01-04 05:49:30.873786407,2026,2554.9912558374,2757.778348849932,2480.1849434634123,2522.5537366010117,1.2595391452346634,1.0866306524757188,1.213125417402802,1.2202807800156021,3334.465111639888,3256.862138460087,2956.6546540580252,3023.999738911446
BLST_2026_0012,2026-01-04 13:36:27.961165048,2026,2860.4588397794214,2757.778348849932,3079.755362415625,3034.59459338856,0.987070309286671,1.0866306524757188,1.07072275697253,1.0427332938310856,3179.763371414568,3256.862138460087,3611.2729072124407,3558.5155456472244
BLST_2026_0013,2026-01-04 21:23:25.048543689,2026,3124.1289064404864,2757.778348849932,3366.25417174024,3325.6646296725753,0.981868259914302,1.0866306524757188,1.0557958640011658,1.0385852505187059,3591.6334951585377,3256.862138460087,3980.0893194549526,3838.4104926002165
BLST_2026_0014,2026-01-05 05:10:22.135922330,2026,2765.7849441613985,2757.778348849932,2757.2515140058276,2827.779586152964,1.0556368444417652,1.0866306524757188,1.0598416983449874,1.0721756270205072,3376.275274643414,3256.862138460087,3274.1621131375273,3347.058164760521
BLST_2026_0015,2026-01-05 12:57:19.223300970,2026,2552.262105140328,2757.778348849932,2781.123138569088,2760.830953512075,0.9729359282774722,1.0866306524757188,1.0680625506487678,1.0505786901714584,2984.405749323512,3256.862138460087,3312.32403054315,3281.828102727718
BLST_2026_0016,2026-01-05 20:44:16.310679611,2026,3163.843515960252,2757.778348849932,3166.222971520405,3122.810663951866,1.0312261256656627,1.0866306524757188,1.0229859286330822,1.0351779945016857,3690.647895017811,3256.862138460087,3744.0543609368033,3748.132458028789
BLST_2026_0017,2026-01-06 04:31:13.398058252,2026,2757.633690949017,2757.778348849932,2884.8069073301413,2950.276579339521,1.0851856194089202,1.0866306524757188,1.1516085953272837,1.1754754834154026,3025.768628111881,3256.862138460087,3383.6951689188663,3397.3873309565643
BLST_2026_0018,2026-01-06 12:18:10.485436893,2026,2796.410364278385,2757.778348849932,2979.7665815269597,2976.430333460476,1.0921449769529388,1.0866306524757188,1.1765494644579362,1.149410067182657,3533.728946673284,3256.862138460087,3491.061557201027,3434.7903597170216
BLST_2026_0019,2026-01-06 20:05:07.572815534,2026,3101.333377614104,2757.778348849932,3179.7955446388337,3138.6110287476163,1.0730916276633902,1.0866306524757188,1.1093871339407393,1.0784122238243339,3447.274550118792,3256.862138460087,3736.4205727345466,3675.7322392185642
BLST_2026_0020,2026-01-07 03:52:04.660194174,2026,2882.44276688508,2757.778348849932,2871.936427492158,2889.4904440707082,1.1210596179153247,1.0866306524757188,1.1326336967695227,1.1342756638366405,3671.2335622628416,3256.862138460087,3399.2449558514218,3379.0491187848384
BLST_2026_0021,2026-01-07 11:39:01.747572815,2026,2425.688099540216,2757.778348849932,2358.0987256920853,2323.013684494217,1.150184425775222,1.0866306524757188,1.1243778963589137,1.104296965970678,2759.4015928837925,3256.862138460087,2822.092762467156,2743.9800455512996
BLST_2026_0022,2026-01-07 19:25:58.834951456,2026,2750.358185691024,2757.778348849932,2817.4286483497663,2891.262371895545,1.0748477302902273,1.0866306524757188,1.1151461289441609,1.120893861291812,2944.9163599280955,3256.862138460087,3345.8780896760672,3392.9197616591377
BLST_2026_0023,2026-01-08 03:12:55.922330097,2026,3102.9725231927123,2757.778348849932,2924.260828652601,2991.4605353745164,1.1748720201794007,1.0866306524757188,1.1181120686247124,1.1392842671739096,3431.429059036786,3256.862138460087,3444.793262295497,3485.1803914402217
BLST_2026_0024,2026-01-08 10:59:53.009708737,2026,2476.4373758662064,2757.778348849932,2452.1022029211026,2430.006342267039,1.195226400058497,1.0866306524757188,1.1833276122537877,1.1885031057899293,2932.3678213506414,3256.862138460087,2909.1169239744977,2878.9973713864933
BLST_2026_0025,2026-01-08 18:46:50.097087378,2026,2384.466109351856,2757.778348849932,2496.897513121572,2515.8419737242057,0.991804914646022,1.0866306524757188,1.0511003695168646,1.045471236432768,2715.207462810185,3256.862138460087,2930.1983052934474,2926.5221622779777
BLST_2026_0026,2026-01-09 02:33:47.184466019,2026,2319.123323952923,2757.778348849932,2361.072249175939,2362.2105409797955,1.074285243281534,1.0866306524757188,1.1100625679154161,1.092927053577761,2725.199938864976,3256.862138460087,2810.551450433074,2830.4177882379
BLST_2026_0027,2026-01-09 10:20:44.271844660,2026,2806.5667500496047,2757.778348849932,2766.662914500437,2739.3208248027995,1.109658390466605,1.0866306524757188,1.1056431891872287,1.103049908896251,3285.385818930141,3256.862138460087,3260.063428087634,3184.749648401656
BLST_2026_0028,2026-01-09 18:07:41.359223301,2026,2881.9674656370967,2757.778348849932,2839.0864202570438,2918.4068505667437,0.9618423168939544,1.0866306524757188,0.9294980469501983,0.9417146665944885,3360.739298269252,3256.862138460087,3330.6003185614145,3434.4905587684875
BLST_2026_0029,2026-01-10 01:54:38.446601941,2026,2722.9389564193407,2757.778348849932,2813.1739629611398,2820.7381223058783,0.9705831698248116,1.0866306524757188,1.0038592383820302,0.9988786002792012,3033.7336016229383,3256.862138460087,3325.8356928526127,3437.652061486111
BLST_2026_0030,2026-01-10 09:41:35.533980582,2026,2590.1454759073017,2757.778348849932,2477.169376589385,2502.257597221368,1.0214323031630732,1.0866306524757188,0.9871737244766267,0.9872858553440979,3043.9053794697866,3256.862138460087,2928.5153506668003,3013.3236228783303
BLST_2026_0031,2026-01-10 17:28:32.621359223,2026,3564.324751063138,2757.778348849932,3492.7776468802904,3484.339351007816,1.049893821811886,1.0866306524757188,1.0132253024216555,1.041123423479186,4192.303954190128,3256.862138460087,4106.235848683533,3944.7525299137596
BLST_2026_0032,2026-01-11 01:15:29.708737864,2026,3161.8287844600213,2757.778348849932,3225.4819294508516,3206.1804692540463,0.9931370290142169,1.0866306524757188,1.003009728069445,1.0192172199112648,3798.401876747608,3256.862138460087,3775.2805602734825,3834.358313940393
BLST_2026_0033,2026-01-11 09:02:26.796116504,2026,2618.1216222984303,2757.778348849932,2422.048513410623,2459.8946546778307,1.0494545809748097,1.0866306524757188,0.9808920151266368,0.983882181057246,2911.828786985808,3256.862138460087,2885.3951051905065,2915.950215756789
BLST_2026_0034,2026-01-11 16:49:23.883495145,2026,2369.916470796152,2757.778348849932,2524.7732021010065,2528.024828057653,0.986805502948016,1.0866306524757188,1.0661844295066494,1.039770956248554,2860.0119654116083,3256.862138460087,2993.5022897166655,3041.0562469641604
BLST_2026_0035,2026-01-12 00:36:20.970873786,2026,3018.5146150606856,2757.778348849932,2867.405567140569,2864.0522464199353,1.032805264887387,1.0866306524757188,0.9730996791226909,0.9747539774417214,3591.5023137330422,3256.862138460087,3379.519861111452,3397.8319808096644
BLST_2026_0036,2026-01-12 08:23:18.058252427,2026,2569.9061726257223,2757.778348849932,2779.5997510708376,2755.95727572038,0.9712409364328092,1.0866306524757188,1.0596764760204833,1.0416554940623344,3113.1069724489844,3256.862138460087,3274.0690855285548,3206.3862876114317
BLST_2026_0037,2026-01-12 16:10:15.145631068,2026,2504.124084219136,2757.778348849932,2621.860834330055,2640.630427835337,1.0241390760440807,1.0866306524757188,1.0880449275788164,1.0541192870008602,2852.855020972115,3256.862138460087,3096.1314266929858,3088.7959619485127
BLST_2026_0038,2026-01-12 23:57:12.233009708,2026,2547.227325878284,2757.778348849932,2623.295134411993,2617.0389589712813,1.056799905523927,1.0866306524757188,1.1014304638621666,1.0890996109245408,2960.876394163329,3256.862138460087,3102.611746604143,3078.787009061629
BLST_2026_0039,2026-01-13 07:44:09.320388349,2026,2338.1439110926644,2757.778348849932,2272.9316768050003,2244.8196208635527,1.2071580750062223,1.0866306524757188,1.171180264160472,1.1655403183787585,2734.149151522797,3256.862138460087,2694.569049914066,2711.0834558585116
BLST_2026_0040,2026-01-13 15:31:06.407766990,2026,2407.9694091029533,2757.778348849932,2404.125653196736,2424.3069316129595,1.0526111677861272,1.0866306524757188,1.0650673418266365,1.0604557215611483,2646.7850504198354,3256.862138460087,2854.65892912293,2871.482410429728
BLST_2026_0041,2026-01-13 23:18:03.495145631,2026,2335.886849911711,2757.778348849932,2339.1937097470386,2350.707013279335,1.0888049792954,1.0866306524757188,1.1014901465660725,1.0925689372192402,2743.322364559529,3256.862138460087,2788.4917591998787,2822.5793456626375
BLST_2026_0042,2026-01-14 07:05:00.582524271,2026,3032.3687524457528,2757.778348849932,3033.347008041796,3029.8986375068193,1.0711351692530966,1.0866306524757188,1.0785026194106668,1.0727409412145092,3804.627957649594,3256.862138460087,3582.6612799993036,3537.9287772296716
BLST_2026_0043,2026-01-14 14:51:57.669902912,2026,2273.9305134494416,2757.778348849932,2253.297727506953,2315.2127424598416,1.221217774986367,1.0866306524757188,1.1955888465811595,1.238166241005287,2780.638748015749,3256.862138460087,2674.557901193271,2714.7527810792967
BLST_2026_0044,2026-01-14 22:38:54.757281553,2026,2751.244499908669,2757.778348849932,2721.2315699485794,2705.4463236932056,1.1265705607512153,1.0866306524757188,1.1266844491576948,1.1124300120607173,3323.0955952771487,3256.862138460087,3209.9310196859497,3127.3871137097185
BLST_2026_0045,2026-01-15 06:25:51.844660194,2026,2269.180018794354,2757.778348849932,2388.5302280149826,2396.604381293719,1.0924267900904243,1.0866306524757188,1.1545284802165137,1.1462195886330573,2516.3833800643,3256.862138460087,2824.03759565271,2783.431386924366
BLST_2026_0046,2026-01-15 14:12:48.932038835,2026,2936.878661850203,2757.778348849932,3001.9619388578108,3020.2066123399327,0.9873150553073452,1.0866306524757188,1.0021752895695495,1.0036976530343986,3457.4607076556613,3256.862138460087,3540.320272176534,3598.6415099247033
BLST_2026_0047,2026-01-15 21:59:46.019417475,2026,2434.857058353338,2757.778348849932,2247.14592166178,2254.705652666487,1.354426707009189,1.0866306524757188,1.2202428519268291,1.2136209410478849,2853.5232440245345,3256.862138460087,2664.442337838293,2696.1017170810283
BLST_2026_0048,2026-01-16 05:46:43.106796116,2026,2762.585133755063,2757.778348849932,2740.8472277249184,2746.0352581741117,1.161204477292626,1.0866306524757188,1.1587860683724713,1.1303129799045193,2943.3690125073467,3256.862138460087,3242.303902425071,3250.128010078318
BLST_2026_0049,2026-01-16 13:33:40.194174757,2026,2769.1613250985856,2757.778348849932,2803.8883554682757,2845.685672853187,0.9506558353844734,1.0866306524757188,0.9519442998973239,0.9673820992327711,3280.989551272514,3256.862138460087,3303.9541823979907,3386.7454142117053
BLST_2026_0050,2026-01-16 21:20:37.281553398,2026,2823.268804919317,2757.778348849932,2814.582774374047,2892.6866361352045,0.9829904959125813,1.0866306524757188,0.9747651684464714,0.9905968415776917,3391.1128884029577,3256.862138460087,3299.71337819967,3410.830340691329
BLST_2026_0051,2026-01-17 05:07:34.368932038,2026,2525.236424842952,2757.778348849932,2479.6234942758947,2492.8574448503273,1.086645826878586,1.0866306524757188,1.0805332708706337,1.0768673504985173,2869.789401783085,3256.862138460087,2936.52029394166,2959.377589609605
BLST_2026_0052,2026-01-17 12:54:31.456310679,2026,2657.793347909269,2757.778348849932,2671.459208965592,2633.7146939029253,1.0053674165482942,1.0866306524757188,1.0179493399841857,1.00460269084048,3287.9772134213645,3256.862138460087,3142.0641867566983,3153.059407961753
BLST_2026_0053,2026-01-17 20:41:28.543689320,2026,2566.814722859906,2757.778348849932,2516.030300138323,2523.676419778512,1.1748816594818248,1.0866306524757188,1.155017495716286,1.1494603272945603,3112.165628062297,3256.862138460087,2999.572456456647,2900.386936069502
BLST_2026_0054,2026-01-18 04:28:25.631067961,2026,2267.668171817897,2757.778348849932,2464.8330392424646,2434.214178343613,1.0660643739809983,1.0866306524757188,1.1624898871935054,1.1550414156631459,2823.1607782860583,3256.862138460087,2915.986827393783,2892.3966432866173
BLST_2026_0055,2026-01-18 12:15:22.718446602,2026,3077.890816104838,2757.778348849932,2767.006870361202,2699.975343819093,1.275755640371717,1.0866306524757188,1.158100335797803,1.1255007178072538,3649.190230454156,3256.862138460087,3262.6734665270556,3171.5225545499047
BLST_2026_0056,2026-01-18 20:02:19.805825242,2026,2879.124561508817,2757.778348849932,2914.5048617193274,3001.3743716242484,0.8968308195344954,1.0866306524757188,0.8637806716100421,0.9190699314913015,3749.056566000881,3256.862138460087,3420.5343727063023,3463.618385900845
BLST_2026_0057,2026-01-19 03:49:16.893203883,2026,2777.9589212847536,2757.778348849932,2947.082299625353,2909.0579891948246,1.001487192108943,1.0866306524757188,1.0712057067767429,1.0549641876554787,3111.0256522158998,3256.862138460087,3478.2225005941796,3464.292599928509
BLST_2026_0058,2026-01-19 11:36:13.980582524,2026,2096.683730988861,2757.778348849932,2048.7374056925987,2054.6674433228773,1.3393562352260533,1.0866306524757188,1.2486230336479291,1.3327590913921727,2731.66504177448,3256.862138460087,2426.648660050315,2478.899880101911
BLST_2026_0059,2026-01-19 19:23:11.067961165,2026,2680.550189483304,2757.778348849932,2743.0659895205163,2774.973134074252,1.1233390339557865,1.0866306524757188,1.1597207666417513,1.1630035983505698,3302.815189603546,3256.862138460087,3234.1008024192415,3266.297173020726
BLST_2026_0060,2026-01-20 03:10:08.155339805,2026,2598.8544292992183,2757.778348849932,2725.443045625836,2741.4129351311817,1.0177214840087534,1.0866306524757188,1.077787521394314,1.0961423953784475,3210.82890644606,3256.862138460087,3205.5632708820567,3187.783994060484
BLST_2026_0061,2026-01-20 10:57:05.242718446,2026,2801.1554919802998,2757.778348849932,2892.976012881517,2910.10105804689,0.9746065881653504,1.0866306524757188,1.0036105039088086,1.0107331761356286,3488.203241056234,3256.862138460087,3421.1318919295054,3481.706671287523
BLST_2026_0062,2026-01-20 18:44:02.330097087,2026,2827.83688382468,2757.778348849932,2946.1734692022105,2905.523342684247,1.014529058687923,1.0866306524757188,1.0633740899985344,1.0432688491103803,3897.6920841498727,3256.862138460087,3453.321051808456,3450.532306505156
BLST_2026_0063,2026-01-21 02:30:59.417475728,2026,3135.5402389264127,2757.778348849932,2810.0295014610588,2841.0677346959733,1.1606719451055487,1.0866306524757188,1.0469738762569423,1.0625407848871207,3935.1914574205234,3256.862138460087,3329.7646017932893,3391.2362475223285
BLST_2026_0064,2026-01-21 10:17:56.504854369,2026,2255.5794825229686,2757.778348849932,2288.6584184803687,2265.0357383309133,1.321400702847707,1.0866306524757188,1.2781084881204419,1.313768638309469,2635.6903315369577,3256.862138460087,2725.814873145326,2797.4905626273794
BLST_2026_0065,2026-01-21 18:04:53.592233009,2026,2713.9199312987444,2757.778348849932,2541.3518383926576,2527.6070516402256,1.2818460505313207,1.0866306524757188,1.1966888917036924,1.1759315251760536,3291.0850775065733,3256.862138460087,3026.0688178928485,3032.153097186654
BLST_2026_0066,2026-01-22 01:51:50.679611650,2026,3465.5591500622463,2757.778348849932,3371.733249144242,3197.0529205267635,1.1727421093259107,1.0866306524757188,1.1574766771028318,1.1016478174589288,3898.2043878406826,3256.862138460087,3956.0713232870085,3763.9125600935
BLST_2026_0067,2026-01-22 09:38:47.766990291,2026,3147.7183878274213,2757.778348849932,3107.588912852034,3093.824468729079,1.052713269678048,1.0866306524757188,1.0397254728465413,1.0296107557325331,4234.750211323298,3256.862138460087,3666.6074686267266,3614.1983296724634
BLST_2026_0068,2026-01-22 17:25:44.854368932,2026,2797.7911138197496,2757.778348849932,2703.04843744292,2635.7047843268433,1.1147833654058072,1.0866306524757188,1.0894562921968032,1.0475565701341383,3317.6289788529903,3256.862138460087,3188.9457681613535,3105.1283085813866
BLST_2026_0069,2026-01-23 01:12:41.941747572,2026,3225.083225484248,2757.778348849932,3103.4471800131523,3090.05156142085,1.063163792976825,1.0866306524757188,1.0135757494072262,1.0263715421588546,3585.135943606013,3256.862138460087,3655.7297208549126,3711.7148754279806
BLST_2026_0070,2026-01-23 08:59:39.029126213,2026,2954.6343834738555,2757.778348849932,2992.1675387002606,2959.0160742502635,1.142028510210219,1.0866306524757188,1.1704058539018196,1.1432905911363558,3732.3106940548873,3256.862138460087,3539.696008906226,3567.8712298075857
BLST_2026_0071,2026-01-23 16:46:36.116504854,2026,3107.2678818462937,2757.778348849932,3153.980821650611,3224.654453511823,0.9435606468698337,1.0866306524757188,0.9223975430459893,0.9874317453803438,4002.962858888019,3256.862138460087,3713.8411627692503,3838.7303859854023
BLST_2026_0072,2026-01-24 00:33:33.203883495,2026,2370.497399949398,2757.778348849932,2509.0100294426834,2532.3919361270487,0.9871587220370004,1.0866306524757188,1.0618787010027682,1.0455713086808778,2664.530696062652,3256.862138460087,2955.197975404189,3027.4558458593087
BLST_2026_0073,2026-01-24 08:20:30.291262136,2026,3260.321118600253,2757.778348849932,3219.6913137241563,3092.4939099331473,1.1069760903227868,1.0866306524757188,1.1025279537844686,1.072501059185709,4070.1882075047615,3256.862138460087,3774.424294786457,3609.837710276861
BLST_2026_0074,2026-01-24 16:07:27.378640776,2026,2852.33851416417,2757.778348849932,2788.0674518526657,2699.603478583155,1.328517522215799,1.0866306524757188,1.278157032914203,1.2712680071571165,3180.956187378143,3256.862138460087,3283.0893874461826,3153.116923391763
BLST_2026_0075,2026-01-24 23:54:24.466019417,2026,3024.657315684935,2757.778348849932,2991.262769281512,2958.136807704189,1.1460078236147515,1.0866306524757188,1.146399585776857,1.1311307109029622,3540.419246178629,3256.862138460087,3526.0628443324413,3488.991706661677
BLST_2026_0076,2026-01-25 07:41:21.553398058,2026,2769.348962603516,2757.778348849932,2964.8876437425697,3044.1425803214356,1.0082950934226864,1.0866306524757188,1.0910187526111745,1.1003638734875427,3252.526069276196,3256.862138460087,3492.8272857437305,3548.9825692608333
BLST_2026_0077,2026-01-25 15:28:18.640776699,2026,2311.1265431053234,2757.778348849932,2427.0417243939373,2445.4798754180847,1.0032968334744636,1.0866306524757188,1.0695538399761717,1.0709174444864924,2853.6677364045963,3256.862138460087,2873.9997819515756,2828.696807323883
BLST_2026_0078,2026-01-25 23:15:15.728155339,2026,3179.3414867701804,2757.778348849932,3051.3797497750274,2974.7235055962274,1.1663706729113366,1.0866306524757188,1.1393589373356912,1.0953295301339514,3711.0237466461535,3256.862138460087,3581.32174426058,3522.3921286642976
BLST_2026_0079,2026-01-26 07:02:12.815533980,2026,2460.853218598118,2757.778348849932,2594.7656975625227,2627.1277132120426,1.0144929571422825,1.0866306524757188,1.083828869459183,1.084815883502902,2942.789758139088,3256.862138460087,3058.057541797765,3016.4344813188413
BLST_2026_0080,2026-01-26 14:49:09.902912621,2026,2588.19573993011,2757.778348849932,2654.359741644762,2682.519736068214,1.1175510990351525,1.0866306524757188,1.1516363077048437,1.164308520594828,3187.566871236923,3256.862138460087,3126.4938863122447,3112.00865646617
BLST_2026_0081,2026-01-26 22:36:06.990291262,2026,2553.221055128185,2757.778348849932,2762.4527025148163,2684.6645485603894,0.974278214620232,1.0866306524757188,1.062595665780311,1.0314686873902141,2944.949632325503,3256.862138460087,3247.7815856779957,3137.7907927419524
BLST_2026_0082,2026-01-27 06:23:04.077669903,2026,2779.5061383947427,2757.778348849932,2822.0382379897565,2762.0638934301137,0.9903703893810176,1.0866306524757188,1.004029335444775,0.9991512629162524,3203.763712161812,3256.862138460087,3323.669234883344,3290.900460113524
BLST_2026_0083,2026-01-27 14:10:01.165048543,2026,2849.4609713507207,2757.778348849932,2963.1225112984434,2933.5142114810105,0.9628919420641504,1.0866306524757188,0.9963053924416594,0.979855040367554,3318.9669907608964,3256.862138460087,3483.1898033789066,3464.639218865904
BLST_2026_0084,2026-01-27 21:56:58.252427184,2026,2935.2335887575705,2757.778348849932,3020.2553298960047,3075.7153771678345,1.0515094065710937,1.0866306524757188,1.0938332351619315,1.089458109771083,3578.347822423621,3256.862138460087,3560.323645635038,3532.508653196284
BLST_2026_0085,2026-01-28 05:43:55.339805825,2026,2848.942989359948,2757.778348849932,2715.39860415262,2696.7693121665816,1.2040431355538803,1.0866306524757188,1.158887182472552,1.146765562367685,3243.290210887852,3256.862138460087,3213.903122042674,3213.3742015246007
BLST_2026_0086,2026-01-28 13:30:52.427184466,2026,2947.5187209177684,2757.778348849932,2975.6376186405873,3034.7934636866316,1.0824621911636538,1.0866306524757188,1.1071964927159605,1.116318487326352,3835.911536227117,3256.862138460087,3510.829908067537,3484.823357011363
BLST_2026_0087,2026-01-28 21:17:49.514563107,2026,2764.56606789174,2757.778348849932,2760.9492873049658,2768.6230170154836,0.9886933984286764,1.0866306524757188,0.9863513719154702,0.9821431044848069,3275.5236057517777,3256.862138460087,3276.588812977161,3193.510707201798
BLST_2026_0088,2026-01-29 05:04:46.601941747,2026,2428.0052021133515,2757.778348849932,2231.078410258146,2303.9033295564227,1.10002635039563,1.0866306524757188,1.0323521032727019,1.0378654951177018,2723.033914312567,3256.862138460087,2662.1797978085556,2735.741853575316
BLST_2026_0089,2026-01-29 12:51:43.689320388,2026,3014.979767368925,2757.778348849932,3156.9756339679748,3191.916946509817,0.946857980946853,1.0866306524757188,0.9724784363145679,1.0142067200537925,3853.938509364757,3256.862138460087,3707.0140367890635,3831.403993993665
BLST_2026_0090,2026-01-29 20:38:40.776699029,2026,2553.943839149796,2757.778348849932,2713.0912903917833,2724.23591505675,1.0344691232632912,1.0866306524757188,1.114381232311695,1.0997446605606778,2934.646749466744,3256.862138460087,3189.2137810191844,3179.053780849455
BLST_2026_0091,2026-01-30 04:25:37.864077670,2026,2895.464125221799,2757.778348849932,2819.510635496369,2846.1895846983502,1.0971402849590774,1.0866306524757188,1.0809668982501246,1.0960526562854442,3512.0507833978204,3256.862138460087,3323.447936761756,3331.571404359756
BLST_2026_0092,2026-01-30 12:12:34.951456310,2026,2445.013358009505,2757.778348849932,2358.7605077499725,2372.3450553551797,1.1453543552747545,1.0866306524757188,1.1167639611411455,1.0919140722681606,2787.8838695300847,3256.862138460087,2787.4856508389194,2742.4823619541116
BLST_2026_0093,2026-01-30 19:59:32.038834951,2026,2676.5596137102425,2757.778348849932,2574.4760332333262,2528.8303040624314,1.1558563970133076,1.0866306524757188,1.1230078318586292,1.0979117753757524,3160.638307638742,3256.862138460087,3048.7088266552128,3022.9764189809503
BLST_2026_0094,2026-01-31 03:46:29.126213592,2026,3099.5394716440146,2757.778348849932,3166.252887215258,3255.5517170413677,0.992550604210219,1.0866306524757188,1.0011821048971112,1.0390098711919264,3403.164829154588,3256.862138460087,3727.1695241395983,3837.1871206459177
BLST_2026_0095,2026-01-31 11:33:26.213592233,2026,2735.1777132119773,2757.778348849932,2842.0491780543257,2809.409702120358,1.1222005821543912,1.0866306524757188,1.1743632475808834,1.1679156473532686,3009.042871639468,3256.862138460087,3358.8512553685855,3307.760783459363
BLST_2026_0096,2026-01-31 19:20:23.300970874,2026,2618.1420807816967,2757.778348849932,2687.8725467562726,2681.899194083776,0.9709705373083694,1.0866306524757188,0.9991220485074079,1.002296921957064,3159.099009202728,3256.862138460087,3188.370827088227,3181.1658363962233
BLST_2026_0097,2026-02-01 03:07:20.388349514,2026,2173.520049645609,2757.778348849932,2124.8597931504482,2150.754047303941,1.2891391539768942,1.0866306524757188,1.2214955683942352,1.2813362631404437,2488.606204983844,3256.862138460087,2531.5656492155526,2581.760423986347
BLST_2026_0098,2026-02-01 10:54:17.475728155,2026,2463.238664589575,2757.778348849932,2551.0404909961103,2557.240011663965,1.1701242146350366,1.0866306524757188,1.2080541975504053,1.2191566903348776,2770.245378877025,3256.862138460087,3017.6789141333825,3083.750436241231
BLST_2026_0099,2026-02-01 18:41:14.563106796,2026,2763.2254613494288,2757.778348849932,2411.0451242165987,2433.804977427396,1.0779239341975897,1.0866306524757188,0.9492032851677712,0.9505809766914137,3485.234416698461,3256.862138460087,2845.8552608434575,2900.756713398941
BLST_2026_0100,2026-02-02 02:28:11.650485437,2026,2525.531312650305,2757.778348849932,2415.5595168419645,2502.057597151774,1.1647453596633837,1.0866306524757188,1.1237175409255544,1.1510816602798155,2808.0858605463604,3256.862138460087,2857.2133006175695,3000.1410125532066
BLST_2026_0101,2026-02-02 10:15:08.737864077,2026,2362.2764087556457,2757.778348849932,2342.62269240762,2407.4126055258066,1.0613511830670552,1.0866306524757188,1.0679011875183777,1.0845754102147047,2632.932722022802,3256.862138460087,2778.719759572158,2772.557097853282
BLST_2026_0102,2026-02-02 18:02:05.825242718,2026,3313.160764570379,2757.778348849932,3015.101007596195,3016.65109706691,1.159404781786949,1.0866306524757188,1.0605681481006044,1.0557552305371811,3665.6043670713616,3256.862138460087,3543.7577592879684,3588.744198847872
BLST_2026_0103,2026-02-03 01:49:02.912621359,2026,2490.361912088637,2757.778348849932,2360.738229598033,2373.363112732022,1.0912033211076693,1.0866306524757188,1.0498491594392454,1.0391267548492522,2944.675869043958,3256.862138460087,2803.2881531464,2827.459561357441
BLST_2026_0104,2026-02-03 09:36:00.000000000,2026,2855.930861114201,2757.778348849932,2856.5405856948946,2880.841011127243,0.9714024883008666,1.0866306524757188,0.9602409123327178,0.9795495628031691,3498.729454118585,3256.862138460087,3356.417192481247,3469.0244103917003
BLST_2026_0105,2026-02-03 17:22:57.087378641,2026,2781.1251310367047,2757.778348849932,2677.9536368057666,2749.500466458954,1.157545712757096,1.0866306524757188,1.126954418786705,1.1503637060601792,3149.299338235009,3256.862138460087,3147.6765227318924,3191.8253865390398
BLST_2026_0106,2026-02-04 01:09:54.174757281,2026,1802.727710803199,2757.778348849932,1853.927565112057,1966.2453317502648,1.20230115082309,1.0866306524757188,1.1941060346892753,1.2644843470490992,2175.1091767218145,3256.862138460087,2213.836760080164,2419.0146235013885
BLST_2026_0107,2026-02-04 08:56:51.262135922,2026,3006.038051499428,2757.778348849932,3008.157373627049,2947.9902888899264,1.0302602202535642,1.0866306524757188,1.027289791510383,1.0167012206307569,3564.336492396424,3256.862138460087,3567.151694530384,3398.1973376418164
BLST_2026_0108,2026-02-04 16:43:48.349514563,2026,1612.9592910894844,2757.778348849932,1746.8282189745053,1884.5903461501348,1.0143302869091804,1.0866306524757188,1.1113011940571362,1.183462303680158,1761.8192230611112,3256.862138460087,2100.61950620842,2231.2368260488997
BLST_2026_0109,2026-02-05 00:30:45.436893204,2026,3156.254999942559,2757.778348849932,3297.286118975112,3330.0579557871965,0.9342877194858586,1.0866306524757188,0.9438316261456967,0.9911995733477982,3649.746197339575,3256.862138460087,3869.2438497087132,3955.3705291565243
BLST_2026_0110,2026-02-05 08:17:42.524271844,2026,3003.4584454323917,2757.778348849932,2878.1647467454277,2930.2169046523018,1.000525504083685,1.0866306524757188,0.9407138962263065,0.9547814312734757,3597.663887292488,3256.862138460087,3383.987906604429,3490.8627207840905
BLST_2026_0111,2026-02-05 16:04:39.611650485,2026,2670.9935840210646,2757.778348849932,2880.3457718744758,2920.4768337977443,1.029653657426265,1.0866306524757188,1.1260346360654616,1.1347599233968277,3176.2973954876943,3256.862138460087,3375.573728490657,3388.479870768801
BLST_2026_0112,2026-02-05 23:51:36.699029126,2026,2724.9850147872107,2757.778348849932,2822.3406631723365,2918.680668986764,0.963825501345136,1.0866306524757188,0.9935838876635152,1.0426839725291732,3336.299182779338,3256.862138460087,3337.5579116709,3371.6284701114646
BLST_2026_0113,2026-02-06 07:38:33.786407767,2026,2535.2623199254203,2757.778348849932,2529.572899326055,2518.5898765122843,1.1074420807735392,1.0866306524757188,1.1178228286149536,1.100371930750748,2963.473455100019,3256.862138460087,3012.728436990477,3032.6092592972172
BLST_2026_0114,2026-02-06 15:25:30.873786408,2026,3067.288495816654,2757.778348849932,3015.842350620152,3026.4407282301104,0.9923033493931348,1.0866306524757188,0.9536253187223462,0.9704055532304512,3953.835018602575,3256.862138460087,3584.4412040311463,3579.5966586987142
BLST_2026_0115,2026-02-06 23:12:27.961165048,2026,3037.016258459552,2757.778348849932,2891.3917405605007,2877.9282704219913,1.19906728573009,1.0866306524757188,1.1598466045227953,1.1297051349817495,3824.5242198822903,3256.862138460087,3418.4918390627317,3389.397140748714
BLST_2026_0116,2026-02-07 06:59:25.048543689,2026,2534.1629951082305,2757.778348849932,2616.678944335999,2632.2558404144143,1.1666378241835464,1.0866306524757188,1.2055316453964622,1.2057679692256806,2836.52498865424,3256.862138460087,3095.1852397008697,3160.550213756283
BLST_2026_0117,2026-02-07 14:46:22.135922330,2026,2335.0916257080894,2757.778348849932,2332.5358302958043,2315.6706605015966,1.1766493173632504,1.0866306524757188,1.1723931211420964,1.1659317495203436,2673.1937542316914,3256.862138460087,2765.8095014253727,2739.4344016022105
BLST_2026_0118,2026-02-07 22:33:19.223300971,2026,2750.2762350715902,2757.778348849932,2545.41847947588,2498.6150761511267,1.3544169784736582,1.0866306524757188,1.2413070659662313,1.2362004431845544,2919.0331106412477,3256.862138460087,3014.3779796191825,2978.239019127397
BLST_2026_0119,2026-02-08 06:20:16.310679611,2026,2659.3487634863145,2757.778348849932,2816.11604310579,2819.6450736011716,0.9880657124884256,1.0866306524757188,1.0563852980075528,1.0541973091779433,3218.906130908381,3256.862138460087,3319.893182252881,3290.655170358121
BLST_2026_0120,2026-02-08 14:07:13.398058252,2026,3345.066059118188,2757.778348849932,3382.7771894770503,3403.792449386013,0.9914816236059808,1.0866306524757188,0.978507260520634,1.026284480527789,4218.59012225397,3256.862138460087,3969.173195133354,3905.8463737834436
BLST_2026_0121,2026-02-08 21:54:10.485436893,2026,3225.7712920858235,2757.778348849932,3070.9574869837224,3016.5655069422614,1.0654102146615083,1.0866306524757188,1.007592072298507,0.9899665093513743,3676.775083078042,3256.862138460087,3598.13323718064,3588.713290197311
BLST_2026_0122,2026-02-09 05:41:07.572815534,2026,2608.6129085224634,2757.778348849932,2510.2277322142318,2502.6218039516425,1.1710463189331315,1.0866306524757188,1.136990347067542,1.1216679988243516,3287.40971654458,3256.862138460087,2960.4342504119377,2968.802126231187
BLST_2026_0123,2026-02-09 13:28:04.660194175,2026,2960.9973291212104,2757.778348849932,2819.9613475638707,2837.84740121616,1.1554624655712094,1.0866306524757188,1.1175022776439623,1.1147475231754307,3471.996543836815,3256.862138460087,3316.6181070151224,3374.8449718149172
BLST_2026_0124,2026-02-09 21:15:01.747572815,2026,2785.072961871763,2757.778348849932,2764.6161263121558,2807.1191097059514,1.0862308583726108,1.0866306524757188,1.0907271399882748,1.0708197191878932,3204.099946325552,3256.862138460087,3256.7677141305367,3341.0978677103667
BLST_2026_0125,2026-02-10 05:01:58.834951456,2026,2705.421622808211,2757.778348849932,2749.4537363020067,2689.209710745367,1.1746929214708304,1.0866306524757188,1.1995057844503858,1.1733892864426911,3025.126393463135,3256.862138460087,3251.625656834238,3153.575131431445
BLST_2026_0126,2026-02-10 12:48:55.922330097,2026,2649.8339017351504,2757.778348849932,2609.4172250193897,2599.976656856796,1.130154323768811,1.0866306524757188,1.1266456522433101,1.1128545037345778,3190.7971934841485,3256.862138460087,3091.717475524758,3056.755274228949
BLST_2026_0127,2026-02-10 20:35:53.009708738,2026,2934.637668674664,2757.778348849932,2956.2008624335035,2854.821369650632,1.3156475469193782,1.0866306524757188,1.3088088402777966,1.2851244109177897,3460.1579339926666,3256.862138460087,3477.509552628726,3274.112933313234
BLST_2026_0128,2026-02-11 04:22:50.097087378,2026,2958.290742073802,2757.778348849932,2927.6690359343256,2924.3628620321374,1.0304907987395957,1.0866306524757188,1.0217998612352053,1.01223267113942,3400.622072327385,3256.862138460087,3452.744202578978,3419.804261063737
BLST_2026_0129,2026-02-11 12:09:47.184466019,2026,2694.2357937859742,2757.778348849932,2687.6065683880665,2794.6350227319986,1.214419067036023,1.0866306524757188,1.2113196061258429,1.2382516542402682,3108.4133048662825,3256.862138460087,3183.123718445539,3213.819719336364
BLST_2026_0130,2026-02-11 19:56:44.271844660,2026,1917.722865145373,2757.778348849932,2247.404162060645,2215.529396833548,1.1265138622616455,1.0866306524757188,1.264883050684179,1.3214075149666014,2124.2826910088133,3256.862138460087,2684.687853419192,2658.17722022494
BLST_2026_0131,2026-02-12 03:43:41.359223301,2026,2849.218533002962,2757.778348849932,2759.537716995809,2770.733485204364,1.048085972362053,1.0866306524757188,1.0167376535395511,1.0253417969357561,3514.4718350389526,3256.862138460087,3253.622496550103,3242.2208506314782
BLST_2026_0132,2026-02-12 11:30:38.446601942,2026,2866.492383836002,2757.778348849932,2801.198870233972,2719.22096716015,1.1034847835677768,1.0866306524757188,1.090169184797027,1.0530143181494398,3495.54904175101,3256.862138460087,3304.9869669568025,3231.8525367502634
BLST_2026_0133,2026-02-12 19:17:35.533980582,2026,2728.269670710842,2757.778348849932,2710.9154879977505,2668.282401129624,1.0563814109346723,1.0866306524757188,1.0593138329787704,1.0443075938008801,3046.9971347210912,3256.862138460087,3197.1994236081177,3163.996962992585
BLST_2026_0134,2026-02-13 03:04:32.621359223,2026,2632.7485921095445,2757.778348849932,2431.6514499180485,2566.9903430564145,1.0936563887635815,1.0866306524757188,1.0224174006805844,1.048817714745185,3177.4451331988107,3256.862138460087,2888.022007268287,3032.2672499892687
BLST_2026_0135,2026-02-13 10:51:29.708737864,2026,2685.131913016952,2757.778348849932,2909.314079126497,2924.803287641546,1.0568616201063288,1.0866306524757188,1.1580281155573957,1.1600571601938159,2954.077149824604,3256.862138460087,3438.3370204618627,3491.2341052281085
BLST_2026_0136,2026-02-13 18:38:26.796116505,2026,2383.7271783582987,2757.778348849932,2384.110697968281,2422.612142508631,1.1124741272689738,1.0866306524757188,1.1240175487522552,1.11814054855669,2859.578300992809,3256.862138460087,2850.493105065293,2893.0462239968847
BLST_2026_0137,2026-02-14 02:25:23.883495145,2026,2575.4489279351496,2757.778348849932,2647.0477345519325,2671.7616424132502,1.046105535381805,1.0866306524757188,1.0906748711225034,1.0799674359812945,2935.8996702421573,3256.862138460087,3111.8369851777893,3114.361925836983
BLST_2026_0138,2026-02-14 10:12:20.970873786,2026,2756.3860811853124,2757.778348849932,2655.55126903138,2590.905343740949,1.163167775562044,1.0866306524757188,1.13441508796291,1.1138642846028044,3392.521807179139,3256.862138460087,3128.4138804128766,3094.874595532369
BLST_2026_0139,2026-02-14 17:59:18.058252427,2026,3552.663609202629,2757.778348849932,3525.019043065,3441.5749919093087,1.0574338990994878,1.0866306524757188,1.041948067918002,1.087539852064355,4357.716911502457,3256.862138460087,4143.445013475542,4066.039191602202
BLST_2026_0140,2026-02-15 01:46:15.145631068,2026,2830.438163212613,2757.778348849932,2828.1574131920565,2777.0774911811773,1.1569434717585891,1.0866306524757188,1.1739844967914221,1.1506084135601864,3607.0970216824894,3256.862138460087,3328.446473021917,3258.4343284535676
BLST_2026_0141,2026-02-15 09:33:12.233009709,2026,3286.3147073127816,2757.778348849932,3103.628565127873,3074.91092628176,1.040625816734322,1.0866306524757188,0.9623341159867347,0.988094286708012,3764.892821532297,3256.862138460087,3647.887892278035,3714.5639329122473
BLST_2026_0142,2026-02-15 17:20:09.320388349,2026,2077.090530566507,2757.778348849932,2331.070639046071,2354.350786626782,0.9884578360831532,1.0866306524757188,1.1232554804166224,1.1019604065054878,2309.7700074862323,3256.862138460087,2762.1246042318176,2870.5240903482836
BLST_2026_0143,2026-02-16 01:07:06.407766990,2026,2415.150997082126,2757.778348849932,2480.419315269998,2465.7437135314026,1.0185287974791366,1.0866306524757188,1.0621994036190223,1.0401812345218555,2799.0891116579364,3256.862138460087,2953.1054668217994,3055.4587002787175
BLST_2026_0144,2026-02-16 08:54:03.495145631,2026,3033.8659650541845,2757.778348849932,3034.9447592166434,2980.4678169873364,1.034564355351846,1.0866306524757188,1.0375663031656475,1.0168833817485499,3846.93892120564,3256.862138460087,3561.2342325451054,3510.358941941577
BLST_2026_0145,2026-02-16 16:41:00.582524272,2026,3342.059178484541,2757.778348849932,3241.2881193030307,3123.0988872094454,1.0869251193342804,1.0866306524757188,1.056688641206481,1.0319763519640888,4167.511441266191,3256.862138460087,3788.159873112726,3659.2797084937515
BLST_2026_0146,2026-02-17 00:27:57.669902912,2026,2916.033119678959,2757.778348849932,3090.2054944845954,3018.920625704323,0.9478588136773016,1.0866306524757188,0.993474319402051,1.002690921804217,3139.895409739737,3256.862138460087,3621.562338385993,3546.701416287475
BLST_2026_0147,2026-02-17 08:14:54.757281553,2026,2394.515698635523,2757.778348849932,2320.665618493112,2386.889785273653,1.2330114735326934,1.0866306524757188,1.1855706542647504,1.1864973196318354,2913.550140979019,3256.862138460087,2770.9152783698155,2857.7245484329205
BLST_2026_0148,2026-02-17 16:01:51.844660194,2026,3262.7735843369,2757.778348849932,3398.5141813207956,3315.116016087924,1.1088762318955308,1.0866306524757188,1.1740403737013265,1.131161238225382,3946.717691519904,3256.862138460087,4005.4124334502703,4003.577357339989
BLST_2026_0149,2026-02-17 23:48:48.932038835,2026,2762.0255935104005,2757.778348849932,2808.1537617732083,2739.526267611525,1.1476551424728638,1.0866306524757188,1.176230457665063,1.1476173017305913,3487.4741289233084,3256.862138460087,3313.009853209795,3272.179053762077
BLST_2026_0150,2026-02-18 07:35:46.019417476,2026,2921.6244074281267,2757.778348849932,3037.3212588296055,3031.0867579008154,1.05153090590315,1.0866306524757188,1.1040877769399826,1.1210987779518788,3157.823684888006,3256.862138460087,3563.47234242733,3582.05999905983
BLST_2026_0151,2026-02-18 15:22:43.106796116,2026,2505.098090242005,2757.778348849932,2579.2788409632035,2557.039698762752,0.9931664266945294,1.0866306524757188,1.037924104614372,1.0150818566906596,2993.546993959236,3256.862138460087,3052.6663995465105,3094.8515463132885
BLST_2026_0152,2026-02-18 23:09:40.194174757,2026,2232.6536462110707,2757.778348849932,2367.6233972135524,2339.3671858127877,1.0998689831319608,1.0866306524757188,1.1670633736070815,1.1399236049746886,2757.5789707963986,3256.862138460087,2818.9799726757956,2765.7768811611727
BLST_2026_0153,2026-02-19 06:56:37.281553398,2026,2652.0854701999256,2757.778348849932,2565.1286663895617,2612.5736616150834,1.0612934232614648,1.0866306524757188,1.0375810326500392,1.0414143033950345,2992.6063081474254,3256.862138460087,3037.7202481912186,3055.762369389654
BLST_2026_0154,2026-02-19 14:43:34.368932039,2026,2616.521560252421,2757.778348849932,2699.206958271425,2697.521313278763,1.015370733528718,1.0866306524757188,1.0598052171651846,1.0442610268641763,3134.745703679996,3256.862138460087,3186.2880053294443,3177.1909613941516
BLST_2026_0155,2026-02-19 22:30:31.456310679,2026,2629.083196611942,2757.778348849932,2616.872060024962,2629.254675836237,1.0397891730082436,1.0866306524757188,1.0451330876793592,1.0414000193479203,2870.921530985393,3256.862138460087,3098.2694908781823,3085.4519070977644
BLST_2026_0156,2026-02-20 06:17:28.543689320,2026,2970.546853805291,2757.778348849932,2929.763641394925,2855.8178351978954,1.0731510824342407,1.0866306524757188,1.0637720961733979,1.0445257693691,3398.27663442256,3256.862138460087,3450.743666322582,3350.867643954761
BLST_2026_0157,2026-02-20 14:04:25.631067961,2026,2595.980524471389,2757.778348849932,2545.1914327537843,2554.5423284834856,1.0965030597055296,1.0866306524757188,1.0891845287440611,1.0662765020819494,3103.12929832483,3256.862138460087,3004.6464230285346,3062.3172514473667
BLST_2026_0158,2026-02-20 21:51:22.718446602,2026,2798.4824035743973,2757.778348849932,2636.013414881734,2638.870063961346,1.130078969714514,1.0866306524757188,1.0778661314079527,1.0499437072054327,2938.406523753117,3256.862138460087,3107.477117881831,3136.0220331929863
BLST_2026_0159,2026-02-21 05:38:19.805825243,2026,3035.393189402504,2757.778348849932,2966.681051946201,3019.8253747490985,0.9827576456366852,1.0866306524757188,0.935186484073018,0.9811931908557202,3533.497641327908,3256.862138460087,3505.725929833771,3508.9140503473095
BLST_2026_0160,2026-02-21 13:25:16.893203883,2026,2848.520762093945,2757.778348849932,2791.486975882076,2799.1584482264484,1.037961028650146,1.0866306524757188,1.0197778303378178,1.0288567596049858,3225.46203197776,3256.862138460087,3284.0855970398343,3294.5209586119295
BLST_2026_0161,2026-02-21 21:12:13.980582524,2026,2897.2218023446544,2757.778348849932,2872.2950732210606,2847.8525412754116,1.2180525969036606,1.0866306524757188,1.214349541287632,1.2019376950217997,3578.2563782134757,3256.862138460087,3369.5313271352875,3332.9801377807826
BLST_2026_0162,2026-02-22 04:59:11.067961165,2026,2879.4703797710004,2757.778348849932,2934.532626766342,2985.9198957286667,1.0374511121635612,1.0866306524757188,1.0655010751357796,1.0728830500423572,3477.969504986084,3256.862138460087,3463.0340330130794,3442.384799441982
BLST_2026_0163,2026-02-22 12:46:08.155339806,2026,2837.94293811844,2757.778348849932,2685.1970646137843,2636.480490278147,1.2245400372907886,1.0866306524757188,1.164788422923778,1.1530509721253939,3713.7246120027007,3256.862138460087,3170.100197632477,3124.207671206926
BLST_2026_0164,2026-02-22 20:33:05.242718447,2026,2708.6065586973077,2757.778348849932,2781.330614559808,2833.703297306928,1.0640514869796045,1.0866306524757188,1.1029411338266113,1.1166995139554463,3514.113219766817,3256.862138460087,3288.731823367186,3324.400677441394
BLST_2026_0165,2026-02-23 04:20:02.330097087,2026,2986.44907715107,2757.778348849932,3015.6343981732575,3067.4356430444514,0.9496043598002456,1.0866306524757188,0.9328367000280052,0.9872841327085842,3649.520771797048,3256.862138460087,3561.9720660987,3694.855516112321
BLST_2026_0166,2026-02-23 12:06:59.417475728,2026,3303.0958865739176,2757.778348849932,3029.075364726342,2993.047825844774,1.175362406356903,1.0866306524757188,1.0872961156344947,1.0578150536970365,4000.6522471776298,3256.862138460087,3571.121968743141,3419.962879134565
BLST_2026_0167,2026-02-23 19:53:56.504854369,2026,2423.8061532460674,2757.778348849932,2593.3897703068806,2613.6772015447077,0.8841421954448906,1.0866306524757188,0.9419657274071955,0.942462002096165,3086.860293279369,3256.862138460087,3088.600330678962,3139.3567435598034
BLST_2026_0168,2026-02-24 03:40:53.592233010,2026,1735.3555502178951,2757.778348849932,1892.7926403823437,1956.7789651266894,1.3214196897839043,1.0866306524757188,1.2946474355347648,1.373289266929863,2042.8931834157472,3256.862138460087,2250.9599488756267,2390.28828780465
BLST_2026_0169,2026-02-24 11:27:50.679611651,2026,2762.669687653616,2757.778348849932,2543.760590166157,2552.368490134838,1.2311254896901835,1.0866306524757188,1.1448050382254007,1.1371732308956404,3107.7656154205733,3256.862138460087,3017.4695782283043,2991.4665061254805
BLST_2026_0170,2026-02-24 19:14:47.766990291,2026,2910.503001741665,2757.778348849932,2637.456178496485,2603.993261204949,1.0275401977745182,1.0866306524757188,0.9165557907744324,0.9300076834777566,3418.45146307361,3256.862138460087,3118.204621237752,3076.158019684766
BLST_2026_0171,2026-02-25 03:01:44.854368932,2026,2973.8868462296496,2757.778348849932,2818.513958886118,2881.6895632570477,1.1361270352670898,1.0866306524757188,1.0851548651189051,1.0930048212462022,3411.3838363775203,3256.862138460087,3329.9014238209006,3427.4985223298067
BLST_2026_0172,2026-02-25 10:48:41.941747573,2026,2762.3642929498137,2757.778348849932,2694.241034603575,2571.013600873595,1.3067369857222255,1.0866306524757188,1.264324624063792,1.250393824061613,3210.9966660650284,3256.862138460087,3174.3768225729436,3015.282384752874
BLST_2026_0173,2026-02-25 18:35:39.029126214,2026,2439.9196902708145,2757.778348849932,2571.369725692585,2647.857777359501,0.9493084853445344,1.0866306524757188,1.006513192620033,1.023995953986957,2823.152089822712,3256.862138460087,3033.5705703124804,3126.2227594473657
BLST_2026_0174,2026-02-26 02:22:36.116504854,2026,2538.7663237730726,2757.778348849932,2554.762478736049,2676.1284148798695,1.0324191246236505,1.0866306524757188,1.052416153497855,1.0576620563782388,2976.783400353121,3256.862138460087,3018.965304184031,3091.2498178337496
BLST_2026_0175,2026-02-26 10:09:33.203883495,2026,3343.054761902824,2757.778348849932,3234.9732473005447,3201.9471926067217,1.0991680763163407,1.0866306524757188,1.067467199432782,1.0379090343972137,4020.925853941964,3256.862138460087,3817.7189204345063,3767.6456147075105
BLST_2026_0176,2026-02-26 17:56:30.291262136,2026,2656.639153020458,2757.778348849932,2784.6458501589473,2822.0619716562096,1.007767190887589,1.0866306524757188,1.0661272331958047,1.0634978529319374,3135.4401317910038,3256.862138460087,3299.0680964815365,3343.034812364688
BLST_2026_0177,2026-02-27 01:43:27.378640777,2026,3395.565883404696,2757.778348849932,3066.293027396087,3053.463071020868,1.15548407180443,1.0866306524757188,1.043723832779312,1.0365210506210332,3700.379704633072,3256.862138460087,3622.6327814174347,3598.969383013132
BLST_2026_0178,2026-02-27 09:30:24.466019418,2026,3025.5801451442826,2757.778348849932,2947.7220021338994,2913.393395655335,1.156624388954388,1.0866306524757188,1.1401810007661768,1.1448152865662717,3394.7198407228143,3256.862138460087,3471.6590413961694,3390.50023848401
BLST_2026_0179,2026-02-27 17:17:21.553398058,2026,1972.028789066116,2757.778348849932,2273.640819901857,2317.085169610962,0.8550265558980643,1.0866306524757188,1.0068027678326665,1.0124358935813211,2384.787579789961,3256.862138460087,2705.12784667933,2772.6673491800216
BLST_2026_0180,2026-02-28 01:04:18.640776699,2026,2506.6932054538424,2757.778348849932,2474.1587492983354,2494.3356366445432,1.21903861959314,1.0866306524757188,1.19757355754,1.2104118886035575,3002.566004059153,3256.862138460087,2919.2111566112485,3014.433003425314
BLST_2026_0181,2026-02-28 08:51:15.728155340,2026,2664.2184812445757,2757.778348849932,2684.717895121929,2721.729732212664,1.013892205027254,1.0866306524757188,1.030937328811391,1.0364562297590165,3258.595106431954,3256.862138460087,3171.414812443541,3181.827148362533
BLST_2026_0182,2026-02-28 16:38:12.815533981,2026,2813.7890520063715,2757.778348849932,2968.019939649929,2875.721308832757,0.9656926050869924,1.0866306524757188,1.0150040664487003,0.9712929948627722,3200.7754841284186,3256.862138460087,3501.014390736545,3247.374910003841
BLST_2026_0183,2026-03-01 00:25:09.902912621,2026,3296.56267655616,2757.778348849932,3298.6552209215947,3329.6649263128206,1.058096779315443,1.0866306524757188,1.0572168910663367,1.0992146706853891,3763.900153572613,3256.862138460087,3869.3181558055626,3959.6079870016633
BLST_2026_0184,2026-03-01 08:12:06.990291262,2026,2815.132652985032,2757.778348849932,2761.272263738775,2786.380335179486,1.195495284672431,1.0866306524757188,1.181597761995584,1.1782630808382353,2955.889285634283,3256.862138460087,3241.3588052740106,3189.688465251475
BLST_2026_0185,2026-03-01 15:59:04.077669903,2026,2905.786891051095,2757.778348849932,2995.92402198289,3040.687279659477,0.8978288446325879,1.0866306524757188,0.8836693483450727,0.9162254174147474,3433.3802334321244,3256.862138460087,3507.2951526100387,3535.44728513521
BLST_2026_0186,2026-03-01 23:46:01.165048544,2026,2866.3162847928493,2757.778348849932,2879.997621653466,2957.5347178862094,0.9681468306698298,1.0866306524757188,0.960370430554234,0.9858501565975676,3244.5624514216097,3256.862138460087,3387.1686159531937,3411.15041901536
BLST_2026_0187,2026-03-02 07:32:58.252427185,2026,3514.25407974595,2757.778348849932,3291.068282341548,3232.212462277459,1.1501646808010249,1.0866306524757188,1.0835589100971863,1.0673249598530978,4495.247608970206,3256.862138460087,3893.480743659821,3775.563965626315
BLST_2026_0188,2026-03-02 15:19:55.339805825,2026,2459.0182125696965,2757.778348849932,2391.8253108843905,2365.6326895019865,1.1367998192334374,1.0866306524757188,1.1176797324958738,1.0863863013893413,2896.1648637798344,3256.862138460087,2828.977697199829,2789.4726214730917
BLST_2026_0189,2026-03-02 23:06:52.427184466,2026,2909.5413412988746,2757.778348849932,2746.6925101661154,2771.2253856475754,1.06268879567242,1.0866306524757188,1.0065157867799708,1.0235908938397211,3791.3818914283206,3256.862138460087,3235.892826701231,3320.040072590305
BLST_2026_0190,2026-03-03 06:53:49.514563107,2026,3007.774598586075,2757.778348849932,2969.6560482762866,2996.366709122019,0.9798918628909858,1.0866306524757188,0.9502580937920334,0.9770010450128921,3369.102365829475,3256.862138460087,3495.5405696654084,3562.4796203060932
BLST_2026_0191,2026-03-03 14:40:46.601941748,2026,2875.3307187920027,2757.778348849932,2667.3943007644716,2637.215372719839,1.258514574326241,1.0866306524757188,1.1764326617022238,1.1615412829017664,3374.3816113403577,3256.862138460087,3157.539537133052,3090.551497320882
BLST_2026_0192,2026-03-03 22:27:43.689320388,2026,3053.308841904111,2757.778348849932,2845.200640560861,2883.3420069004605,1.102743641159749,1.0866306524757188,1.0324314409537134,1.0520277665451654,3494.7723863771503,3256.862138460087,3351.4982196960823,3417.808007003084
BLST_2026_0193,2026-03-04 06:14:40.776699029,2026,2576.205659967244,2757.778348849932,2611.987947868094,2629.0365811088,1.0741783736402548,1.0866306524757188,1.1066509291835878,1.0921461754557675,3325.723322610292,3256.862138460087,3082.000324329593,3120.680565183659
BLST_2026_0194,2026-03-04 14:01:37.864077670,2026,2800.1667454169874,2757.778348849932,2726.2979026087023,2727.6671486989662,1.1443298678318494,1.0866306524757188,1.1265953340010133,1.1265605539880406,3428.0351670032624,3256.862138460087,3205.4847497053142,3156.1075741565614
BLST_2026_0195,2026-03-04 21:48:34.951456311,2026,2503.1574857206765,2757.778348849932,2624.9777015862105,2603.000972696039,1.0352055274879597,1.0866306524757188,1.0988698568294755,1.0829641966981078,2749.190885940928,3256.862138460087,3096.0102470534976,3033.2052632366435
BLST_2026_0196,2026-03-05 05:35:32.038834952,2026,2999.428019024254,2757.778348849932,2768.4576191360943,2640.4470688959123,1.429682761343997,1.0866306524757188,1.2901948472898308,1.3181245622182325,3874.989900844647,3256.862138460087,3281.9049006065025,3235.376368921626
BLST_2026_0197,2026-03-05 13:22:29.126213592,2026,2449.0900759565834,2757.778348849932,2582.12616562224,2511.705004140573,1.0451707150056428,1.0866306524757188,1.1170507096601108,1.097788830159642,2955.672956238682,3256.862138460087,3026.235039416393,2986.745333405201
BLST_2026_0198,2026-03-05 21:09:26.213592233,2026,2885.345425509548,2757.778348849932,2813.6361146360673,2812.2200379982423,1.0759111098562757,1.0866306524757188,1.060427155608106,1.057587532888218,3363.992031560451,3256.862138460087,3306.0570082001686,3312.173571933133
BLST_2026_0199,2026-03-06 04:56:23.300970874,2026,2731.1763711178173,2757.778348849932,2622.8389259887604,2588.069364140208,1.1637076358093792,1.0866306524757188,1.1281735314408752,1.103820170868929,2894.8825256558835,3256.862138460087,3103.1880994416633,3111.1835679687215
BLST_2026_0200,2026-03-06 12:43:20.388349515,2026,2630.620853299565,2757.778348849932,2630.050327124252,2598.080762227574,1.0426991358985738,1.0866306524757188,1.0536244259047485,1.036117113358037,3031.9794608188763,3256.862138460087,3112.9519095492788,3091.982694892046
BLST_2026_0201,2026-03-06 20:30:17.475728155,2026,2765.0706370349108,2757.778348849932,2785.8150051496723,2800.981962328988,0.9930600974779208,1.0866306524757188,1.0028536951870899,1.0022319202990992,3441.4993412963977,3256.862138460087,3281.666060766303,3279.31318078192
BLST_2026_0202,2026-03-07 04:17:14.563106796,2026,2840.835483416891,2757.778348849932,2845.4688113667426,2859.6348374070953,1.0397701857281871,1.0866306524757188,1.0479586234803555,1.0586987859381638,3338.9040573264747,3256.862138460087,3366.3505457309307,3423.7122363083236
BLST_2026_0203,2026-03-07 12:04:11.650485437,2026,3476.273761052916,2757.778348849932,3408.724425209474,3409.1107080034185,1.0604960791961755,1.0866306524757188,1.03492265049391,1.0488953883385632,4309.8600864092905,3256.862138460087,4016.441450251507,4037.290172578541
BLST_2026_0204,2026-03-07 19:51:08.737864078,2026,2061.1849981666883,2757.778348849932,2045.4186508825896,2104.0281657975725,1.1410381910061187,1.0866306524757188,1.1380492531631008,1.1632556277629087,2491.5540620670927,3256.862138460087,2439.04202309874,2592.8331092739127
BLST_2026_0205,2026-03-08 03:38:05.825242719,2026,3013.80715059278,2757.778348849932,2933.7647076576177,2837.034915348385,1.056254032518546,1.0866306524757188,1.0283195392745033,1.0010350198483051,3754.080977958099,3256.862138460087,3446.2470028099583,3369.916794127545
BLST_2026_0206,2026-03-08 11:25:02.912621359,2026,2489.553473789957,2757.778348849932,2343.135129596715,2319.7083489019155,1.204446414093875,1.0866306524757188,1.1420945617457292,1.1424316838528599,2694.254091708084,3256.862138460087,2759.3551920694017,2699.618262459404
BLST_2026_0207,2026-03-08 19:12:00.000000000,2026,2060.217602311574,2757.778348849932,2275.2007489759035,2273.513045987355,1.1117616568536883,1.0866306524757188,1.2040971316274276,1.1931212251195396,2272.692126686217,3256.862138460087,2694.97234397577,2683.873080462772
BLST_2026_0208,2026-03-09 02:58:57.087378641,2026,2995.2731428314014,2757.778348849932,2911.8131863194053,2934.183602385683,1.005323069109165,1.0866306524757188,0.9647745603937932,0.9765106892918571,3451.01370940471,3256.862138460087,3443.4557793181807,3419.677014055824
BLST_2026_0209,2026-03-09 10:45:54.174757282,2026,2556.911952010485,2757.778348849932,2613.005921244515,2655.779482261627,1.0427082614862253,1.0866306524757188,1.078692773932458,1.074274471525184,3036.1791665360165,3256.862138460087,3084.7918059374424,3078.720799375761
BLST_2026_0210,2026-03-09 18:32:51.262135922,2026,2809.468731111332,2757.778348849932,2858.4698449227044,2820.269662017726,1.1214664461993684,1.0866306524757188,1.1503531228406099,1.1646262548393693,3499.7573994466293,3256.862138460087,3370.75254007115,3339.315334084141
BLST_2026_0211,2026-03-10 02:19:48.349514563,2026,2470.4965871798368,2757.778348849932,2146.3675175307017,2213.6676585934206,1.2478316231770483,1.0866306524757188,1.0983931923748467,1.1330813808676714,3056.062702523635,3256.862138460087,2558.2780927737554,2610.3599365816385
BLST_2026_0212,2026-03-10 10:06:45.436893204,2026,3397.9774259311635,2757.778348849932,3245.3191866948946,3261.081917882335,1.0898670956556604,1.0866306524757188,1.0373179137614121,1.0415301896933364,3912.1719743131625,3256.862138460087,3805.239116946741,3882.8160222097454
BLST_2026_0213,2026-03-10 17:53:42.524271845,2026,2689.7905673288865,2757.778348849932,2799.9396898680175,2764.3460466933807,1.0902265453775446,1.0866306524757188,1.1457063920746826,1.1323612646080432,2934.402686848653,3256.862138460087,3306.255820324715,3281.859755449218
BLST_2026_0214,2026-03-11 01:40:39.611650486,2026,2598.729863299257,2757.778348849932,2676.115984529566,2679.693189059567,0.9563042406326115,1.0866306524757188,0.986031439121627,0.9717429036330373,3290.8500077998974,3256.862138460087,3151.7254392824016,3209.2145075249473
BLST_2026_0215,2026-03-11 09:27:36.699029126,2026,2543.469341286778,2757.778348849932,2402.1593254498857,2432.6988145288137,1.0308940283476669,1.0866306524757188,0.9845744354602389,0.9694747473182608,2839.246417322764,3256.862138460087,2838.312671240209,2924.629904673311
BLST_2026_0216,2026-03-11 17:14:33.786407767,2026,2735.424105047953,2757.778348849932,2894.507712027223,2947.672833587064,0.9392783211498767,1.0866306524757188,0.9871476922371664,1.0036254048230178,3241.801650993616,3256.862138460087,3413.176867568909,3474.5823848615933
BLST_2026_0217,2026-03-12 01:01:30.873786408,2026,2974.736992917421,2757.778348849932,3012.0741220867685,3023.830489083578,1.000874512561007,1.0866306524757188,1.0074232094097584,1.0144390903874074,3526.611858566013,3256.862138460087,3561.833457492104,3571.426698086934
BLST_2026_0218,2026-03-12 08:48:27.961165049,2026,1987.7665963492989,2757.778348849932,2130.3362836199067,2215.7638114989613,1.0077047965322368,1.0866306524757188,1.095302411086845,1.1154220479692551,2345.7463437679808,3256.862138460087,2536.1576684030356,2644.27384827297
BLST_2026_0219,2026-03-12 16:35:25.048543689,2026,2740.2796890211525,2757.778348849932,2746.234201280904,2714.5841793725253,1.0476682216696438,1.0866306524757188,1.0587836300315205,1.044805347267144,3436.453653604844,3256.862138460087,3250.9535711617,3175.684697329117
BLST_2026_0220,2026-03-13 00:22:22.135922330,2026,3002.308919934583,2757.778348849932,2716.28363579336,2718.6203501516143,1.2127124903981643,1.0866306524757188,1.1059152170765503,1.097472943296839,3275.047126665288,3256.862138460087,3224.563832246724,3238.221032616268
BLST_2026_0221,2026-03-13 08:09:19.223300971,2026,2414.750705143406,2757.778348849932,2328.5193481281253,2307.354658521037,1.139035934788145,1.0866306524757188,1.1110007708466858,1.0741246429834395,2914.874758181902,3256.862138460087,2757.5561465240153,2688.5620414361683
BLST_2026_0222,2026-03-13 15:56:16.310679612,2026,2606.7109246307214,2757.778348849932,2656.800911561439,2682.6796464959093,1.0466558616945532,1.0866306524757188,1.0781420178221897,1.0791184461560304,2970.1980446985667,3256.862138460087,3124.0477331097977,3106.7479041098964
BLST_2026_0223,2026-03-13 23:43:13.398058253,2026,2291.4569287128293,2757.778348849932,2359.4414303090944,2432.8286577665663,0.9117287087273532,1.0866306524757188,0.9463883588381794,0.9615532983099853,2596.21355889246,3256.862138460087,2819.8035831392112,2866.0354227452003
BLST_2026_0224,2026-03-14 07:30:10.485436893,2026,3630.3807878322327,2757.778348849932,3374.9963501590028,3346.381286243723,1.083443530709863,1.0866306524757188,0.9841270011192831,1.0195309063039537,4167.272376926945,3256.862138460087,3957.8709143689553,3947.0437763778
BLST_2026_0225,2026-03-14 15:17:07.572815534,2026,3008.457847073306,2757.778348849932,2994.438578243333,2987.518486623238,1.04152159939346,1.0866306524757188,1.0377365058689731,1.0353968649404393,3725.144903898381,3256.862138460087,3528.2414661906164,3525.928926770039
BLST_2026_0226,2026-03-14 23:04:04.660194175,2026,2670.420496844378,2757.778348849932,2649.45657115899,2613.806462103389,1.2214425261162285,1.0866306524757188,1.2112445018563787,1.1976340724179952,3122.0748219299703,3256.862138460087,3129.1780008011933,3042.1925534982993
BLST_2026_0227,2026-03-15 06:51:01.747572816,2026,3426.0001962097767,2757.778348849932,3460.382979309707,3464.35741842585,0.9801309322440256,1.0866306524757188,0.9542352517848727,1.0119473086971682,3696.881441965238,3256.862138460087,4077.5903423627096,3988.1710617091135
BLST_2026_0228,2026-03-15 14:37:58.834951456,2026,2432.2056859870004,2757.778348849932,2404.7859737685712,2365.769158130268,1.209404311936687,1.0866306524757188,1.191370488506995,1.1759631511080215,2832.2756774640857,3256.862138460087,2852.5858983118897,2783.339931140908
BLST_2026_0229,2026-03-15 22:24:55.922330097,2026,3371.675240511646,2757.778348849932,3170.549623442969,3176.1102822558873,1.1808144471811444,1.0866306524757188,1.1228631751842204,1.1224305536536494,3881.136227719278,3256.862138460087,3741.4291639685734,3696.497018086122
BLST_2026_0230,2026-03-16 06:11:53.009708738,2026,2448.310015124255,2757.778348849932,2299.649035170132,2326.1017554249133,1.232244681785156,1.0866306524757188,1.1599101520519506,1.1768240768121057,2896.910145667397,3256.862138460087,2718.50678424044,2740.7460863716155
BLST_2026_0231,2026-03-16 13:58:50.097087379,2026,2943.0202987141897,2757.778348849932,3001.5480413836513,3040.6577424771813,0.9526387041457994,1.0866306524757188,0.9509114315037542,0.9751867808646936,3350.7560468108645,3256.862138460087,3549.1517570313636,3568.8504771210733
BLST_2026_0232,2026-03-16 21:45:47.184466020,2026,2736.820448043317,2757.778348849932,2660.2699527251793,2676.4376071057227,1.1965824580448527,1.0866306524757188,1.1706401525343506,1.1725539372797333,3195.329827201861,3256.862138460087,3150.667708798125,3239.2508566097517
BLST_2026_0233,2026-03-17 05:32:44.271844660,2026,2936.271418573645,2757.778348849932,3035.6777041217897,3084.0726987334647,0.93153181244887,1.0866306524757188,0.936876170772482,0.964509347775444,3179.0668870088666,3256.862138460087,3583.6844317258538,3534.331848730679
BLST_2026_0234,2026-03-17 13:19:41.359223301,2026,2437.4633668590777,2757.778348849932,2490.7291376638977,2480.1084164427375,1.1812435491143911,1.0866306524757188,1.198209252984968,1.186414126780543,2842.8001055134305,3256.862138460087,2954.332413747617,2925.3558659672217
BLST_2026_0235,2026-03-17 21:06:38.446601942,2026,2988.781852809189,2757.778348849932,3089.6184061957006,3145.4677159295097,0.9180354045052792,1.0866306524757188,0.9124824737648795,0.9615245829667454,3488.719341692125,3256.862138460087,3643.343818036076,3612.179752030275
BLST_2026_0236,2026-03-18 04:53:35.533980583,2026,2274.520570576481,2757.778348849932,2230.0424074489883,2273.67529269529,1.2626340096270794,1.0866306524757188,1.2125975744042286,1.2450311878837343,2594.8141255872547,3256.862138460087,2643.96325539256,2677.107701098075
BLST_2026_0237,2026-03-18 12:40:32.621359223,2026,2972.088579635744,2757.778348849932,3017.1532146694003,2992.310141833858,1.0012467478835725,1.0866306524757188,1.0130909031213882,1.005959349330017,3583.372808549888,3256.862138460087,3573.0176929474446,3524.163470340596
BLST_2026_0238,2026-03-18 20:27:29.708737864,2026,2283.571657771743,2757.778348849932,2368.733806099508,2400.8284054269934,0.9637674567718606,1.0866306524757188,1.0141726257071708,1.0067586867130993,3059.279432021985,3256.862138460087,2817.1474397467214,2861.2761269829707
BLST_2026_0239,2026-03-19 04:14:26.796116505,2026,3399.151092287712,2757.778348849932,3198.97365243657,3165.0866163040373,1.1312662098433248,1.0866306524757188,1.070458030109377,1.050881545121131,4014.39893323346,3256.862138460087,3778.4991248151455,3741.7766490360727
BLST_2026_0240,2026-03-19 12:01:23.883495146,2026,3041.3217722247323,2757.778348849932,2805.7389169406592,2768.2414492312896,1.260673264958396,1.0866306524757188,1.1727584583253794,1.1525516714113624,3653.9463556571145,3256.862138460087,3318.757792040998,3218.1894001124465
BLST_2026_0241,2026-03-19 19:48:20.970873787,2026,2854.339660731999,2757.778348849932,2853.3440349104358,2855.395939233852,1.0497818245746109,1.0866306524757188,1.0556342968873094,1.0450324810382654,3541.631663729686,3256.862138460087,3379.6333043432123,3380.381664202319
BLST_2026_0242,2026-03-20 03:35:18.058252427,2026,3026.358911339352,2757.778348849932,2738.550696248089,2651.41645424783,1.2747914082635006,1.0866306524757188,1.1641077682069998,1.1092436443293152,3397.606085481701,3256.862138460087,3232.175830505203,3144.099026162443
BLST_2026_0243,2026-03-20 11:22:15.145631068,2026,2725.791170367352,2757.778348849932,2833.7581804492934,2751.815000174917,1.1297216746679248,1.0866306524757188,1.1841541032373697,1.1416871518769747,3107.04868073522,3256.862138460087,3356.495182934176,3232.606696667308
BLST_2026_0244,2026-03-20 19:09:12.233009709,2026,2724.032682062182,2757.778348849932,2811.2548684628205,2797.1043366519766,0.963260306308331,1.0866306524757188,0.9951511509800302,0.9987964651254632,3508.864703069117,3256.862138460087,3323.927019145106,3342.23376728303
BLST_2026_0245,2026-03-21 02:56:09.320388350,2026,3350.9306506080115,2757.778348849932,3197.265882283715,3253.1515397982785,1.0587740430642318,1.0866306524757188,0.9984076112218592,1.0127093705894994,3981.400816520714,3256.862138460087,3777.1477838474557,3868.818082059989
BLST_2026_0246,2026-03-21 10:43:06.407766990,2026,3158.134294125353,2757.778348849932,3143.9941097903043,3123.270818213862,1.0312925868557965,1.0866306524757188,1.017273665502107,1.0318329291307702,3652.450727105837,3256.862138460087,3706.944379722796,3776.5035271002284
BLST_2026_0247,2026-03-21 18:30:03.495145631,2026,3010.50416301331,2757.778348849932,3086.5897053714725,3037.291356963344,0.990262074689927,1.0866306524757188,1.0089031046524972,1.0102340239943721,3862.6898219972513,3256.862138460087,3636.179793338545,3591.1532194572037
BLST_2026_0248,2026-03-22 02:17:00.582524272,2026,2356.827088280651,2757.778348849932,2459.2830818003604,2604.913317272521,0.931623095099928,1.0866306524757188,0.9812287437073204,1.027145438950439,2802.2134801852776,3256.862138460087,2919.8418103263753,3016.1236157690873
BLST_2026_0249,2026-03-22 10:03:57.669902913,2026,2982.5366837671645,2757.778348849932,2702.0404189364344,2688.741752368376,1.196162117997642,1.0866306524757188,1.097714424003161,1.0722939292488096,3512.0645451522805,3256.862138460087,3175.4860855527895,3123.86090536838
BLST_2026_0250,2026-03-22 17:50:54.757281554,2026,2373.4857834819545,2757.778348849932,2495.1286928125037,2508.885693758725,0.931113015840228,1.0866306524757188,0.9879382879779961,0.9828080470525958,2870.339425517012,3256.862138460087,2956.7655143715247,3004.80978561321
BLST_2026_0251,2026-03-23 01:37:51.844660194,2026,2632.6781491337183,2757.778348849932,2715.332967588164,2757.759605667536,1.0116128861197409,1.0866306524757188,1.0514841382743447,1.0644312297018141,3186.0241968657624,3256.862138460087,3214.040448831894,3227.2314030328566
BLST_2026_0252,2026-03-23 09:24:48.932038835,2026,2224.0360004829768,2757.778348849932,2586.4001914153755,2551.770709137439,0.8635481151302384,1.0866306524757188,1.0115799789172144,0.9961591137582834,2650.6698117243395,3256.862138460087,3064.5858930736736,3052.0910195139036
BLST_2026_0253,2026-03-23 17:11:46.019417476,2026,2587.799881276253,2757.778348849932,2744.933646504422,2727.686632775769,1.033686188032095,1.0866306524757188,1.1050624071599415,1.1009541474983526,3157.06908367789,3256.862138460087,3234.663752007657,3230.0821352557896
BLST_2026_0254,2026-03-24 00:58:43.106796117,2026,2990.927473009622,2757.778348849932,3013.0014372134897,3040.648117855702,1.0033653862413343,1.0866306524757188,1.0032311708695072,1.0109394763334585,3290.889777869109,3256.862138460087,3571.5966839228818,3617.46163203902
BLST_2026_0255,2026-03-24 08:45:40.194174757,2026,3267.887356780136,2757.778348849932,3304.799694250492,3307.554552929227,0.9936314217366968,1.0866306524757188,0.983348152412792,1.0207547264192447,3656.1138826483034,3256.862138460087,3897.67574915125,3875.1755815687397
BLST_2026_0256,2026-03-24 16:32:37.281553398,2026,2973.061594452211,2757.778348849932,2809.4027952561705,2820.718060843965,1.1648213226050024,1.0866306524757188,1.1125813163951546,1.1078389836387972,3418.106856499951,3256.862138460087,3312.833745935608,3328.522009926673
BLST_2026_0257,2026-03-25 00:19:34.368932039,2026,2443.7233394239,2757.778348849932,2425.745236108954,2470.002030573935,1.0922779004052554,1.0866306524757188,1.0941545618398585,1.0898493109678549,3020.376803752769,3256.862138460087,2880.5430373211184,2872.049423341026
BLST_2026_0258,2026-03-25 08:06:31.456310680,2026,2771.956045286944,2757.778348849932,2682.7958611126637,2688.078157391248,1.124575122152209,1.0866306524757188,1.1020513369201905,1.0792136960478254,2910.5538475512917,3256.862138460087,3164.207626201362,3209.974086998019
BLST_2026_0259,2026-03-25 15:53:28.543689321,2026,3249.3923641744605,2757.778348849932,3026.6391605302924,2998.915588810394,1.108100370700061,1.0866306524757188,1.0311729001843277,1.0273367331944692,3668.5650751263415,3256.862138460087,3569.887085000807,3531.392266330758
BLST_2026_0260,2026-03-25 23:40:25.631067961,2026,2492.704786435842,2757.778348849932,2331.9356945131494,2391.858089316316,1.0984626501854764,1.0866306524757188,1.0456151500054878,1.0430267116565424,2984.031331241127,3256.862138460087,2775.798620318538,2811.5480696267723
BLST_2026_0261,2026-03-26 07:27:22.718446602,2026,2273.4039219427245,2757.778348849932,2333.7276282208322,2312.523470730648,1.149187494697865,1.0866306524757188,1.1765199496108958,1.1661630641220833,2540.397986556655,3256.862138460087,2762.663847250092,2719.509867565798
BLST_2026_0262,2026-03-26 15:14:19.805825243,2026,3125.494901671917,2757.778348849932,3049.6390975717436,2890.230278876337,1.330083401226026,1.0866306524757188,1.2977517171894561,1.2349373164143764,3765.159555792783,3256.862138460087,3567.220466011626,3404.614668391822
BLST_2026_0263,2026-03-26 23:01:16.893203884,2026,2548.1901639600574,2757.778348849932,2540.5027706382266,2609.82516315407,1.1250818622370016,1.0866306524757188,1.131977806201979,1.143360605127622,2779.9097882081783,3256.862138460087,3000.5974174799962,3068.157693788632
BLST_2026_0264,2026-03-27 06:48:13.980582524,2026,3190.9733069010163,2757.778348849932,3109.3557537745733,3193.9610403636816,1.0059162933258337,1.0866306524757188,0.9567873678075762,0.9972703808168889,3635.1549483768304,3256.862138460087,3663.795109311147,3848.934350510209
BLST_2026_0265,2026-03-27 14:35:11.067961165,2026,2528.237437391642,2757.778348849932,2669.081860384085,2697.8220512720177,1.0103619261488923,1.0866306524757188,1.0782140641584492,1.0600805219843639,2837.1584423608547,3256.862138460087,3160.3561379003086,3177.7168359761185
BLST_2026_0266,2026-03-27 22:22:08.155339806,2026,3590.044445842899,2757.778348849932,3442.14864225193,3317.4528460205506,1.1212262971986298,1.0866306524757188,1.0818338126150693,1.0431206492220946,4405.699707036146,3256.862138460087,4036.8640263974316,3928.9623768388565
BLST_2026_0267,2026-03-28 06:09:05.242718447,2026,2834.181282717246,2757.778348849932,2821.576996174226,2868.663944644791,1.04409651251386,1.0866306524757188,1.0471065534153587,1.0562894098405773,3227.855113555024,3256.862138460087,3313.7632953314437,3415.227666726294
BLST_2026_0268,2026-03-28 13:56:02.330097088,2026,2278.446427003405,2757.778348849932,2482.4878701607067,2504.6467520749693,0.9819636442745624,1.0866306524757188,1.0826462304909448,1.0938199935295982,2513.301330981154,3256.862138460087,2965.151317467447,3018.4975524607103
BLST_2026_0269,2026-03-28 21:42:59.417475728,2026,2998.3914361719494,2757.778348849932,2933.4023447518525,3000.0739671362844,1.102203069390845,1.0866306524757188,1.0912443961961638,1.0953776400504798,3664.75631159203,3256.862138460087,3458.9491769960227,3489.9277103604813
BLST_2026_0270,2026-03-29 05:29:56.504854369,2026,2357.3582178354404,2757.778348849932,2446.854548106313,2414.277055161058,1.0921072042417908,1.0866306524757188,1.1409574497081827,1.1151875839129168,3044.762500220439,3256.862138460087,2909.671935855704,2876.056836369032
BLST_2026_0271,2026-03-29 13:16:53.592233010,2026,2458.811486631961,2757.778348849932,2428.153424019562,2464.1197334206304,1.1111994266635192,1.0866306524757188,1.1129253960364485,1.1277081343819682,2868.894402022969,3256.862138460087,2870.081577686913,2911.813622806038
BLST_2026_0272,2026-03-29 21:03:50.679611651,2026,2626.6139700484528,2757.778348849932,2536.0819224161705,2551.4675690476106,1.028955436066365,1.0866306524757188,1.001581326003247,0.998960551323582,2959.3643860922443,3256.862138460087,3001.817704853175,3096.7386605477545
BLST_2026_0273,2026-03-30 04:50:47.766990291,2026,2309.675033525698,2757.778348849932,2255.6386277274983,2241.744843951318,1.1416670081529796,1.0866306524757188,1.126847507741377,1.1246159539922076,2890.9311637093315,3256.862138460087,2681.2657642129243,2672.285132381807
BLST_2026_0274,2026-03-30 12:37:44.854368932,2026,2670.9859779905864,2757.778348849932,2411.782472636227,2376.430860767183,1.5216664104767028,1.0866306524757188,1.3078998435440004,1.3652297823414246,3184.7213749127477,3256.862138460087,2854.603495673265,2808.4911752652997
BLST_2026_0275,2026-03-30 20:24:41.941747573,2026,3241.001614524577,2757.778348849932,3098.076549829967,3053.0124680907506,1.0518822643849033,1.0866306524757188,0.9966850962185083,1.0022117977303957,4013.68536626894,3256.862138460087,3633.0425358445605,3620.601700175454
BLST_2026_0276,2026-03-31 04:11:39.029126214,2026,2377.887607766673,2757.778348849932,2472.6832962626054,2441.3761042296287,1.2164211430433245,1.0866306524757188,1.242558457792126,1.244565434432076,2496.781988155007,3256.862138460087,2909.5140061747443,2917.7135713766224
BLST_2026_0277,2026-03-31 11:58:36.116504855,2026,2707.8495829640974,2757.778348849932,2864.2447623232333,2852.7279921089225,0.9756742398646786,1.0866306524757188,1.0368144599851117,1.0393563258055905,3285.700221152124,3256.862138460087,3378.2434533799556,3280.3328322780844
BLST_2026_0278,2026-03-31 19:45:33.203883495,2026,2576.736833248028,2757.778348849932,2455.411646049091,2529.815969720549,1.0668051452473029,1.0866306524757188,1.032630303211561,1.0244154729684476,2965.753045814477,3256.862138460087,2921.946535371873,3005.7769703953495
BLST_2026_0279,2026-04-01 03:32:30.291262136,2026,3204.677136660196,2757.778348849932,3085.6319544438916,3104.060230625105,1.0277373138651231,1.0866306524757188,0.9725575599505908,0.9924755527485893,3624.253876362075,3256.862138460087,3634.353425679465,3713.8402717673816
BLST_2026_0280,2026-04-01 11:19:27.378640777,2026,2429.554942272757,2757.778348849932,2339.2451129944857,2418.7081242049494,1.0436971876572765,1.0866306524757188,1.0201823559808478,1.0365618350752248,2989.644227170549,3256.862138460087,2788.054114603648,2863.0084661844194
BLST_2026_0281,2026-04-01 19:06:24.466019418,2026,2488.1432689552607,2757.778348849932,2386.8801007521597,2354.6696957760273,1.3206778926896636,1.0866306524757188,1.2408480872179009,1.2436856607460058,2833.0666681400776,3256.862138460087,2812.9769538434475,2782.8130076236425
BLST_2026_0282,2026-04-02 02:53:21.553398058,2026,2559.475890693191,2757.778348849932,2443.4483926250905,2399.660144524585,1.1739057329581395,1.0866306524757188,1.1309242961665198,1.0899894615460386,3005.263926650675,3256.862138460087,2901.3046333455723,2850.8568255784057
BLST_2026_0283,2026-04-02 10:40:18.640776699,2026,2798.636892940136,2757.778348849932,2969.871283762593,3035.7436581415623,0.89468639624794,1.0866306524757188,0.9221775477179998,0.9661466060788311,3204.2320271927133,3256.862138460087,3508.4998399316823,3628.6188412366287
BLST_2026_0284,2026-04-02 18:27:15.728155340,2026,2997.004177350187,2757.778348849932,2800.584312803963,2769.812162784677,1.0725138780954,1.0866306524757188,0.9988156398583473,0.9878009622401972,3552.4408210175543,3256.862138460087,3310.478356740292,3233.310734554933
BLST_2026_0285,2026-04-03 02:14:12.815533981,2026,2838.1949606663534,2757.778348849932,2717.7510557494347,2708.1745266156895,1.1161851953011743,1.0866306524757188,1.076500735692091,1.0598003408108685,3054.23144258301,3256.862138460087,3215.7969248892377,3231.250973229492
BLST_2026_0286,2026-04-03 10:01:09.902912622,2026,2769.3214841373483,2757.778348849932,3042.7702739536826,3058.782664759422,0.9614614875997812,1.0866306524757188,1.0645914183823286,1.0530246985424263,3467.2460284962617,3256.862138460087,3587.695885518141,3558.1816552683704
BLST_2026_0287,2026-04-03 17:48:06.990291262,2026,2936.5425846941066,2757.778348849932,2988.7359609288324,3020.822896504462,0.97681700711173,1.0866306524757188,0.983382152089439,1.012832550316572,3083.369713928812,3256.862138460087,3531.576163029381,3578.918334822623
BLST_2026_0288,2026-04-04 01:35:04.077669903,2026,2801.7559105658256,2757.778348849932,2402.331524730695,2444.0427000061436,1.3601655129645382,1.0866306524757188,1.1670099497364759,1.2028305552663445,3167.911852683278,3256.862138460087,2858.1317745334864,2959.6651916930446
BLST_2026_0289,2026-04-04 09:22:01.165048544,2026,2887.6091878036805,2757.778348849932,2908.630913408557,2916.058154752126,1.101725575601175,1.0866306524757188,1.1225360199638976,1.135435300837925,3567.206307222373,3256.862138460087,3424.234883404043,3460.3232776202894
BLST_2026_0290,2026-04-04 17:08:58.252427185,2026,1942.7572142631332,2757.778348849932,2011.2792909139484,2129.400031359462,1.2470869489280894,1.0866306524757188,1.2328638836515802,1.3484253185517485,2170.040852444782,3256.862138460087,2409.524288442827,2563.518009554123
BLST_2026_0291,2026-04-05 00:55:55.339805825,2026,2806.754284430273,2757.778348849932,2766.9855003135262,2752.0700545963905,1.0727413118893432,1.0866306524757188,1.0681649211705317,1.0571561452603686,3153.2515188515526,3256.862138460087,3268.489605750857,3237.631352733597
BLST_2026_0292,2026-04-05 08:42:52.427184466,2026,2280.6670191388685,2757.778348849932,2620.594460175298,2626.6755801878535,0.9127463415235963,1.0866306524757188,1.0580138392006107,1.044681975246349,2930.1577449796914,3256.862138460087,3111.5522769393906,3137.7333943706676
BLST_2026_0293,2026-04-05 16:29:49.514563107,2026,3258.332085978359,2757.778348849932,3029.9014493672503,2870.3206817872147,1.1512703052997828,1.0866306524757188,1.0803924704299852,1.0434493718340538,3877.5450487264825,3256.862138460087,3576.332044864706,3434.3262605218943
BLST_2026_0294,2026-04-06 00:16:46.601941748,2026,2416.935498042052,2757.778348849932,2461.7716902323514,2467.0774181824145,1.1413753466698389,1.0866306524757188,1.1668472845229307,1.1694118739131483,2754.9212892054784,3256.862138460087,2918.6281869624136,2876.950156647193
BLST_2026_0295,2026-04-06 08:03:43.689320389,2026,2977.170270146454,2757.778348849932,3028.783899206073,3040.5439936798816,0.9300819924554068,1.0866306524757188,0.91354796427634,0.9474005635573904,3796.928376281163,3256.862138460087,3572.0486150423767,3618.4774216588266
BLST_2026_0296,2026-04-06 15:50:40.776699029,2026,2527.2074882354955,2757.778348849932,2449.7329815076523,2514.23989615763,1.140092430521184,1.0866306524757188,1.117750846359086,1.1369211753965016,2848.6519639286475,3256.862138460087,2897.1467371973313,2932.1346874349183
BLST_2026_0297,2026-04-06 23:37:37.864077670,2026,2699.99961383796,2757.778348849932,2546.080473432413,2487.198150326579,1.1470919435107076,1.0866306524757188,1.0971032415983857,1.0699674737723726,3344.2501618745823,3256.862138460087,2999.144304928908,2942.3188925627533
BLST_2026_0298,2026-04-07 07:24:34.951456311,2026,3416.8769364319323,2757.778348849932,3137.3884997079144,3089.2264664373306,1.083607060987038,1.0866306524757188,0.9824540670818935,0.9868779236492974,4131.987023162254,3256.862138460087,3681.715445883888,3706.356248773479
BLST_2026_0299,2026-04-07 15:11:32.038834952,2026,2412.565029721267,2757.778348849932,2397.3251073691445,2439.915882353074,0.9720414461182296,1.0866306524757188,0.9771161268819387,0.9678573498225737,2893.621329738025,3256.862138460087,2846.9815941759452,2956.316145141268
BLST_2026_0300,2026-04-07 22:58:29.126213592,2026,2626.354379239576,2757.778348849932,2705.5202440581393,2710.656415831645,1.0620270584290066,1.0866306524757188,1.1088887132323064,1.0796056288147942,3365.876379648872,3256.862138460087,3186.9409149068406,3145.4357593173468
BLST_2026_0301,2026-04-08 06:45:26.213592233,2026,3263.8440714030626,2757.778348849932,3117.9952812532924,3054.757579850966,1.1096649433039707,1.0866306524757188,1.063418130770019,1.047494927733189,4194.742671895652,3256.862138460087,3678.9612393742127,3661.8021434511097
BLST_2026_0302,2026-04-08 14:32:23.300970874,2026,3396.300168992328,2757.778348849932,3284.8019119937494,3346.888652592708,1.017749665048869,1.0866306524757188,0.9592209036475657,1.0022728176741804,3907.431635709091,3256.862138460087,3849.0611375319622,3977.198009640644
BLST_2026_0303,2026-04-08 22:19:20.388349515,2026,2686.32314831704,2757.778348849932,2558.6905454434673,2268.8882612900784,1.6577804781640564,1.0866306524757188,1.4210705088807465,1.3977168247835952,3104.3289582395346,3256.862138460087,3017.3991060395406,2822.531444488188
BLST_2026_0304,2026-04-09 06:06:17.475728156,2026,2903.880161038981,2757.778348849932,2940.89990921254,2944.3187175512426,1.04932350761685,1.0866306524757188,1.0716282649789184,1.0605475453998368,3194.3621331784816,3256.862138460087,3467.5896122891313,3472.968217295586
BLST_2026_0305,2026-04-09 13:53:14.563106796,2026,2684.4494103196844,2757.778348849932,2687.632210083777,2629.7198435324303,1.1125252621425703,1.0866306524757188,1.1266569409516716,1.0907844707987626,3573.3387345655715,3256.862138460087,3166.8958466668546,3064.934819585619
BLST_2026_0306,2026-04-09 21:40:11.650485437,2026,2372.4507522442946,2757.778348849932,2254.930732843281,2229.846696702585,1.2242767731964632,1.0866306524757188,1.1613588055656072,1.1689811677991058,2970.8000587395777,3256.862138460087,2683.879827140681,2678.1343577316225
BLST_2026_0307,2026-04-10 05:27:08.737864078,2026,2904.934462949393,2757.778348849932,2824.553587839878,2763.2778344243147,1.0235998687040808,1.0866306524757188,0.9913325481772902,0.9788906518414643,3178.249802047262,3256.862138460087,3328.0564290556044,3220.9079783477832
BLST_2026_0308,2026-04-10 13:14:05.825242719,2026,2869.130202450575,2757.778348849932,2752.371353279393,2825.7262900064798,1.1284679190758398,1.0866306524757188,1.094622319540032,1.1167471467054133,3437.1675663231817,3256.862138460087,3241.5448065255737,3295.2605747500447
BLST_2026_0309,2026-04-10 21:01:02.912621359,2026,1906.963195656528,2757.778348849932,2041.3458104573626,2128.68849302829,1.0780606008577842,1.0866306524757188,1.150975446695269,1.2000940240131128,2242.8975632150714,3256.862138460087,2426.638435520621,2584.9173424683368
BLST_2026_0310,2026-04-11 04:48:00.000000000,2026,2612.662623651593,2757.778348849932,2540.2209619168757,2517.035631819099,1.1981952503510724,1.0866306524757188,1.1691534900181164,1.1451444981048957,2773.9757378366385,3256.862138460087,3010.9566511507737,2960.72375058751
BLST_2026_0311,2026-04-11 12:34:57.087378641,2026,3618.5709143888826,2757.778348849932,3505.1422593099333,3551.541966982958,1.0272334502463143,1.0866306524757188,0.9624260381885694,1.0074509874008135,4293.563472582137,3256.862138460087,4114.072158189566,4179.87820970084
BLST_2026_0312,2026-04-11 20:21:54.174757282,2026,2756.393303603951,2757.778348849932,2659.2581081466114,2739.8183254713417,1.069364513159277,1.0866306524757188,1.0413209819426814,1.0415697578361154,3166.2874286389388,3256.862138460087,3141.7126335252906,3198.556862552927
BLST_2026_0313,2026-04-12 04:08:51.262135923,2026,2684.562917047725,2757.778348849932,2606.686640085422,2585.5576918334527,1.1005821732876906,1.0866306524757188,1.0803731818813371,1.0570860006179204,2984.564399315419,3256.862138460087,3096.5904722416326,3079.7690818727483
BLST_2026_0314,2026-04-12 11:55:48.349514563,2026,2724.8056397324267,2757.778348849932,2732.7066850482875,2735.2362542327023,1.073663432788993,1.0866306524757188,1.0924734810365295,1.0929357963679152,3238.5889720235577,3256.862138460087,3216.0812907300715,3214.211759737897
BLST_2026_0315,2026-04-12 19:42:45.436893204,2026,2353.0376879256987,2757.778348849932,2383.980188400471,2357.746428440313,1.102965540273226,1.0866306524757188,1.1263443700819475,1.0928886367386441,2520.085306613908,3256.862138460087,2827.2014514579587,2748.2462525529295
BLST_2026_0316,2026-04-13 03:29:42.524271845,2026,3022.2470829111044,2757.778348849932,2900.7501535905876,2860.7645379538467,1.025973212682979,1.0866306524757188,0.973454137797725,0.9647102641860829,3798.494960026089,3256.862138460087,3416.282686003021,3321.5048682700262
BLST_2026_0317,2026-04-13 11:16:39.611650486,2026,2774.068630357678,2757.778348849932,2943.8267763880085,3014.0949342565536,0.920039843475996,1.0866306524757188,0.958354114065736,0.9955579480248553,3346.44617246654,3256.862138460087,3465.9971896661905,3562.1804165823287
BLST_2026_0318,2026-04-13 19:03:36.699029126,2026,2242.4132045527545,2757.778348849932,2314.281611420005,2446.7434879404523,1.008724282082038,1.0866306524757188,1.0562802185048308,1.0857647999463607,2388.5240656449537,3256.862138460087,2746.9434395797944,2883.096223536502
BLST_2026_0319,2026-04-14 02:50:33.786407767,2026,3479.4324288193125,2757.778348849932,3488.474291693442,3479.9627202286247,1.0290116577405544,1.0866306524757188,1.0188309653274183,1.0436034071780498,3871.9397578140615,3256.862138460087,4106.027373598394,4088.0288751849125
BLST_2026_0320,2026-04-14 10:37:30.873786408,2026,2823.657744257421,2757.778348849932,2863.7495296156703,2897.292080524337,0.9571330911413908,1.0866306524757188,0.9570403823284485,0.9934018032794151,3253.0254439468395,3256.862138460087,3401.8351992493954,3361.323247735584
BLST_2026_0321,2026-04-14 18:24:27.961165049,2026,2816.4882717402875,2757.778348849932,2990.613886584504,3010.591161794614,0.951177559940821,1.0866306524757188,1.0071833143958613,1.0177556378861305,3447.908600763618,3256.862138460087,3513.8145458327785,3531.1411744635275
BLST_2026_0322,2026-04-15 02:11:25.048543690,2026,2415.574418909704,2757.778348849932,2407.3648253742244,2422.1329137486487,1.182054045585884,1.0866306524757188,1.1789141833212142,1.1750968569512357,2992.6606769309856,3256.862138460087,2855.8525765360664,2938.8131255252156
BLST_2026_0323,2026-04-15 09:58:22.135922330,2026,3020.253060536822,2757.778348849932,3171.0809471810294,3233.8107010073063,0.9462554553287538,1.0866306524757188,0.9744792545588056,1.018814747941333,3449.2540446147823,3256.862138460087,3738.3983877418746,3801.2134036044845
BLST_2026_0324,2026-04-15 17:45:19.223300972,2026,2516.518510953699,2757.778348849932,2727.666709988471,2755.037811866951,0.9407779311018084,1.0866306524757188,1.024821829390459,0.9943214685997502,2850.032167127404,3256.862138460087,3228.03386968831,3340.761817981726
BLST_2026_0325,2026-04-16 01:32:16.310679612,2026,2561.2138638191204,2757.778348849932,2687.44306830624,2711.8601588669158,0.9535782880966862,1.0866306524757188,1.0044014247967568,0.9883948863717592,3174.5410016077985,3256.862138460087,3189.1816386801934,3268.9693259257456
BLST_2026_0326,2026-04-16 09:19:13.398058252,2026,3392.188977581644,2757.778348849932,3532.198802408425,3417.1284821044233,0.9170399390664112,1.0866306524757188,0.8951410758534966,0.9576221210858364,4145.456119965614,3256.862138460087,4138.4236114517125,4041.2309325143588
BLST_2026_0327,2026-04-16 17:06:10.485436894,2026,2556.067038629913,2757.778348849932,2461.3775902062766,2496.513408603281,1.0907001968877257,1.0866306524757188,1.0640285431092629,1.0750504639400926,2971.1445676858607,3256.862138460087,2933.109609609402,3013.4372758225636
BLST_2026_0328,2026-04-17 00:53:07.572815534,2026,2983.4310466173697,2757.778348849932,2416.41216349128,2402.317721655571,1.6052880323506056,1.0866306524757188,1.2611445259821954,1.2607309985058228,3457.9811396607665,3256.862138460087,2876.026408795628,2914.1075904206987
BLST_2026_0329,2026-04-17 08:40:04.660194174,2026,2814.2685590449337,2757.778348849932,2934.5193643204952,2930.5279181041265,1.087402092354388,1.0866306524757188,1.147414336387012,1.1384179073915073,2954.9819869971807,3256.862138460087,3478.2584458562947,3445.0464495157153
BLST_2026_0330,2026-04-17 16:27:01.747572816,2026,3215.9868485115544,2757.778348849932,3369.2651906898777,3378.349406448138,0.969563008847187,1.0866306524757188,0.999383792328358,1.0210725210892992,3968.775704313349,3256.862138460087,3957.0983963013787,3973.6625696442316
BLST_2026_0331,2026-04-18 00:13:58.834951456,2026,2459.946202123107,2757.778348849932,2574.3827135113456,2466.580864227608,1.0862194803713023,1.0866306524757188,1.14796373979755,1.0980035087116917,2648.551014835325,3256.862138460087,3033.2107563107807,2893.660847443227
BLST_2026_0332,2026-04-18 08:00:55.922330098,2026,3000.132847303556,2757.778348849932,2942.288897617867,2897.6716570199196,1.151160805315358,1.0866306524757188,1.1425135803193802,1.1388333185606963,3611.046838253237,3256.862138460087,3471.7526279125573,3406.6166328457457
BLST_2026_0333,2026-04-18 15:47:53.009708738,2026,2575.807448587174,2757.778348849932,2854.9756865244367,2867.7229019656916,0.9231216868973368,1.0866306524757188,1.0244100056673102,1.0160930334423932,3269.438257397305,3256.862138460087,3394.7897839728084,3411.00098669947
BLST_2026_0334,2026-04-18 23:34:50.097087378,2026,2588.3903598422053,2757.778348849932,2674.3941242047977,2673.83281243966,0.9486261266002104,1.0866306524757188,0.9799477025479857,0.9786418953633059,2717.809877834316,3256.862138460087,3150.56080948278,3058.1324891348813
BLST_2026_0335,2026-04-19 07:21:47.184466020,2026,2656.2506994136784,2757.778348849932,2579.375435726314,2580.0081724547704,0.9626730461686184,1.0866306524757188,0.92690105152947,0.9395168780976506,3260.020721953269,3256.862138460087,3051.6013491806943,3000.688708820958
BLST_2026_0336,2026-04-19 15:08:44.271844660,2026,2090.639436863713,2757.778348849932,2098.3249115555277,2035.1573104536258,1.2686605763969845,1.0866306524757188,1.2314090073521076,1.277778919170543,2563.7729147197388,3256.862138460087,2491.5891117055153,2471.9025924245984
BLST_2026_0337,2026-04-19 22:55:41.359223302,2026,2200.7899800471228,2757.778348849932,2275.4787438173944,2388.4942634904673,0.996969329092189,1.0866306524757188,1.047159327232709,1.0732650971672864,2580.5231156852988,3256.862138460087,2711.9734320515654,2827.7571539564256
BLST_2026_0338,2026-04-20 06:42:38.446601942,2026,2479.2438768405086,2757.778348849932,2717.2591728151906,2696.2648055836303,0.9479663744143356,1.0866306524757188,1.047089938591709,1.0302175915450138,2906.048161545441,3256.862138460087,3226.951780631679,3158.3751393736593
BLST_2026_0339,2026-04-20 14:29:35.533980582,2026,2536.141127183827,2757.778348849932,2679.6491850005905,2680.55034416656,1.1208791438871062,1.0866306524757188,1.190559185064345,1.1886026718783838,2976.649634473845,3256.862138460087,3156.5277762143546,3148.200179901034
BLST_2026_0340,2026-04-20 22:16:32.621359224,2026,2386.7439989935488,2757.778348849932,2466.4053044330963,2448.2382758835565,1.0260109798370094,1.0866306524757188,1.0739067572953191,1.0519791840771981,2835.7569082719224,3256.862138460087,2908.4460871192505,2926.497432742288
BLST_2026_0341,2026-04-21 06:03:29.708737864,2026,3175.254348290531,2757.778348849932,3124.592974201768,2947.621218228312,1.2442128352480808,1.0866306524757188,1.2310601920370239,1.1349691731319387,3729.742348503645,3256.862138460087,3681.810389464355,3453.182657055195
BLST_2026_0342,2026-04-21 13:50:26.796116506,2026,2896.110564117312,2757.778348849932,2938.115781243336,3036.897677263563,1.0414112534336533,1.0866306524757188,1.0571280464379265,1.0989598626791632,3316.959479114666,3256.862138460087,3484.1001810943867,3522.0777410684686
BLST_2026_0343,2026-04-21 21:37:23.883495146,2026,2578.7735380821546,2757.778348849932,2660.601158653661,2645.312801747061,1.0262036304181177,1.0866306524757188,1.073647852270824,1.059910034614113,2926.518578264516,3256.862138460087,3132.13692379724,3081.1544567302963
BLST_2026_0344,2026-04-22 05:24:20.970873786,2026,2638.276768115482,2757.778348849932,2938.0210957273716,3034.663558540936,0.9598713367736256,1.0866306524757188,1.0801786327650962,1.0909585256554555,3040.5639228570976,3256.862138460087,3462.626303104681,3540.709873747815
BLST_2026_0345,2026-04-22 13:11:18.058252428,2026,3019.9082944455267,2757.778348849932,2981.2469925315245,3050.5755451912187,1.0895273311699494,1.0866306524757188,1.087566982867672,1.1015947787098161,3573.328429809076,3256.862138460087,3507.866159732398,3530.4819620864014
BLST_2026_0346,2026-04-22 20:58:15.145631068,2026,2570.1293449399345,2757.778348849932,2780.7649727924495,2750.9575205357664,0.9038337756715366,1.0866306524757188,0.970937313870968,0.9622445194709894,3006.617755988705,3256.862138460087,3276.6962261903,3210.9245136489903
BLST_2026_0347,2026-04-23 04:45:12.233009708,2026,2631.473257547339,2757.778348849932,2535.232151556689,2573.501218613078,1.0817269798157887,1.0866306524757188,1.0578954356834593,1.0552270556080179,3323.4126209021947,3256.862138460087,2978.7405265877414,2982.9571126669903
BLST_2026_0348,2026-04-23 12:32:09.320388350,2026,2968.442443918917,2757.778348849932,2767.2785517510138,2706.6832475149185,1.3725525978108033,1.0866306524757188,1.2684056315854162,1.2340131218286838,3552.3780894902416,3256.862138460087,3268.0629866295308,3244.4728601905445
BLST_2026_0349,2026-04-23 20:19:06.407766990,2026,2590.716508049617,2757.778348849932,2604.192226349511,2548.9323597764405,1.0908099623281613,1.0866306524757188,1.1077745182679148,1.0921394504444797,3031.1595247992527,3256.862138460087,3083.3790123991294,3036.8673097079986
BLST_2026_0350,2026-04-24 04:06:03.495145632,2026,2511.1926182525503,2757.778348849932,2364.2116873167543,2417.645835322181,1.092927062713688,1.0866306524757188,1.0477131110406814,1.0670014410889268,3099.351448452573,3256.862138460087,2792.750396294837,2880.389192210834
BLST_2026_0351,2026-04-24 11:53:00.582524272,2026,2707.46353576087,2757.778348849932,2800.8607292581755,2769.69547638405,1.0679841291734025,1.0866306524757188,1.119653529298648,1.1198108698113776,3471.2566037955903,3256.862138460087,3292.7884162305827,3379.5265550258537
BLST_2026_0352,2026-04-24 19:39:57.669902912,2026,2769.7803910640628,2757.778348849932,2692.5246478860154,2655.934128224079,1.1584184286228636,1.0866306524757188,1.133937192272343,1.0983469520242184,3220.4840793040053,3256.862138460087,3196.4111681773875,3168.365920547711
BLST_2026_0353,2026-04-25 03:26:54.757281554,2026,2991.8994060608097,2757.778348849932,2907.447143378212,2949.6966220580307,1.1270365834801894,1.0866306524757188,1.107484172866831,1.116806743975554,3342.921094498615,3256.862138460087,3422.9794266395947,3486.508648730171
BLST_2026_0354,2026-04-25 11:13:51.844660194,2026,3255.671120043693,2757.778348849932,3152.443872753276,3195.778835406056,1.006325783620203,1.0866306524757188,0.9465105485793638,0.9912808799414041,3861.141286475672,3256.862138460087,3720.9965841353537,3806.155968890436
BLST_2026_0355,2026-04-25 19:00:48.932038836,2026,2737.0324141695105,2757.778348849932,2831.299178921479,2794.955482522171,1.0460549361028029,1.0866306524757188,1.0963677617791754,1.0652747473258737,3327.903630540253,3256.862138460087,3354.272095532598,3307.670938923068
BLST_2026_0356,2026-04-26 02:47:46.019417476,2026,3087.752494455404,2757.778348849932,3184.718700940176,3047.0921009006356,1.002812255852546,1.0866306524757188,1.0297011594875505,1.0078591058765518,3584.7831498059004,3256.862138460087,3732.354640286496,3606.4201535957914
BLST_2026_0357,2026-04-26 10:34:43.106796116,2026,2861.1900409864743,2757.778348849932,2717.1964526986553,2708.428004081037,1.0420955689995424,1.0866306524757188,0.9892935422530212,0.9769761069261446,3229.879873109576,3256.862138460087,3221.640727407664,3246.8919302296404
BLST_2026_0358,2026-04-26 18:21:40.194174758,2026,2888.619801563956,2757.778348849932,2875.987377325587,2836.373025423487,1.204317698734208,1.0866306524757188,1.2118020525070372,1.1853028652505169,3280.778526895388,3256.862138460087,3377.062558497009,3293.298945167503
BLST_2026_0359,2026-04-27 02:08:37.281553398,2026,2833.721850128569,2757.778348849932,2728.0904302309145,2727.3726763881623,1.0884595901675462,1.0866306524757188,1.0563759517820868,1.0449711501286594,3465.971564745568,3256.862138460087,3214.5449251178093,3256.218212056439
BLST_2026_0360,2026-04-27 09:55:34.368932040,2026,3335.209237972534,2757.778348849932,3522.8507301773748,3525.4942671510557,0.9574236818279288,1.0866306524757188,0.9845943297972142,1.01038837013914,3868.668213556899,3256.862138460087,4127.837285432062,4048.1730132050147
BLST_2026_0361,2026-04-27 17:42:31.456310680,2026,2726.2471933241563,2757.778348849932,2816.5911514498935,2789.920214142436,1.1242954340240423,1.0866306524757188,1.1710571290033749,1.14020405388112,3156.4036404128096,3256.862138460087,3324.917935985326,3268.1106995824603
BLST_2026_0362,2026-04-28 01:29:28.543689320,2026,2068.944424757688,2757.778348849932,2126.8918034967483,2125.2241806845827,1.146983329653403,1.0866306524757188,1.1711008302258956,1.1906109870407084,2711.0565194961277,3256.862138460087,2557.9551637487893,2592.8472067767307
BLST_2026_0363,2026-04-28 09:16:25.631067962,2026,2360.9841208000817,2757.778348849932,2126.689544677519,2076.6079997740844,1.3484676601655916,1.0866306524757188,1.1941103888081184,1.252582081653029,3090.2723942114008,3256.862138460087,2529.2009512039967,2532.7495434348234
BLST_2026_0364,2026-04-28 17:03:22.718446602,2026,2713.032595538419,2757.778348849932,2706.8294322540582,2675.404801490995,1.0388232596298592,1.0866306524757188,1.041398019858218,1.0277488698590496,3333.225460690823,3256.862138460087,3196.0426722575357,3163.8520706080685
BLST_2026_0365,2026-04-29 00:50:19.805825242,2026,3127.582075781861,2757.778348849932,3221.40664835445,3211.3208915830223,0.9985457198907738,1.0866306524757188,1.0212221541760376,1.0239276636538093,3588.909574958107,3256.862138460087,3799.119428906929,3893.540077994064
BLST_2026_0366,2026-04-29 08:37:16.893203884,2026,2640.439441124018,2757.778348849932,2607.669507663354,2459.449621742768,1.3288324744893498,1.0866306524757188,1.281065948302004,1.2219326848374532,3252.4853630840607,3256.862138460087,3078.746379185515,2905.0025174916464
BLST_2026_0367,2026-04-29 16:24:13.980582524,2026,2447.800183433936,2757.778348849932,2368.8438031489945,2369.6679504368617,1.1371186740107273,1.0866306524757188,1.1123177303651435,1.1082593930704538,2825.5765977821607,3256.862138460087,2808.058641451883,2779.6628686519134
BLST_2026_0368,2026-04-30 00:11:11.067961166,2026,2542.5617996624865,2757.778348849932,2591.093202796506,2601.3994402225385,0.9547697006914574,1.0866306524757188,0.9772749840339217,0.9730139836307561,3095.573803835965,3256.862138460087,3075.9473890149275,3154.3052792079548
BLST_2026_0369,2026-04-30 07:58:08.155339806,2026,2466.0997422449045,2757.778348849932,2459.7082638364845,2377.0125196413182,1.2693725511715552,1.0866306524757188,1.2407108784004768,1.2434214676340023,3049.034069074596,3256.862138460087,2926.8421229002697,2867.0052620621714
BLST_2026_0370,2026-04-30 15:45:05.242718446,2026,2469.4526990393133,2757.778348849932,2544.8244383089877,2569.640757844127,0.9559639028584116,1.0866306524757188,0.9903195076747462,1.0041706653370617,2764.4066527670607,3256.862138460087,3018.8006750401055,3056.5116262670085
BLST_2026_0371,2026-04-30 23:32:02.330097088,2026,2752.94140965034,2757.778348849932,2569.8331887437103,2529.7276157560154,1.1901491544201326,1.0866306524757188,1.1229118074152187,1.103421157479019,3220.3465561584994,3256.862138460087,3028.667442104237,3018.342106343848
BLST_2026_0372,2026-05-01 07:18:59.417475728,2026,2731.9959087311454,2757.778348849932,2875.5690089356735,2988.155013340851,1.0048547717057588,1.0866306524757188,1.0659904612396636,1.099118232866104,3163.9576472657222,3256.862138460087,3408.522504004005,3473.2268688166946
BLST_2026_0373,2026-05-01 15:05:56.504854370,2026,2759.442662624928,2757.778348849932,2748.1529450056332,2703.76860688085,1.1713031717159563,1.0866306524757188,1.1789417146581302,1.1575556199464616,3002.902056162783,3256.862138460087,3244.6420105059556,3162.917506643696
BLST_2026_0374,2026-05-01 22:52:53.592233010,2026,2400.305242828983,2757.778348849932,2483.283656671422,2526.928378481013,1.0893067767096354,1.0866306524757188,1.139890498785915,1.1484240103365237,2884.502871002632,3256.862138460087,2931.705630889653,2907.4087827608423
BLST_2026_0375,2026-05-02 06:39:50.679611650,2026,2571.4699295497894,2757.778348849932,2608.41886661858,2554.7504183182514,1.0664946771355797,1.0866306524757188,1.0929103980380415,1.0575306741660755,2985.4600249832965,3256.862138460087,3098.608218595875,3038.1887287639374
BLST_2026_0376,2026-05-02 14:26:47.766990292,2026,2977.161347513243,2757.778348849932,2925.3742309718314,2892.286204805294,1.0771067010178184,1.0866306524757188,1.0665854083686939,1.0520176691311907,3477.14504406885,3256.862138460087,3444.3307617520068,3356.429167539071
BLST_2026_0377,2026-05-02 22:13:44.854368932,2026,2712.7151802921044,2757.778348849932,2796.5521412848716,2796.0425507692985,1.0053973952629944,1.0866306524757188,1.042402197647955,1.0266371777251755,3371.20737078338,3256.862138460087,3293.292302635986,3361.9722101060447
BLST_2026_0378,2026-05-03 06:00:41.941747574,2026,2731.1958103981724,2757.778348849932,2673.7152430603674,2714.7689664123286,1.145024032965836,1.0866306524757188,1.1335845087640675,1.1398154374030869,3227.8833468419034,3256.862138460087,3171.5914543368417,3171.609086732502
BLST_2026_0379,2026-05-03 13:47:39.029126214,2026,2597.140533953401,2757.778348849932,2644.2976556476756,2669.300473840219,1.0584269789427936,1.0866306524757188,1.0905688040198551,1.0732609767688033,3355.1153397863745,3256.862138460087,3105.8657070887466,3042.5823117042573
BLST_2026_0380,2026-05-03 21:34:36.116504854,2026,3303.970216579081,2757.778348849932,3129.798200048184,3060.9696843479087,1.122171719687274,1.0866306524757188,1.0706652786363269,1.0510882750972288,4215.785024631669,3256.862138460087,3701.3692732561426,3580.5451595461413
BLST_2026_0381,2026-05-04 05:21:33.203883496,2026,2423.511552405694,2757.778348849932,2638.02556648869,2598.308426224913,1.2126553402175295,1.0866306524757188,1.2938441193315695,1.2927972209930867,2860.406242912596,3256.862138460087,3114.146085975602,3067.2415397926966
BLST_2026_0382,2026-05-04 13:08:30.291262136,2026,2919.141772529656,2757.778348849932,2908.3440165006655,2894.6199496880195,1.2399840741571355,1.0866306524757188,1.2330555098017695,1.231281933478697,3493.612711421102,3256.862138460087,3438.999480786182,3373.0354465685505
BLST_2026_0383,2026-05-04 20:55:27.378640776,2026,3616.1939333764735,2757.778348849932,3609.953456766476,3655.978281543682,0.9658186816028628,1.0866306524757188,0.9086720640841655,0.9944628515139257,4398.427089411746,3256.862138460087,4221.448582353713,4226.779150519037
BLST_2026_0384,2026-05-05 04:42:24.466019418,2026,4138.0067357620255,2757.778348849932,3922.006425360813,3570.9810551132714,1.2361897940550184,1.0866306524757188,1.205558848470071,1.1718840733963856,5016.418268182963,3256.862138460087,4586.928080943018,4177.343074587765
BLST_2026_0385,2026-05-05 12:29:21.553398058,2026,2634.9678600934903,2757.778348849932,2717.2359141917646,2733.854988432012,0.976131460148478,1.0866306524757188,1.0085333900168534,1.0191961884340601,3108.5883348907687,3256.862138460087,3235.434883128755,3284.521304175643
BLST_2026_0386,2026-05-05 20:16:18.640776700,2026,3135.993564159994,2757.778348849932,2980.0170553639687,2952.869104340962,1.0673827945080203,1.0866306524757188,1.009045306925797,1.0122164287629438,3857.946818495645,3256.862138460087,3529.89545601557,3407.9645289225678
BLST_2026_0387,2026-05-06 04:03:15.728155340,2026,2358.131075122854,2757.778348849932,2542.558286415893,2537.400684475312,0.9644218791011546,1.0866306524757188,1.0535741978491613,1.0315011760731332,2644.391647752547,3256.862138460087,3004.738769367172,3034.567985187467
BLST_2026_0388,2026-05-06 11:50:12.815533980,2026,2826.8796470282505,2757.778348849932,2771.4654906514106,2771.429638105199,1.0630850811644303,1.0866306524757188,1.0487460958439527,1.0482451963197457,3278.0742665871626,3256.862138460087,3288.8132714321355,3347.2836089559332
BLST_2026_0389,2026-05-06 19:37:09.902912622,2026,3047.38678436157,2757.778348849932,3122.043953006634,2978.119120480917,1.0343002225445823,1.0866306524757188,1.0618001697966888,1.0296637349350062,3365.7738482901723,3256.862138460087,3682.724618079842,3503.3200690360914
BLST_2026_0390,2026-05-07 03:24:06.990291262,2026,3210.5710596062654,2757.778348849932,3211.560904162274,3309.671823225979,1.1705183186207968,1.0866306524757188,1.1847955606238396,1.2007047091200813,3918.807902725896,3256.862138460087,3781.227407017328,3988.680451895379
BLST_2026_0391,2026-05-07 11:11:04.077669904,2026,2743.004875426001,2757.778348849932,2674.3275620583754,2603.9784626763785,1.132382008535848,1.0866306524757188,1.1171674145126687,1.0749008657191297,3368.3172853902706,3256.862138460087,3173.216878728751,3073.7514974802766
BLST_2026_0392,2026-05-07 18:58:01.165048544,2026,2430.2244387325786,2757.778348849932,2458.147720354549,2426.0783427359042,1.0434778637517084,1.0866306524757188,1.067846200587491,1.0478318702081997,2767.1614451994237,3256.862138460087,2904.104600214507,2884.5822679272665
BLST_2026_0393,2026-05-08 02:44:58.252427184,2026,2197.146724646309,2757.778348849932,2225.0164725531645,2265.164571779152,1.1841275444137327,1.0866306524757188,1.1901990819199018,1.2024845813329408,2548.5581428600626,3256.862138460087,2619.9765302304145,2781.309662679546
BLST_2026_0394,2026-05-08 10:31:55.339805826,2026,2893.2597784330937,2757.778348849932,3113.0280715098806,3214.0139120729928,0.902396399234107,1.0866306524757188,0.9440222704496353,1.0085616849023187,3436.0502585301097,3256.862138460087,3683.4504891535635,3851.7183565997525
BLST_2026_0395,2026-05-08 18:18:52.427184466,2026,3084.710004322043,2757.778348849932,2919.6161636645047,2912.677088805061,1.0576575014035736,1.0866306524757188,0.9954752527533207,0.991682523031536,3891.328347061656,3256.862138460087,3432.8772774046947,3502.534152480903
BLST_2026_0396,2026-05-09 02:05:49.514563108,2026,2900.267215088851,2757.778348849932,2770.5807337685083,2755.669770394502,1.0910610662649245,1.0866306524757188,1.0516295000738969,1.0370470360537878,3677.377068248855,3256.862138460087,3277.4109524474766,3252.9872731920423
BLST_2026_0397,2026-05-09 09:52:46.601941748,2026,2129.8196480058687,2757.778348849932,2228.6749822115007,2240.3901584523296,1.1134868146758037,1.0866306524757188,1.1630437711228803,1.1743290994372453,2488.4199304232907,3256.862138460087,2632.5155958821574,2680.0159299691804
BLST_2026_0398,2026-05-09 17:39:43.689320388,2026,2321.4089269577794,2757.778348849932,2337.7145965422333,2368.6709040632018,1.118900569746588,1.0866306524757188,1.1332730855380764,1.1496589121485294,2901.6635960505937,3256.862138460087,2781.3482937643653,2787.367769500507
BLST_2026_0399,2026-05-10 01:26:40.776699030,2026,2855.2499127939136,2757.778348849932,2837.4887496607007,2939.033220034876,0.957776806311869,1.0866306524757188,0.9296803509856743,0.9718615320451452,3459.5720199202688,3256.862138460087,3368.284519636961,3410.4063780725774
BLST_2026_0400,2026-05-10 09:13:37.864077670,2026,2139.336350782874,2757.778348849932,2302.09933140714,2347.343725224639,1.1614157330639534,1.0866306524757188,1.220519865606694,1.25473519958627,2507.889236597597,3256.862138460087,2740.0278817293956,2848.4216677010713
BLST_2026_0401,2026-05-10 17:00:34.951456310,2026,3094.4611593624763,2757.778348849932,2966.843983947215,2958.6888289438753,1.0703784766841975,1.0866306524757188,1.026910188125205,1.0229747335598,3828.8676225416393,3256.862138460087,3505.35925472093,3484.235781482999
BLST_2026_0402,2026-05-11 00:47:32.038834952,2026,2999.3758725784573,2757.778348849932,2793.4456645677474,2849.87263522988,1.0925284233568855,1.0866306524757188,1.0204613085169916,1.0317520488321799,3650.2608802152818,3256.862138460087,3300.085013977204,3371.45546000828
BLST_2026_0403,2026-05-11 08:34:29.126213592,2026,2557.0834068121003,2757.778348849932,2527.864840667796,2560.7336539518633,0.9900062114278918,1.0866306524757188,0.9848857002389881,0.9826456657656594,2684.937577152705,3256.862138460087,2987.4905008905316,3066.420766688892
BLST_2026_0404,2026-05-11 16:21:26.213592234,2026,3371.5108339198105,2757.778348849932,3091.7860645872215,3135.5389216797507,1.0006620661355723,1.0866306524757188,0.8641809679040043,0.9359388050554392,4110.162257897158,3256.862138460087,3635.23700561039,3744.877811537972
BLST_2026_0405,2026-05-12 00:08:23.300970874,2026,3249.259550060476,2757.778348849932,3086.354587611474,3111.132225315779,0.9776372284340882,1.0866306524757188,0.8825709698310896,0.9357825863928125,3784.9652371475054,3256.862138460087,3621.801736565118,3648.1076746560334
BLST_2026_0406,2026-05-12 07:55:20.388349514,2026,3539.7866206551844,2757.778348849932,3391.9581106097785,3455.230856248214,1.0439804591620776,1.0866306524757188,0.980540325158937,0.9989983015411985,4432.353862575574,3256.862138460087,3999.931923183682,4155.972413584464
BLST_2026_0407,2026-05-12 15:42:17.475728156,2026,2287.0485729780485,2757.778348849932,2359.2317064979643,2379.101756045271,1.0085836291905226,1.0866306524757188,1.0546397773656544,1.0443549539914654,2982.495680299188,3256.862138460087,2808.54690763593,2737.6326752603186
BLST_2026_0408,2026-05-12 23:29:14.563106796,2026,2277.7359116490284,2757.778348849932,2272.2054000489507,2320.425703629873,1.1439558170662514,1.0866306524757188,1.1453206306109998,1.157644919609901,2645.0036976972624,3256.862138460087,2689.79560200718,2748.567904817892
BLST_2026_0409,2026-05-13 07:16:11.650485438,2026,3008.6261024887776,2757.778348849932,3030.4980574216456,3171.38053961805,0.9548476437400336,1.0866306524757188,0.9368112475902021,0.9910260714132372,3695.6781301662695,3256.862138460087,3569.1894420338217,3701.2398889405617
BLST_2026_0410,2026-05-13 15:03:08.737864078,2026,2948.054781108961,2757.778348849932,2993.9155105120267,3077.621983772724,0.9888084508095866,1.0866306524757188,0.9972183647682101,1.0304742638345623,3618.66196214261,3256.862138460087,3531.6754754619233,3652.1554865774074
BLST_2026_0411,2026-05-13 22:50:05.825242718,2026,2463.782073322475,2757.778348849932,2325.8363974706012,2273.4334669118853,1.1812204943158122,1.0866306524757188,1.1251259585880826,1.1082509160468326,2771.975776444184,3256.862138460087,2748.6021118737563,2679.8996028336587
BLST_2026_0412,2026-05-14 06:37:02.912621360,2026,2724.4290088811053,2757.778348849932,2533.382704004102,2542.754216298992,1.2522489398456595,1.0866306524757188,1.1714366209109404,1.1653085645461128,3189.3371784999968,3256.862138460087,2985.9449781640633,2908.137695133417
BLST_2026_0413,2026-05-14 14:24:00.000000000,2026,2270.320370542649,2757.778348849932,2616.602252519289,2537.9941169531894,0.9848638886123808,1.0866306524757188,1.1466267929441694,1.1077132971858206,2543.325851299024,3256.862138460087,3094.4833453397027,3019.676114315019
BLST_2026_0414,2026-05-14 22:10:57.087378642,2026,3270.7660992808915,2757.778348849932,3129.4426850584473,3084.740376567609,1.1064031154369491,1.0866306524757188,1.0623413580121452,1.0560892336911496,4042.810586087913,3256.862138460087,3688.7355272106483,3608.7870332787
BLST_2026_0415,2026-05-15 05:57:54.174757282,2026,2412.00726489928,2757.778348849932,2514.852876096801,2498.543736938267,1.1932072008848025,1.0866306524757188,1.2325648205048654,1.22034889274172,2806.2990976268875,3256.862138460087,2977.369634188146,2984.525816199747
BLST_2026_0416,2026-05-15 13:44:51.262135922,2026,3621.053787728505,2757.778348849932,3357.504609419273,3223.4677610459544,1.1627976865717715,1.0866306524757188,1.0892556174862211,1.0390481532362974,4288.849754524974,3256.862138460087,3947.236469365589,3799.808304388829
BLST_2026_0417,2026-05-15 21:31:48.349514564,2026,2752.991746752742,2757.778348849932,2859.730664547596,2870.2732063796016,1.047649646543865,1.0866306524757188,1.0969917551910382,1.0995214093424115,3389.035342641,3256.862138460087,3390.3319804044904,3382.980429682097
BLST_2026_0418,2026-05-16 05:18:45.436893204,2026,2554.7143254037187,2757.778348849932,2501.0727567098306,2522.0234625811527,1.195539713935347,1.0866306524757188,1.1731702855685788,1.1604769830118404,3141.2646548882103,3256.862138460087,2982.872573480535,3062.8997555834476
BLST_2026_0419,2026-05-16 13:05:42.524271844,2026,2776.274041800076,2757.778348849932,2721.540674694111,2727.438882159882,1.1196529843175185,1.0866306524757188,1.1109264333579247,1.1029579436768833,3343.2890879321767,3256.862138460087,3203.871750911407,3183.6360592604947
BLST_2026_0420,2026-05-16 20:52:39.611650486,2026,2635.352146762681,2757.778348849932,2639.6158784253794,2614.755537645309,1.2382548072366983,1.0866306524757188,1.2325545123015593,1.2209455264110838,3059.5410963003574,3256.862138460087,3110.4897053619934,3055.318223685493
BLST_2026_0421,2026-05-17 04:39:36.699029126,2026,2721.8327892838765,2757.778348849932,2668.547993391964,2629.8166970902603,0.9681341313390248,1.0866306524757188,0.9422845653089833,0.9421611289162849,2984.849659740143,3256.862138460087,3152.7188088028456,3187.2888679819075
BLST_2026_0422,2026-05-17 12:26:33.786407768,2026,2517.4825615047457,2757.778348849932,2710.494555235964,2748.3319820785946,1.1083694876057846,1.0866306524757188,1.2005224727767256,1.2043803530428536,2869.808071926416,3256.862138460087,3191.4162561034664,3231.4550857828244
BLST_2026_0423,2026-05-17 20:13:30.873786408,2026,2764.916086714184,2757.778348849932,2750.4559015698965,2702.739242057996,0.9945576097156495,1.0866306524757188,0.9857096551516379,0.996588591301048,3478.639571152456,3256.862138460087,3259.3960042161093,3124.05913658035
BLST_2026_0424,2026-05-18 04:00:27.961165048,2026,3140.1296675521057,2757.778348849932,3069.316565478126,2977.833362091067,1.2048591336481285,1.0866306524757188,1.1940444960316658,1.1508219017126853,3875.3480912882897,3256.862138460087,3607.493548561747,3468.229459162155
BLST_2026_0425,2026-05-18 11:47:25.048543690,2026,2279.528264595699,2757.778348849932,2536.224229177649,2642.223871064923,0.9290415437122304,1.0866306524757188,1.048466471744119,1.0602571054188397,2533.5768477099523,3256.862138460087,3008.9347418814395,3036.4684645691354
BLST_2026_0426,2026-05-18 19:34:22.135922330,2026,2505.784186612327,2757.778348849932,2592.6039306704306,2656.6948679598195,1.0971618481126093,1.0866306524757188,1.1469048147392238,1.1581377000672035,3055.6577984379787,3256.862138460087,3055.521395581379,3129.184093022167
BLST_2026_0427,2026-05-19 03:21:19.223300972,2026,2430.3617351434746,2757.778348849932,2530.880885273166,2507.403334347535,1.0874048323131886,1.0866306524757188,1.1403970795663427,1.1289072056348444,2812.0863013421467,3256.862138460087,2988.805530033209,2885.5766786407667
BLST_2026_0428,2026-05-19 11:08:16.310679612,2026,2913.9331719903053,2757.778348849932,2852.679428868625,2888.5614463174647,1.1207368362461148,1.0866306524757188,1.1129758215835655,1.1028440771124886,3626.337992210436,3256.862138460087,3348.8278118938574,3364.0176188734285
BLST_2026_0429,2026-05-19 18:55:13.398058252,2026,2713.2843051590435,2757.778348849932,2700.813914661832,2733.381026532778,1.0518281572318613,1.0866306524757188,1.0576428936359465,1.0497934924712915,3252.093769969406,3256.862138460087,3204.111723849705,3214.8657813382906
BLST_2026_0430,2026-05-20 02:42:10.485436894,2026,3130.181330258314,2757.778348849932,3258.712459997869,3134.8977605973078,1.0696518359516285,1.0866306524757188,1.126991175357347,1.0724202914679308,3835.815632569326,3256.862138460087,3822.596400530319,3648.595168006661
BLST_2026_0431,2026-05-20 10:29:07.572815534,2026,2456.664964681605,2757.778348849932,2431.4619357769575,2433.880469640455,1.1825156725041586,1.0866306524757188,1.1708324573727236,1.164599627294033,2999.0530690955384,3256.862138460087,2885.9924263753196,2890.0693654414654
BLST_2026_0432,2026-05-20 18:16:04.660194176,2026,2554.625814889894,2757.778348849932,2721.428879806235,2618.5605956737227,1.0559164335589573,1.0866306524757188,1.1382466243310123,1.0907907120906362,2992.2724544539087,3256.862138460087,3226.75020645338,3095.3853396185696
BLST_2026_0433,2026-05-21 02:03:01.747572816,2026,3537.098798104651,2757.778348849932,3449.387860287717,3433.614080535494,1.2339682397462146,1.0866306524757188,1.2246358111890148,1.2024911879647613,4173.4990374847885,3256.862138460087,4054.14717355476,4097.990596795257
BLST_2026_0434,2026-05-21 09:49:58.834951456,2026,2409.611076983221,2757.778348849932,2315.161065990512,2364.020327437188,1.206182482191816,1.0866306524757188,1.161510875175423,1.1788103533561876,2687.7080861141803,3256.862138460087,2732.1545832493084,2807.8845554972036
BLST_2026_0435,2026-05-21 17:36:55.922330098,2026,2130.5474365122204,2757.778348849932,2353.0442824787096,2395.312276518672,1.0438069537428396,1.0866306524757188,1.1569654613456932,1.1695243818916372,2730.2505775310246,3256.862138460087,2798.725277016343,2934.2442371141906
BLST_2026_0436,2026-05-22 01:23:53.009708738,2026,3404.648394025399,2757.778348849932,3312.530082739512,3296.894929582457,1.0849113200800642,1.0866306524757188,1.0587608734605847,1.03589717685818,3867.044124275136,3256.862138460087,3902.6778057845486,3905.8359285859897
BLST_2026_0437,2026-05-22 09:10:50.097087378,2026,2658.7347447683237,2757.778348849932,2656.290100974745,2647.0873556942174,1.020910228583762,1.0866306524757188,1.0280875189879415,1.022251881153949,3249.226211722324,3256.862138460087,3121.5239362663688,3102.2490496012483
BLST_2026_0438,2026-05-22 16:57:47.184466020,2026,2371.355499375228,2757.778348849932,2548.3872265365235,2547.177702627186,1.0900382070671517,1.0866306524757188,1.1753793561424422,1.1584127282913157,2929.0889642750467,3256.862138460087,3010.6119796320572,3036.932987868929
BLST_2026_0439,2026-05-23 00:44:44.271844660,2026,2857.731434947167,2757.778348849932,2732.1018396934614,2746.6242725919305,1.095326140274372,1.0866306524757188,1.0549672596641415,1.0519182026224227,3747.321198203576,3256.862138460087,3232.817701167294,3192.7614516053136
BLST_2026_0440,2026-05-23 08:31:41.359223302,2026,2931.9669139668777,2757.778348849932,2808.7217235441567,2747.585555135615,1.1709748271654563,1.0866306524757188,1.1372765480578988,1.1157991120251882,3262.2984031082747,3256.862138460087,3303.8364623966527,3268.815994639115
BLST_2026_0441,2026-05-23 16:18:38.446601942,2026,2152.3078935636745,2757.778348849932,2459.2106414573855,2443.7093297951287,0.9964076429087008,1.0866306524757188,1.1464941570256013,1.1317697553532136,2623.4693749746034,3256.862138460087,2912.5194659872845,2893.5690135333975
BLST_2026_0442,2026-05-24 00:05:35.533980582,2026,2697.5034482821275,2757.778348849932,2723.7569714143788,2728.976450514549,1.1632838548042082,1.0866306524757188,1.1842619269697372,1.194124978886373,3412.0106345811446,3256.862138460087,3223.0202663900727,3273.99524675959
BLST_2026_0443,2026-05-24 07:52:32.621359224,2026,2019.6396315523568,2757.778348849932,2129.8604885435598,2113.855077661183,1.109826419961438,1.0866306524757188,1.1621544055552153,1.1718086899114235,2478.971590200729,3256.862138460087,2555.5008091717255,2591.8295672255645
BLST_2026_0444,2026-05-24 15:39:29.708737864,2026,3594.631745269939,2757.778348849932,3530.7167937459308,3333.5228631322034,1.181098954587369,1.0866306524757188,1.1833344873843405,1.1239034783723896,4114.238590729994,3256.862138460087,4129.317551422328,4007.864574979777
BLST_2026_0445,2026-05-24 23:26:26.796116506,2026,2183.8405746434164,2757.778348849932,2369.973231201833,2373.512532841645,0.9995936414266552,1.0866306524757188,1.1007254080261666,1.0780606046027257,2408.9530811591503,3256.862138460087,2809.6787798140035,2764.879538513668
BLST_2026_0446,2026-05-25 07:13:23.883495146,2026,3315.836103729531,2757.778348849932,3257.591421443226,3111.7786720229,1.112125797499814,1.0866306524757188,1.1045041540202287,1.0428120889768286,3941.444426745993,3256.862138460087,3820.2885360356745,3663.83680669286
BLST_2026_0447,2026-05-25 15:00:20.970873786,2026,3048.7411879425,2757.778348849932,3137.26559524338,3088.566521891912,1.0242928958035165,1.0866306524757188,1.0579616014348812,1.0395522484271982,3575.904549580865,3256.862138460087,3685.4093395322843,3698.864647049394
BLST_2026_0448,2026-05-25 22:47:18.058252428,2026,2356.119978184098,2757.778348849932,2209.8352733952484,2234.9267825582087,1.2520257693853154,1.0866306524757188,1.1703218540164926,1.1848630938643405,2678.583314963292,3256.862138460087,2624.917569264754,2680.6870568785803
BLST_2026_0449,2026-05-26 06:34:15.145631068,2026,2809.272419407705,2757.778348849932,3094.4749052557054,3000.215684063738,0.99860001968694,1.0866306524757188,1.1125045325875544,1.0558230510412216,3281.4946740473874,3256.862138460087,3639.2994448206146,3508.576295511922
BLST_2026_0450,2026-05-26 14:21:12.233009710,2026,2447.7951014880205,2757.778348849932,2560.3895195952373,2571.0764324761235,0.9790077766634973,1.0866306524757188,1.0373739195244944,1.0161842735282915,2976.8725610896067,3256.862138460087,3028.651445494542,3038.83563498736
BLST_2026_0451,2026-05-26 22:08:09.320388350,2026,3054.3294663852653,2757.778348849932,2953.583732694092,2856.1095035704343,1.0659650605407966,1.0866306524757188,1.0294642799574234,0.994701424339963,3874.158805532211,3256.862138460087,3482.5370705747396,3459.0582209411828
BLST_2026_0452,2026-05-27 05:55:06.407766990,2026,3210.017188714442,2757.778348849932,3147.570992423114,3206.6969149956353,1.006174152038097,1.0866306524757188,0.9641899265992339,1.0134797368989787,3663.3061962544143,3256.862138460087,3711.9771080468445,3902.1036061897553
BLST_2026_0453,2026-05-27 13:42:03.495145632,2026,2516.139828464428,2757.778348849932,2452.4672497807405,2514.781434656333,1.1395613884538638,1.0866306524757188,1.1208045690711224,1.1315820997078598,3019.342971651656,3256.862138460087,2920.63165395319,3023.228659117911
BLST_2026_0454,2026-05-27 21:29:00.582524272,2026,2778.578829187756,2757.778348849932,2807.363149303313,2787.4556625055347,1.000323855363236,1.0866306524757188,1.0130302201700216,1.0037847350236822,2945.5046262531664,3256.862138460087,3324.2606623250554,3292.2393939650824
BLST_2026_0455,2026-05-28 05:15:57.669902912,2026,2563.986261677888,2757.778348849932,2569.579299908003,2532.4692902037386,1.016618027482305,1.0866306524757188,1.0269100434563296,1.0034718560278633,2902.795489782605,3256.862138460087,3050.960880399454,2972.2199352784637
BLST_2026_0456,2026-05-28 13:02:54.757281554,2026,1956.644229739992,2757.778348849932,1903.5993802270214,2042.7702034574847,1.1855037459597115,1.0866306524757188,1.1467845890851178,1.2205543172079096,2341.3497446222937,3256.862138460087,2262.4375313803366,2448.4985985392796
BLST_2026_0457,2026-05-28 20:49:51.844660194,2026,3245.900473311693,2757.778348849932,3316.314413926347,3179.8113645753524,1.110379931199938,1.0866306524757188,1.1527131439989382,1.1020692030156174,3883.050433126836,3256.862138460087,3872.6450122130127,3676.7110364471723
BLST_2026_0458,2026-05-29 04:36:48.932038836,2026,2270.487810817712,2757.778348849932,2348.0518526437877,2349.017068457148,1.077300217670861,1.0866306524757188,1.1225647712857867,1.1115457348894962,2528.947539709617,3256.862138460087,2808.8070467144457,2866.2789570201853
BLST_2026_0459,2026-05-29 12:23:46.019417476,2026,3011.2056440145348,2757.778348849932,2977.8974242590316,2814.5933639066043,1.4030292558365016,1.0866306524757188,1.3575480441217107,1.317671458134095,3410.212968988096,3256.862138460087,3511.3213143867065,3412.855277666767
BLST_2026_0460,2026-05-29 20:10:43.106796116,2026,2459.7132508556106,2757.778348849932,2369.8728651875495,2345.660333971579,1.2857970584999538,1.0866306524757188,1.2199498844775967,1.2278550640957824,3055.046161139976,3256.862138460087,2800.0242795129598,2808.096759661914
BLST_2026_0461,2026-05-30 03:57:40.194174758,2026,2021.1412334971812,2757.778348849932,2205.1723665986738,2277.881946591368,0.970854501429193,1.0866306524757188,1.0770645797404934,1.0861996229409152,2392.5913064400447,3256.862138460087,2612.8353735453356,2687.82041035431
BLST_2026_0462,2026-05-30 11:44:37.281553398,2026,3389.721532836659,2757.778348849932,3294.7552459207977,3188.0686269424723,1.1125574473637705,1.0866306524757188,1.091835407813126,1.0500330940540696,3729.835773232274,3256.862138460087,3868.079952299232,3741.6555042380046
BLST_2026_0463,2026-05-30 19:31:34.368932040,2026,2837.508671813844,2757.778348849932,2598.7627752728567,2596.702095233083,1.1397069409620797,1.0866306524757188,1.054921282720882,1.0430565862217305,3256.435449049148,3256.862138460087,3076.263315532445,3102.0136145397696
BLST_2026_0464,2026-05-31 03:18:31.456310680,2026,2589.7139867567103,2757.778348849932,2747.7617275813445,2765.530126851987,0.9767893923421564,1.0866306524757188,1.045920115458439,1.0448725347507137,3236.714566280932,3256.862138460087,3257.6039057302605,3364.8779359859222
BLST_2026_0465,2026-05-31 11:05:28.543689320,2026,2088.3614839058014,2757.778348849932,2174.0879265327503,2258.0001627562974,1.1626215032768803,1.0866306524757188,1.195390344320355,1.238265769243023,2416.2056902403906,3256.862138460087,2590.599302284699,2688.1848707271083
BLST_2026_0466,2026-05-31 18:52:25.631067962,2026,2835.4227530017265,2757.778348849932,2684.185411424788,2628.3130535716928,1.1545566880960587,1.0866306524757188,1.1055998651647199,1.0523443559605525,3381.139169716376,3256.862138460087,3175.02344395933,3154.2001602057785
BLST_2026_0467,2026-06-01 02:39:22.718446602,2026,2782.740809386404,2757.778348849932,2767.8188356619926,2870.219931414131,1.0325674753303726,1.0866306524757188,1.0359150042567429,1.0624084162182204,3249.919417400127,3256.862138460087,3256.692892289676,3426.832248559511
BLST_2026_0468,2026-06-01 10:26:19.805825244,2026,3037.5662802927754,2757.778348849932,3005.4132250568446,3032.8985865740037,1.0193913287073384,1.0866306524757188,1.002448945581498,1.0110200294257834,3379.062611753762,3256.862138460087,3554.3042619161693,3555.0190788569894
BLST_2026_0469,2026-06-01 18:13:16.893203884,2026,2300.3304382402207,2757.778348849932,2242.5965305622603,2294.7843246063426,1.147874403540351,1.0866306524757188,1.1291860999562473,1.123008638537115,2713.510940152622,3256.862138460087,2658.828831239839,2813.7127916938125
BLST_2026_0470,2026-06-02 02:00:13.980582524,2026,2265.220118983842,2757.778348849932,2249.5902299916147,2267.350004041199,1.1476766341038978,1.0866306524757188,1.1465431042071772,1.1393244302650665,2910.5021955876414,3256.862138460087,2657.6291335623414,2700.185005262938
BLST_2026_0471,2026-06-02 09:47:11.067961166,2026,2491.502541573681,2757.778348849932,2554.1349703806222,2524.1382999626135,1.053042640139929,1.0866306524757188,1.0913508492771,1.0659585206483022,2895.6919344102225,3256.862138460087,3007.4986069020397,3007.99033907012
BLST_2026_0472,2026-06-02 17:34:08.155339806,2026,2581.520255820511,2757.778348849932,2687.137962355696,2709.111468939435,1.004924924101022,1.0866306524757188,1.0566412315816003,1.0480157069507807,3257.68520812519,3256.862138460087,3170.5693277171345,3129.386546686036
BLST_2026_0473,2026-06-03 01:21:05.242718446,2026,2825.681671774409,2757.778348849932,2787.0894886923898,2793.2002920962836,1.1997925706879422,1.0866306524757188,1.1910119164709234,1.1768067649156557,3065.5033181640306,3256.862138460087,3274.7798208361633,3265.9655495376574
BLST_2026_0474,2026-06-03 09:08:02.330097088,2026,2604.9176948944464,2757.778348849932,2707.5714669050794,2669.930745028922,1.0296569940670373,1.0866306524757188,1.081115333159596,1.057745708592988,2851.0609028922504,3256.862138460087,3194.7376178017166,3173.337131888689
BLST_2026_0475,2026-06-03 16:54:59.417475728,2026,2758.8169827858846,2757.778348849932,2970.4730578189888,2952.3346117218107,0.9384475313806624,1.0866306524757188,1.0060675008376845,1.0039239621036957,2979.341749962121,3256.862138460087,3499.4270500381836,3492.569907105621
BLST_2026_0476,2026-06-04 00:41:56.504854370,2026,2747.8209514562127,2757.778348849932,2725.0000755742526,2785.0450316229735,1.0380272695163837,1.0866306524757188,1.0355568851019235,1.0557363919962943,3322.102399267489,3256.862138460087,3245.558721160735,3294.7584987786922
BLST_2026_0477,2026-06-04 08:28:53.592233010,2026,2883.8891503331524,2757.778348849932,2831.8827333820755,2873.690658875804,1.069786790702972,1.0866306524757188,1.0573354362245129,1.0660030298331025,3249.135779110785,3256.862138460087,3358.5965205626608,3452.101379738617
BLST_2026_0478,2026-06-04 16:15:50.679611650,2026,2609.7961490551475,2757.778348849932,2604.3421673339226,2568.3330017692483,1.0363194231300663,1.0866306524757188,1.047606590489958,1.014367888447973,3072.5654215255213,3256.862138460087,3067.5275598505787,3056.2165395597244
BLST_2026_0479,2026-06-05 00:02:47.766990292,2026,2697.0142862581083,2757.778348849932,2312.02588140854,2413.0673362730927,1.1325700847217917,1.0866306524757188,0.9866864482732505,1.0049931124879268,3451.3370072838766,3256.862138460087,2762.6304567553943,2925.9606790047633
BLST_2026_0480,2026-06-05 07:49:44.854368932,2026,2762.251615115038,2757.778348849932,2754.570521892805,2773.9950787388243,1.0560654783007646,1.0866306524757188,1.064428177715152,1.052067081774441,3452.8488539286614,3256.862138460087,3264.8696994617594,3255.644619913854
BLST_2026_0481,2026-06-05 15:36:41.941747574,2026,2914.396686276061,2757.778348849932,2931.6259741555277,2997.99657544291,1.0585517483485678,1.0866306524757188,1.072458138351588,1.0740286672977974,3493.171040804644,3256.862138460087,3449.693331772418,3488.873996403366
BLST_2026_0482,2026-06-05 23:23:39.029126214,2026,2994.109497302367,2757.778348849932,3061.4574581370875,3015.5700008767735,1.013724333310245,1.0866306524757188,1.0388195642147502,1.0248568532525073,3459.352617371604,3256.862138460087,3590.324136259826,3566.8962473277215
BLST_2026_0483,2026-06-06 07:10:36.116504854,2026,2490.757324927399,2757.778348849932,2619.7368248802986,2604.1245088231676,0.960897674966994,1.0866306524757188,1.018457842654502,1.0124905471745835,2980.611042174382,3256.862138460087,3090.405821213601,3094.045071855074
BLST_2026_0484,2026-06-06 14:57:33.203883496,2026,2256.620516955304,2757.778348849932,2294.5751606740123,2372.8379595861875,1.1932768661287774,1.0866306524757188,1.1976609208046498,1.2311206958747758,2636.4424529851626,3256.862138460087,2718.3849388722456,2830.5312697968275
BLST_2026_0485,2026-06-06 22:44:30.291262136,2026,2416.41945406773,2757.778348849932,2477.431026525386,2512.729636660692,1.1240190050499477,1.0866306524757188,1.1553147575185927,1.153210230056948,2713.105842258724,3256.862138460087,2927.440614368846,2955.9760164222344
BLST_2026_0486,2026-06-07 06:31:27.378640778,2026,2956.708444512717,2757.778348849932,2948.028334449586,2925.303792412165,1.001807408222883,1.0866306524757188,0.9923849949591744,0.9952167816195227,3776.570696021046,3256.862138460087,3457.1301750168386,3425.488682658959
BLST_2026_0487,2026-06-07 14:18:24.466019418,2026,2332.23607213933,2757.778348849932,2224.511519629841,2220.3182816818035,1.119720429687023,1.0866306524757188,1.0839375221832706,1.0687798988979207,2888.5658640426363,3256.862138460087,2648.41728837536,2631.113038613146
BLST_2026_0488,2026-06-07 22:05:21.553398058,2026,2982.97211707037,2757.778348849932,2803.1328447204,2849.728481140185,1.1203383028721194,1.0866306524757188,1.0614782699472463,1.080036053512107,3553.0477910684585,3256.862138460087,3314.818390179417,3362.9779218702442
BLST_2026_0489,2026-06-08 05:52:18.640776700,2026,2848.400476357373,2757.778348849932,2854.300643351647,2826.8318580168484,1.0594890402091477,1.0866306524757188,1.0682121131812685,1.0586403799457038,3276.433417634998,3256.862138460087,3366.551177688695,3353.947577328174
BLST_2026_0490,2026-06-08 13:39:15.728155340,2026,2981.4995694087097,2757.778348849932,2987.081316114416,2998.461351981773,0.9600190522054368,1.0866306524757188,0.9407764285733987,0.940890281483083,3833.545175930121,3256.862138460087,3516.6608791476992,3468.1602027797953
BLST_2026_0491,2026-06-08 21:26:12.815533980,2026,2571.5470852210474,2757.778348849932,2511.595300022346,2562.319469297064,1.1329529287625664,1.0866306524757188,1.119926486686213,1.1264182801132532,3026.7413883593445,3256.862138460087,2968.393124682644,3058.7226363429527
BLST_2026_0492,2026-06-09 05:13:09.902912622,2026,2848.164041262852,2757.778348849932,2873.188991780821,2875.418878912943,1.0366093183757978,1.0866306524757188,1.0543216793785999,1.0596766361098153,3293.124365442027,3256.862138460087,3391.929582420907,3412.1459450484454
BLST_2026_0493,2026-06-09 13:00:06.990291262,2026,2416.6961368755947,2757.778348849932,2358.8451601821407,2372.227848356318,1.1496249589406164,1.0866306524757188,1.1356345192254367,1.1353901696129038,2549.319025659907,3256.862138460087,2806.4132445606747,2892.492821434933
BLST_2026_0494,2026-06-09 20:47:04.077669904,2026,2387.654029148111,2757.778348849932,2372.7861703854414,2382.1435188555206,1.204104438371256,1.0866306524757188,1.187921653297817,1.1874253284288423,2700.5542809513468,3256.862138460087,2806.8719182862596,2793.7759356155443
BLST_2026_0495,2026-06-10 04:34:01.165048544,2026,2381.507533601559,2757.778348849932,2441.181785528286,2506.1650943114846,1.0820979620117412,1.0866306524757188,1.1214006033226236,1.1315388617918223,2942.397760705821,3256.862138460087,2910.370297432978,2947.4090186203216
BLST_2026_0496,2026-06-10 12:20:58.252427184,2026,2422.96905772643,2757.778348849932,2397.483987396493,2400.1933591592274,1.1085218171886193,1.0866306524757188,1.1123691500006432,1.0871130401942037,2856.452622763373,3256.862138460087,2831.42255901949,2843.3232766293636
BLST_2026_0497,2026-06-10 20:07:55.339805826,2026,2372.2056936429426,2757.778348849932,2510.771627729971,2542.2888307224557,1.1336173883293876,1.0866306524757188,1.1959907718423677,1.2035324546531707,2923.0021813410744,3256.862138460087,2976.458818493943,2960.426111080785
BLST_2026_0498,2026-06-11 03:54:52.427184466,2026,3331.8146040145543,2757.778348849932,2798.501263653944,2771.5454787608555,1.3555730502170011,1.0866306524757188,1.1541331151084284,1.1297998227249593,3893.780843221705,3256.862138460087,3295.7122994644315,3209.4749533795825
BLST_2026_0499,2026-06-11 11:41:49.514563108,2026,2551.587866134425,2757.778348849932,2597.975629014214,2602.040896635404,1.0954274736372769,1.0866306524757188,1.123187719760282,1.1033712472316497,2967.4849854917697,3256.862138460087,3084.1068403836666,3043.21431318505
BLST_2026_0500,2026-06-11 19:28:46.601941748,2026,3037.5487486511083,2757.778348849932,3116.3179833756767,3059.5229826488194,1.026012042599927,1.0866306524757188,1.0559713832944775,1.0406443592089583,3534.064177825064,3256.862138460087,3662.5543569928905,3641.1415720918317
BLST_2026_0501,2026-06-12 03:15:43.689320388,2026,2034.1835805894088,2757.778348849932,2044.5198455399777,2145.750190510581,1.0846072526675723,1.0866306524757188,1.1031559486105733,1.1185559137786234,2444.296508906087,3256.862138460087,2458.419510233521,2570.041453205565
BLST_2026_0502,2026-06-12 11:02:40.776699030,2026,2400.2058748926293,2757.778348849932,2788.7260978711884,2812.3046010783232,0.8929514789622648,1.0866306524757188,1.044437373451893,1.059617626879668,2813.787606247882,3256.862138460087,3308.4240703939495,3306.629092089102
BLST_2026_0503,2026-06-12 18:49:37.864077670,2026,2108.443196007073,2757.778348849932,2211.2577647842663,2223.8292013211403,1.0985882027329146,1.0866306524757188,1.1534129979792125,1.1347250069112151,2620.8949364319865,3256.862138460087,2637.3029360502424,2730.8450699535833
BLST_2026_0504,2026-06-13 02:36:34.951456312,2026,2810.0679952884266,2757.778348849932,2674.397733523764,2633.6922916475023,1.1720927997969064,1.0866306524757188,1.1293320251291246,1.1026572149285245,3382.874735631316,3256.862138460087,3155.2162244324422,3081.9090906767788
BLST_2026_0505,2026-06-13 10:23:32.038834952,2026,2910.820412918513,2757.778348849932,2750.80610312142,2741.1695232728025,1.1096242663691884,1.0866306524757188,1.062381224858609,1.050940888628313,3267.5192620062653,3256.862138460087,3235.917960132716,3235.0419387088828
BLST_2026_0506,2026-06-13 18:10:29.126213592,2026,2183.858752763978,2757.778348849932,2135.9293900891585,2052.8860419015223,1.3288191224577754,1.0866306524757188,1.2445135286003677,1.2742725943695121,2746.278277220545,3256.862138460087,2555.5305174788778,2464.2360461273047
BLST_2026_0507,2026-06-14 01:57:26.213592234,2026,3090.883828725256,2757.778348849932,3016.3661192859845,2999.363162468012,1.026764287109877,1.0866306524757188,0.9932078868343072,0.9947069423543073,3845.797305540974,3256.862138460087,3534.176304460459,3571.9614499958952
BLST_2026_0508,2026-06-14 09:44:23.300970874,2026,2987.245080371646,2757.778348849932,2941.072637105317,2937.930401392425,1.1748484152329717,1.0866306524757188,1.1720268687368811,1.1631600811281002,3650.8750197077406,3256.862138460087,3462.7596366837843,3476.264693939554
BLST_2026_0509,2026-06-14 17:31:20.388349514,2026,2957.2066340846536,2757.778348849932,2940.885425557143,2961.273689423757,1.0737506313563228,1.0866306524757188,1.07826809640875,1.0749335554462665,3388.596370183557,3256.862138460087,3473.8853785607125,3472.6585195973034
BLST_2026_0510,2026-06-15 01:18:17.475728156,2026,2513.500934582148,2757.778348849932,2528.8643758261114,2557.4775906195605,1.0511288474122906,1.0866306524757188,1.072267302007557,1.054252691598935,2887.054788322288,3256.862138460087,3004.6638843680375,3064.3272127681234
BLST_2026_0511,2026-06-15 09:05:14.563106796,2026,2307.636890714948,2757.778348849932,2388.1265869730764,2299.119638862055,1.271257957660625,1.0866306524757188,1.2688313050545745,1.253052795769879,2793.3111030599325,3256.862138460087,2821.219485650719,2763.4544506523134
BLST_2026_0512,2026-06-15 16:52:11.650485438,2026,2311.2257233152827,2757.778348849932,2523.385863930455,2518.9483203380296,0.9788433049427372,1.0866306524757188,1.082715750359623,1.080253551649309,2721.0446231135925,3256.862138460087,2977.321969793009,2977.4829200845234
BLST_2026_0513,2026-06-16 00:39:08.737864078,2026,2912.6678831758527,2757.778348849932,3021.160244785441,2911.2169516184817,1.0479417642534383,1.0866306524757188,1.0955482226061268,1.0770905778131359,3175.4311986550174,3256.862138460087,3545.431643786759,3407.8708751833765
BLST_2026_0514,2026-06-16 08:26:05.825242718,2026,2464.363820898778,2757.778348849932,2571.8125187262312,2580.0797108492898,0.9461800231460716,1.0866306524757188,0.9948826423369049,0.9706236810348994,2754.633471932921,3256.862138460087,3048.7407990833126,3061.0811891209137
BLST_2026_0515,2026-06-16 16:13:02.912621360,2026,3428.322832090072,2757.778348849932,3402.4999440868373,3353.7942368047716,1.0120225086381398,1.0866306524757188,0.9804783081485402,1.0005017761390964,4150.771283572876,3256.862138460087,3990.2946595304265,3881.032293159
BLST_2026_0516,2026-06-17 00:00:00.000000000,2026,2446.2552108639984,2757.778348849932,2525.78197270604,2499.0854336321922,1.0443407433586855,1.0866306524757188,1.0935048834634638,1.081785919043916,3107.955861734586,3256.862138460087,2986.820638887818,3033.1740437845892
