blast_name,year,firing_datetime,holes_count,bench_anon,powder_factor_kg_t,ucs_mpa,rmr,moisture_pct,mean_payload_t,throughput_tph,traceability_confidence,crusher_id,average_power_kw,specific_energy_kwh_t,peak_power_kw,data_status
BLST_2024_0001,2024,2024-01-01 00:00:00.000000000,333,3690,0.552690574632062,141.6739575393975,38.939582227895954,1.8875155259399954,311.56990938902726,2980.6461743882574,HIGH,CR01,3058.487319219408,1.0261155267270616,3502.0080334218924,SYNTHETIC
BLST_2024_0002,2024,2024-01-01 08:11:40.467726847,79,4110,0.36368143376557227,185.7619680100392,35.65090525961139,2.7156894577767994,375.8701993691874,2913.814584360582,MEDIUM,CR01,3035.4278233092055,1.0417367802334996,3370.1867499456794,SYNTHETIC
BLST_2024_0003,2024,2024-01-01 16:23:20.935453695,30,3810,0.3272084449308157,121.33200868772508,41.42996077379842,3.3137922316764508,306.3926758252362,2265.544842716103,HIGH,CR01,2325.73396609712,1.0265671737085804,2617.506191992492,SYNTHETIC
BLST_2024_0004,2024,2024-01-02 00:35:01.403180542,22,3645,0.38460368663630784,157.36928582112196,61.189823116939316,1.0683220443892467,354.30605259883026,3390.4045026678646,HIGH,CR02,2993.3770781548187,0.8828967386632981,3480.752842599171,SYNTHETIC
BLST_2024_0005,2024,2024-01-02 08:46:41.870907390,154,4080,0.42638699082220144,161.90146769404046,49.67362906587946,2.8749276475148755,335.312244852174,2303.858311210265,HIGH,CR01,2619.1586258553457,1.136857511206688,3022.9608590798152,SYNTHETIC
BLST_2024_0006,2024,2024-01-02 16:58:22.338634237,285,3885,0.3159643791978796,142.11871391131064,59.36097038854564,5.235904019565021,365.39713786110707,2450.949617598044,HIGH,CR01,2973.851508023548,1.2133466500784105,3596.338437172431,SYNTHETIC
BLST_2024_0007,2024,2024-01-03 01:10:02.806361085,25,3660,0.3714023392068645,131.46112231027084,58.40361360635121,2.8975246215159727,344.2024876905026,2621.662532986713,HIGH,CR01,2590.613193350737,0.9881566222786871,2845.4916924181666,SYNTHETIC
BLST_2024_0008,2024,2024-01-03 09:21:43.274087932,232,4140,0.48920109373657567,164.72973865793372,70.54721640547265,3.305441164496873,356.07674851275124,2779.035770026165,LOW,CR02,3420.6286497710844,1.2308688814533966,3943.584418531138,SYNTHETIC
BLST_2024_0009,2024,2024-01-03 17:33:23.741814780,113,3705,0.5622678254563739,173.2284125849045,61.27410739883506,1.5142501428676074,348.11610849298336,2270.3313613294167,MEDIUM,CR01,2710.3325475616184,1.1938048311919343,2992.5526470106197,SYNTHETIC
BLST_2024_0010,2024,2024-01-04 01:45:04.209541627,745,4275,0.44719169248959684,154.57176314374806,78.67284447308313,3.391157340595569,336.7939976795602,2826.6948947138007,LOW,CR01,3408.32495222284,1.2057632957121565,3860.271631514801,SYNTHETIC
BLST_2024_0011,2024,2024-01-04 09:56:44.677268475,166,4095,0.5065153378809769,152.0684509979902,40.66483385645539,1.4338251784109775,297.9622336989662,2604.570538749751,HIGH,CR01,2972.2739277427627,1.1411762067958877,3419.279873202181,SYNTHETIC
BLST_2024_0012,2024,2024-01-04 18:08:25.144995322,128,3810,0.5496554884498404,159.77742244641803,67.57887490196066,2.644933140410504,330.1260424578703,2383.2961866801274,HIGH,CR01,2760.4236212947208,1.1582377535458246,3574.7118555267507,SYNTHETIC
BLST_2024_0013,2024,2024-01-05 02:20:05.612722170,213,4260,0.4997922934269379,97.0757314433593,45.073643589563446,3.9925310798581246,352.0451331929483,2229.3554867295225,HIGH,CR01,2367.2187482737722,1.0618399633279194,2957.9273537454505,SYNTHETIC
BLST_2024_0014,2024,2024-01-05 10:31:46.080449017,907,3765,0.38972806369697777,179.49054169762522,51.592823004357726,1.0277440146958208,328.142095178025,2703.909481560051,HIGH,CR02,3351.154071996577,1.2393736161844777,4030.705299867626,SYNTHETIC
BLST_2024_0015,2024,2024-01-05 18:43:26.548175865,130,4170,0.5030693938024733,147.73941453737567,70.53915886911133,3.1611954575657415,346.0799140430997,2420.210606617575,HIGH,CR01,2455.7954990043145,1.0147032214012448,2859.298136464098,SYNTHETIC
BLST_2024_0016,2024,2024-01-06 02:55:07.015902712,27,3615,0.2343991993940621,100.98253845823078,57.55182675454977,3.2645030755886024,331.69750681041,2309.0687036656927,HIGH,CR01,2242.928439794702,0.9713563031857859,2667.978817279501,SYNTHETIC
BLST_2024_0017,2024,2024-01-06 11:06:47.483629560,66,3675,0.38706555156654954,187.63706427761772,56.761284768818854,2.6384284240108493,359.35639565819315,2979.411034651398,MEDIUM,CR02,2986.54926795526,1.0023958538183695,3670.844868779505,SYNTHETIC
BLST_2024_0018,2024,2024-01-06 19:18:27.951356407,92,4140,0.6043492856014554,191.57455635539884,47.54115380707742,1.0302271437551052,355.1331746142452,2879.569260775308,HIGH,CR01,3152.6948072797554,1.0948494450975317,3667.275730996364,SYNTHETIC
BLST_2024_0019,2024,2024-01-07 03:30:08.419083255,83,4185,0.47113864750482676,213.8370381331446,44.38526709701046,2.2422159706941995,357.80909864107764,2334.934203885967,HIGH,CR01,2738.404323527896,1.172797211574718,3311.72496741816,SYNTHETIC
BLST_2024_0020,2024,2024-01-07 11:41:48.886810102,82,3885,0.5055145681944831,159.51643556225264,60.79627576564747,4.127047769099313,350.88434005800366,2576.33328735942,HIGH,CR01,2796.61118998287,1.0855005459519647,3332.4164302480362,SYNTHETIC
BLST_2024_0021,2024,2024-01-07 19:53:29.354536950,122,4245,0.4598001914099383,133.0015433012681,63.48975724862967,4.482154480693158,396.7569023834433,3476.740628998969,LOW,CR02,3095.7809003676316,0.8904261866836399,3587.726848770001,SYNTHETIC
BLST_2024_0022,2024,2024-01-08 04:05:09.822263797,343,3960,0.4167831470160995,168.40198302899012,74.36849304135157,3.086041627288794,404.0797021455877,2905.4477061692464,MEDIUM,CR02,2967.130640305272,1.0212300961414835,3333.3908880558433,SYNTHETIC
BLST_2024_0023,2024,2024-01-08 12:16:50.289990645,40,3675,0.5231492407940934,139.69615369848384,59.65571218353431,3.1237895906740776,333.0651181423196,2943.359129459851,MEDIUM,CR02,2948.554598737414,1.0017651496297417,3538.1238073709187,SYNTHETIC
BLST_2024_0024,2024,2024-01-08 20:28:30.757717493,56,4005,0.5801158348652031,123.75784106198336,51.21999761777702,2.0672557703335976,362.668430820547,2834.5436336783855,HIGH,CR02,3071.935619335383,1.0837496318054325,3309.8460778097847,SYNTHETIC
BLST_2024_0025,2024,2024-01-09 04:40:11.225444340,103,4005,0.42003469359446344,129.12064646467,46.939344909024996,1.906900102875545,325.66792569421193,2239.8818360316145,HIGH,CR02,2396.2117910901948,1.069793840257015,2900.5274076356827,SYNTHETIC
BLST_2024_0026,2024,2024-01-09 12:51:51.693171188,57,3615,0.34976242542337826,244.08802291061403,61.04760451426727,0.9650182968502463,315.18994021944366,2393.1682465339695,HIGH,CR02,2586.167851510355,1.0806460662579436,3363.713612601393,SYNTHETIC
BLST_2024_0027,2024,2024-01-09 21:03:32.160898035,90,3765,0.4536805499096955,185.49613118074603,45.89604465675266,2.0010261304027854,353.4601427930445,2780.5728071123026,HIGH,CR01,2964.3990505437837,1.0661109261233082,3459.723600677431,SYNTHETIC
BLST_2024_0028,2024,2024-01-10 05:15:12.628624883,236,3840,0.5580856204950871,147.57191386994256,59.18040030693062,3.9257498990606816,344.113045529455,2323.395223593121,MEDIUM,CR02,2690.0542824446734,1.1578117468471487,3104.182689189071,SYNTHETIC
BLST_2024_0029,2024,2024-01-10 13:26:53.096351730,62,4020,0.36335838613405613,196.14258432855087,74.79192405356275,5.333985088063788,350.27796418665025,2881.9652603257923,HIGH,CR02,2873.93916940481,0.997215063265518,3135.083330117761,SYNTHETIC
BLST_2024_0030,2024,2024-01-10 21:38:33.564078578,203,4035,0.4734298360376898,158.61172619140024,47.67743395791491,1.8804099849867906,353.0184305361299,2227.2906229898767,MEDIUM,CR01,2642.141974050446,1.1862582937217596,3194.626823235928,SYNTHETIC
BLST_2024_0031,2024,2024-01-11 05:50:14.031805425,229,3705,0.3456055928531358,100.94988749747228,78.57678280805334,2.091824264080036,349.21802157566896,2097.4242418757235,HIGH,CR02,2219.469340115798,1.058188084128812,2782.687524105077,SYNTHETIC
BLST_2024_0032,2024,2024-01-11 14:01:54.499532273,89,4095,0.2917832983873082,194.58893207779127,64.39985985519448,2.4553776552216062,335.1075328712287,1964.6575565662079,MEDIUM,CR01,2217.9079816780004,1.128903087596812,2605.8839791911537,SYNTHETIC
BLST_2024_0033,2024,2024-01-11 22:13:34.967259120,125,3870,0.4831995493456935,54.98677171487934,71.43922018320569,1.7810593133522754,354.93366299221486,2833.560757155857,MEDIUM,CR02,2239.784744167918,0.7904488155094536,2537.4818029989688,SYNTHETIC
BLST_2024_0034,2024,2024-01-12 06:25:15.434985968,132,3870,0.42857250574455347,175.05965064978437,68.26176522370616,3.930142083715615,313.0732597775904,2468.1084478296893,HIGH,CR02,2528.7580683290935,1.0245733207358598,3079.7149846559623,SYNTHETIC
BLST_2024_0035,2024,2024-01-12 14:36:55.902712815,56,3810,0.6386189158556081,160.32841300442539,20.0,1.6662939647458361,339.06924413943244,2931.525184852268,HIGH,CR01,3024.630412834711,1.0317599959446144,3769.5860835813983,SYNTHETIC
BLST_2024_0036,2024,2024-01-12 22:48:36.370439663,120,3690,0.5471006335959188,170.2463884040097,67.067348054973,5.9329165382673175,318.3932136430893,2742.5948372091107,HIGH,CR01,3140.553914416008,1.1451031234390654,3625.467062043552,SYNTHETIC
BLST_2024_0037,2024,2024-01-13 07:00:16.838166510,158,4140,0.3992599423599575,193.96518078115062,90.0,2.2999979165017863,343.87761903080093,3039.2766669790135,MEDIUM,CR01,2761.13354033916,0.9084837752147379,3186.121779788325,SYNTHETIC
BLST_2024_0038,2024,2024-01-13 15:11:57.305893358,127,3900,0.47614204127299686,236.2860097082226,58.173885565306215,4.749234866220963,366.52814619786517,2342.8468248875174,HIGH,CR01,2846.3833757052216,1.2149250840766679,3443.461367482983,SYNTHETIC
BLST_2024_0039,2024,2024-01-13 23:23:37.773620205,115,3615,0.4229603057904558,142.89201075865262,63.2647701460208,5.881263495437219,358.38929785706495,2703.8598321330182,HIGH,CR01,2885.952310847429,1.0673453840137719,3030.2499263898007,SYNTHETIC
BLST_2024_0040,2024,2024-01-14 07:35:18.241347053,47,3705,0.35978888618189486,216.7373636995317,60.203160325512385,4.399608823846387,318.9498505339989,1617.820811378318,HIGH,CR01,2147.219371551612,1.327229416539813,2544.6260389514873,SYNTHETIC
BLST_2024_0041,2024,2024-01-14 15:46:58.709073900,168,4275,0.5979462143852193,190.05007298950042,71.64348187622315,4.212724269864027,346.1985665419851,3712.323074653549,HIGH,CR01,3836.4454885528394,1.0334352402534022,4303.770495454191,SYNTHETIC
BLST_2024_0042,2024,2024-01-14 23:58:39.176800748,243,3780,0.5121601313120971,218.08522857741147,67.74294120028533,3.981848744772751,349.25501494895747,2259.4567079390285,MEDIUM,CR02,2348.9578405746656,1.039611793543624,2792.9223067488806,SYNTHETIC
BLST_2024_0043,2024,2024-01-15 08:10:19.644527595,786,4275,0.3501976406706122,205.78911187386586,78.42736560907078,5.083998181998736,342.9546993010046,2686.0759076343006,HIGH,CR01,3623.202067164425,1.3488829771588535,4518.726565933853,SYNTHETIC
BLST_2024_0044,2024,2024-01-15 16:22:00.112254443,86,3960,0.43852220509980777,188.13413110209606,43.69140356495332,2.913876378823637,381.85824178245616,2179.056154914848,MEDIUM,CR02,2515.943349244313,1.1546023463276145,2863.2911891706935,SYNTHETIC
BLST_2024_0045,2024,2024-01-16 00:33:40.579981290,38,3885,0.2967135121647293,151.3584025646308,54.44184805436901,4.148408698141645,339.6597155009128,2567.905030263854,LOW,CR02,2219.6764652678594,0.8643919611932791,2708.256822685437,SYNTHETIC
BLST_2024_0046,2024,2024-01-16 08:45:21.047708138,42,3900,0.4808799276848166,72.64448486427963,67.1776067070846,1.2081345422963747,332.2507235051568,2531.1020127899374,HIGH,CR02,2359.016859613494,0.932011767085294,2692.4580069180984,SYNTHETIC
BLST_2024_0047,2024,2024-01-16 16:57:01.515434986,210,3990,0.3802442793403692,136.265086104729,70.74248133173369,3.5374077987721755,332.6812023233543,2797.255376850363,HIGH,CR01,2916.9968009348117,1.0428067544620379,3062.8466409815524,SYNTHETIC
BLST_2024_0048,2024,2024-01-17 01:08:41.983161833,84,4065,0.56099696431057,221.17845887116772,35.863878045386976,1.4703790403191357,377.13526314927924,2171.56570771292,HIGH,CR02,2576.2207236292506,1.1863425152087665,2705.031759810713,SYNTHETIC
BLST_2024_0049,2024,2024-01-17 09:20:22.450888681,310,4260,0.46009367917351546,143.2091971642701,78.14857735967864,2.6771238941999127,372.67578545128026,1768.2986525076665,LOW,CR01,2322.857558716177,1.3136115640998072,2994.9144038827585,SYNTHETIC
BLST_2024_0050,2024,2024-01-17 17:32:02.918615528,186,3660,0.3541988399298771,112.23074764082716,59.332140772341035,2.908857143119671,330.33796144683447,2981.584049632605,HIGH,CR01,2987.3114297180346,1.0019209185419862,3537.594477494723,SYNTHETIC
BLST_2024_0051,2024,2024-01-18 01:43:43.386342376,125,4185,0.710362629875041,114.19201153345568,67.616002609368,4.183211716471696,342.47791618880836,2789.8931078422397,LOW,CR02,2987.870366889236,1.0709623098069574,3429.7607699726545,SYNTHETIC
BLST_2024_0052,2024,2024-01-18 09:55:23.854069223,213,3630,0.5495938684822258,120.24146188914422,52.663058155804805,3.3075113208421216,337.9080276764092,2777.274952051577,HIGH,CR01,2797.9185621149145,1.0074330451322753,3081.0957232602973,SYNTHETIC
BLST_2024_0053,2024,2024-01-18 18:07:04.321796071,66,4275,0.40594921391520067,105.06703354890058,48.86418552232435,2.2710969380215404,376.45008663046247,2485.0634813796382,HIGH,CR01,2503.189677499047,1.0072940575784992,2888.696008608021,SYNTHETIC
BLST_2024_0054,2024,2024-01-19 02:18:44.789522918,149,4230,0.4711713784170597,116.88006474377478,58.47424982298501,0.7620565176043681,365.24298483917374,2795.3510108079618,LOW,CR01,2650.2800365604144,0.9481027700325848,3161.907122650467,SYNTHETIC
BLST_2024_0055,2024,2024-01-19 10:30:25.257249766,299,3900,0.53479587434637,150.78749796737685,56.51381181593828,3.328526036011366,377.5547247254949,2534.9536064002987,HIGH,CR01,2897.476266043369,1.1430095835788734,3560.763532037636,SYNTHETIC
BLST_2024_0056,2024,2024-01-19 18:42:05.724976613,118,3720,0.4377916112028608,122.9963559992664,72.17857916914572,5.852769052871888,306.1491301838518,2871.701290145018,HIGH,CR01,3026.714490953481,1.0539795699993,3616.726523091413,SYNTHETIC
BLST_2024_0057,2024,2024-01-20 02:53:46.192703461,145,3915,0.6021700452736959,175.34704444843373,73.83042743686477,4.303308411976383,357.17592167812506,2973.6407095010322,HIGH,CR02,2990.6493367951125,1.0057197990462454,3835.2268281311744,SYNTHETIC
BLST_2024_0058,2024,2024-01-20 11:05:26.660430308,153,4050,0.5935994017767714,160.1970806052784,50.375296538040466,3.213179471098882,361.1048014855885,2888.049837662199,HIGH,CR02,3158.985816295799,1.0938127781246723,3687.0803879798887,SYNTHETIC
BLST_2024_0059,2024,2024-01-20 19:17:07.128157156,286,4035,0.41285822639179315,234.50805318774684,66.8711026275663,3.1159845694246395,371.6470385958347,1793.7989494716442,HIGH,CR01,2587.5694355851297,1.4425080560713268,3091.3198223003237,SYNTHETIC
BLST_2024_0060,2024,2024-01-21 03:28:47.595884003,132,4215,0.5114440122892475,198.91688504878917,46.750543182676154,1.253689847803749,362.62476656134294,2476.513424580045,HIGH,CR02,2652.9229911023476,1.0712330346249657,3255.796987794359,SYNTHETIC
BLST_2024_0061,2024,2024-01-21 11:40:28.063610851,164,3810,0.2765023917954567,134.54123044576252,53.9454129406798,5.624767638530999,359.995762085916,2530.865586763093,MEDIUM,CR01,2675.453236945184,1.0571297231027645,2822.3310772668483,SYNTHETIC
BLST_2024_0062,2024,2024-01-21 19:52:08.531337698,50,4140,0.5990124342296572,66.83333361242775,68.91438518006528,4.922007413586722,357.1791288130294,2390.3840138792775,LOW,CR02,2733.461172756386,1.1435238676652375,3411.398146010276,SYNTHETIC
BLST_2024_0063,2024,2024-01-22 04:03:48.999064546,75,4080,0.4969360659620774,163.45648383502672,63.713709875788574,1.028459637299325,395.4598365195878,2154.554207063484,HIGH,CR01,2481.1108717578245,1.151565768744067,2916.8110618953438,SYNTHETIC
BLST_2024_0064,2024,2024-01-22 12:15:29.466791393,81,3960,0.35088936844126495,114.52144213615568,74.46195924320176,4.846810811439822,369.35997609107727,2207.3528078465383,HIGH,CR02,2353.1082112714143,1.066031765699962,2917.056544385763,SYNTHETIC
BLST_2024_0065,2024,2024-01-22 20:27:09.934518241,201,4230,0.36667374084627535,214.2268038026813,62.02236691687902,3.949021126963439,393.1731802140967,2584.7416447825394,MEDIUM,CR01,2720.2451924019992,1.052424406862087,3075.612253650739,SYNTHETIC
BLST_2024_0066,2024,2024-01-23 04:38:50.402245088,169,4245,0.5911316985876712,74.62125113718511,71.49776907678965,2.547460634776732,348.243286427926,2670.494269682894,HIGH,CR01,2630.9506158566087,0.9851923839435983,2947.79387147948,SYNTHETIC
BLST_2024_0067,2024,2024-01-23 12:50:30.869971936,144,3675,0.5323720927043792,189.74125758409133,40.69859571602462,1.1983584801330842,337.9404337486599,2467.470663432795,HIGH,CR01,2717.151126607396,1.101188827439691,3205.0046400827246,SYNTHETIC
BLST_2024_0068,2024,2024-01-23 21:02:11.337698783,50,3930,0.6037357551897802,224.60979704976484,49.10077168566259,2.3802898380977906,354.22920304727836,2226.083330181452,HIGH,CR02,2705.4922022151563,1.2153598050593313,3430.4888163356736,SYNTHETIC
BLST_2024_0069,2024,2024-01-24 05:13:51.805425631,43,3975,0.4444314947350006,153.21777997667746,59.17203875967845,2.0165118673800833,350.10645720903403,2206.9468647064923,MEDIUM,CR02,2445.649823750686,1.1081598124819103,3063.043120486697,SYNTHETIC
BLST_2024_0070,2024,2024-01-24 13:25:32.273152478,185,3615,0.44120935126307853,182.9002766863367,50.392550163948854,3.9063681820848832,330.61202844522757,2460.139679578459,HIGH,CR02,2687.2394008099022,1.0923117183615998,3435.4239420998865,SYNTHETIC
BLST_2024_0071,2024,2024-01-24 21:37:12.740879326,444,3885,0.26021855001002236,167.23061844752272,89.10479739923714,1.9311359064040652,375.73180262574465,2334.272770499738,HIGH,CR01,2748.9306398306,1.177638995138554,3287.967808101923,SYNTHETIC
BLST_2024_0072,2024,2024-01-25 05:48:53.208606174,73,3990,0.4152617166401468,173.89224371537443,44.891984478434594,2.3598991644249336,321.42369131547446,2474.425163089011,HIGH,CR02,2542.415870014267,1.0274773745189278,2958.6536124741287,SYNTHETIC
BLST_2024_0073,2024,2024-01-25 14:00:33.676333021,199,4290,0.40356196078045514,127.45877457784282,66.98381335626941,4.923173749762131,359.70396462955415,2541.641298219234,HIGH,CR01,2957.5184769234197,1.1636254411649527,3580.1340025860018,SYNTHETIC
BLST_2024_0074,2024,2024-01-25 22:12:14.144059869,30,3660,0.3809884458848054,206.7802772189784,55.11924979002467,4.394761767341399,320.28921680955455,2740.678165207723,HIGH,CR01,2932.746659190325,1.070080645155957,3687.0799986452944,SYNTHETIC
BLST_2024_0075,2024,2024-01-26 06:23:54.611786716,25,4125,0.4134283214353791,101.26113457161628,44.58358081289949,3.124016168346848,377.98272763392174,1747.8995795865621,HIGH,CR02,1914.2318779443283,1.095161243986974,2303.957594441985,SYNTHETIC
BLST_2024_0076,2024,2024-01-26 14:35:35.079513564,99,4245,0.47108646020880873,108.29414131691355,68.859900920729,4.623371002542598,346.47573882076045,2910.0283484937772,LOW,CR02,2880.8537756840715,0.989974471271111,3379.814077747262,SYNTHETIC
BLST_2024_0077,2024,2024-01-26 22:47:15.547240411,150,3660,0.4358597329174622,184.67436554170877,57.02800401965854,1.8317517720186105,351.3511096816165,2528.736192516064,HIGH,CR01,2939.933199611584,1.1626096895012143,3277.5490332382437,SYNTHETIC
BLST_2024_0078,2024,2024-01-27 06:58:56.014967259,45,4035,0.41292896155268954,82.1463171286378,60.3354068501407,2.4975457976323483,331.90384993571155,3091.7704734196614,MEDIUM,CR01,2718.330640178962,0.8792148911275243,3016.8669530032957,SYNTHETIC
BLST_2024_0079,2024,2024-01-27 15:10:36.482694106,216,3915,0.40972170588937606,227.55156803838025,51.98958382822327,3.169233127582791,331.1115424319382,2003.1874805313282,LOW,CR02,2800.840698426084,1.3981919943325452,3161.6554469448192,SYNTHETIC
BLST_2024_0080,2024,2024-01-27 23:22:16.950420954,102,4020,0.5546052251047899,80.39255916845872,71.25364192964018,4.592111415972261,340.60269501560856,2200.760435480122,MEDIUM,CR01,2225.8245884218286,1.0113888602037862,2678.7571047097053,SYNTHETIC
BLST_2024_0081,2024,2024-01-28 07:33:57.418147801,59,4275,0.3302411710965843,86.99898355503709,59.48037752384616,4.494811567083336,362.7751876335195,2384.6722620552414,HIGH,CR01,2559.018349163969,1.0731111314048944,2913.012694196869,SYNTHETIC
BLST_2024_0082,2024,2024-01-28 15:45:37.885874649,38,4290,0.26786496580753616,192.34334733613431,50.953949254162374,2.36714801137083,385.05295109101877,2325.9217992131908,HIGH,CR01,2700.947906058513,1.1612376250019179,3280.578083640071,SYNTHETIC
BLST_2024_0083,2024,2024-01-28 23:57:18.353601496,101,3855,0.5055912031299443,148.12190762686754,52.44166326030238,6.361688905298,340.7239911729713,2447.381880824598,HIGH,CR01,2904.3532722308464,1.1867184663687553,3311.9381697377094,SYNTHETIC
BLST_2024_0084,2024,2024-01-29 08:08:58.821328344,231,4005,0.4443558903112893,171.1602788566097,59.228109893655294,3.2129625018272185,338.46603022144996,2997.7106044921165,HIGH,CR02,3065.6774983630085,1.0226729337278397,3472.959571587688,SYNTHETIC
BLST_2024_0085,2024,2024-01-29 16:20:39.289055191,97,4050,0.42424788010902087,201.21556858928338,66.78288623113822,3.8723950138787084,361.4672494034589,2333.1550093181663,HIGH,CR01,2822.4882535002653,1.2097302760544402,3478.594447873105,SYNTHETIC
BLST_2024_0086,2024,2024-01-30 00:32:19.756782039,57,3990,0.47783329395705043,159.5654904181632,80.43972087070362,0.9013218026372072,322.479133368537,2190.678889778398,HIGH,CR01,2409.9256610401335,1.1000816560951632,2766.527768062732,SYNTHETIC
BLST_2024_0087,2024,2024-01-30 08:44:00.224508886,232,4095,0.5252872167148881,132.5192662015157,38.988053996896014,4.135843535027332,366.8634862004534,2553.0269653580754,HIGH,CR01,2911.14679834732,1.1402726402221985,3255.0343860506155,SYNTHETIC
BLST_2024_0088,2024,2024-01-30 16:55:40.692235734,98,3675,0.6993927005727989,232.3703276598671,83.01844848116345,1.2027723280037592,331.6954855769335,2501.1680089696465,HIGH,CR02,2681.042003083996,1.0719159982333408,3242.9778640821874,SYNTHETIC
BLST_2024_0089,2024,2024-01-31 01:07:21.159962581,115,4020,0.45753995431460626,178.2818601945604,60.99873993094813,4.635607382444297,346.64251861147375,2504.835827408253,HIGH,CR02,2775.8812131034433,1.1082088425634027,3164.8510119819684,SYNTHETIC
BLST_2024_0090,2024,2024-01-31 09:19:01.627689429,372,4095,0.43448697104676,128.92550180141527,68.22059049248789,4.371180860352863,378.61838037648704,2311.5566998338654,HIGH,CR02,2524.418216944482,1.092085786658798,3217.428066737531,SYNTHETIC
BLST_2024_0091,2024,2024-01-31 17:30:42.095416277,82,4005,0.3031360569684708,160.29893825010095,53.58513466711461,2.1322516084433634,362.65736647114574,2524.3727125680684,HIGH,CR02,2447.862447037464,0.9696913751484938,2703.8037269800125,SYNTHETIC
BLST_2024_0092,2024,2024-02-01 01:42:22.563143124,85,3735,0.3822488454308233,157.71276559161532,65.43915146243457,0.9877430990495486,328.5276854172487,3192.311661166264,HIGH,CR01,2898.249474658954,0.9078842488706511,3190.0111542510176,SYNTHETIC
BLST_2024_0093,2024,2024-02-01 09:54:03.030869972,72,3720,0.5393798745935456,120.08599489005479,63.15331052869188,3.566696230282976,365.04767465425357,2324.3786065143645,MEDIUM,CR02,2456.979134567732,1.057047732104287,2974.6420883495807,SYNTHETIC
BLST_2024_0094,2024,2024-02-01 18:05:43.498596819,17,3690,0.44059848259148443,141.03741355772965,47.371740821710446,3.7059401958917957,336.7365249872647,2383.178389834829,HIGH,CR02,2551.088721236252,1.070456467764908,3022.3183300607225,SYNTHETIC
BLST_2024_0095,2024,2024-02-02 02:17:23.966323667,69,3870,0.5521222289219133,188.95900548328478,50.71416547267315,1.512199247585321,339.25806020867776,2187.6239917792263,HIGH,CR02,2565.3730237169298,1.1726754841587173,3030.224355513385,SYNTHETIC
BLST_2024_0096,2024,2024-02-02 10:29:04.434050514,300,4170,0.22649645021013337,134.6304315810076,82.54301162988307,3.198656333602532,357.14729944311347,2778.428341727116,HIGH,CR01,3177.190631442368,1.143520811289801,3554.686594663279,SYNTHETIC
BLST_2024_0097,2024,2024-02-02 18:40:44.901777362,133,4170,0.38555442351172836,124.67622933105811,60.91576219242002,1.6724570855123213,336.4750660527277,2933.1040063102473,HIGH,CR01,2978.4480630386934,1.015459409768932,3273.2391109720766,SYNTHETIC
BLST_2024_0098,2024,2024-02-03 02:52:25.369504209,50,4050,0.3744780580582979,191.52638178116862,73.3164030866234,4.4676627032370595,295.20933755421044,2236.631077164055,HIGH,CR02,2421.510808652428,1.0826599135530173,2748.3094875628385,SYNTHETIC
BLST_2024_0099,2024,2024-02-03 11:04:05.837231057,95,3765,0.43678987871868746,208.13671771050974,58.317833384957225,2.8479162907232314,354.5432559677493,3239.917323243218,HIGH,CR02,3310.2808629246483,1.0217176960586745,4138.368166189774,SYNTHETIC
BLST_2024_0100,2024,2024-02-03 19:15:46.304957904,185,3660,0.34818823884813144,142.62811230421232,25.29076245495404,0.6461965496170259,360.6244645718516,2867.041994839098,HIGH,CR01,3177.3822223679686,1.1082440466820882,3507.36805554336,SYNTHETIC
BLST_2024_0101,2024,2024-02-04 03:27:26.772684752,105,4005,0.2900050665915655,167.78629195818024,48.428449485001636,3.2339920940995293,378.19812434550056,2538.477991242836,HIGH,CR02,2625.2408343231964,1.0341790802912896,3259.717476486821,SYNTHETIC
BLST_2024_0102,2024,2024-02-04 11:39:07.240411599,135,4035,0.371574149108482,130.47076800467568,59.54861108176161,3.581598433296857,347.4991116828023,2537.0875904505774,HIGH,CR02,2578.932512198089,1.0164932901430022,3282.243330487989,SYNTHETIC
BLST_2024_0103,2024,2024-02-04 19:50:47.708138447,286,3705,0.4710534670789247,165.89008094446615,40.822267068611495,2.6635128897585627,381.72007661919736,2467.838621060771,HIGH,CR01,2925.2029819266536,1.1853299307996445,3737.368273733063,SYNTHETIC
BLST_2024_0104,2024,2024-02-05 04:02:28.175865294,145,4215,0.683102467155807,134.61335947760682,48.035996155430304,1.7479365803731592,366.38895145235796,3553.893538473758,LOW,CR01,3629.7761762421833,1.0213519726876832,4711.33204726904,SYNTHETIC
BLST_2024_0105,2024,2024-02-05 12:14:08.643592142,132,4170,0.5560327204779694,143.8548754508013,51.98722200874327,0.8315807883096786,344.5920688839328,1899.9102102492373,HIGH,CR01,2247.4354317310726,1.1829166555382877,2595.182961318491,SYNTHETIC
BLST_2024_0106,2024,2024-02-05 20:25:49.111318989,137,4125,0.48786393238380354,131.1980529369737,49.7974992372823,4.46862712428964,309.10543473990356,2964.643888253032,HIGH,CR02,2975.489023457472,1.0036581578136288,3375.0027100882994,SYNTHETIC
BLST_2024_0107,2024,2024-02-06 04:37:29.579045837,152,3900,0.3659050861329542,155.55594025767016,67.56453368364213,1.5700839261694528,355.4591150972678,2478.4279439613074,HIGH,CR02,2442.520605623898,0.9855120507235655,2934.5119636753125,SYNTHETIC
BLST_2024_0108,2024,2024-02-06 12:49:10.046772684,75,3720,0.44280014075602114,160.84269306998686,56.75351316664238,2.1981786166741983,375.19411705760814,2754.463789802699,HIGH,CR02,2703.8308712167186,0.9816178674145478,3223.104342091791,SYNTHETIC
BLST_2024_0109,2024,2024-02-06 21:00:50.514499532,30,4110,0.5923559472265033,175.38273788865192,64.7969688897374,4.2667798164855775,369.9171744874472,2393.1241211840443,HIGH,CR01,2681.7116345558347,1.1205902823080511,3091.824396491855,SYNTHETIC
BLST_2024_0110,2024,2024-02-07 05:12:30.982226379,185,4260,0.5678450850318331,135.07045678800037,49.26597938310432,2.8210526166139935,353.9847608249848,2364.4894464473423,HIGH,CR02,2510.0033105498514,1.0615413464082677,2962.426319397574,SYNTHETIC
BLST_2024_0111,2024,2024-02-07 13:24:11.449953227,87,3825,0.5359046058177735,173.28066620118466,84.99724723616731,2.1856154420269176,354.15501195228245,2657.7266309462866,HIGH,CR02,2893.6270156495916,1.088760214070366,3265.658950517654,SYNTHETIC
BLST_2024_0112,2024,2024-02-07 21:35:51.917680074,89,3600,0.33911970250619605,102.13012869325786,71.62438450902428,2.640300192791079,354.5892072891686,1825.3512099567645,LOW,CR01,2261.900126289923,1.2391588610191342,2511.3786591447797,SYNTHETIC
BLST_2024_0113,2024,2024-02-08 05:47:32.385406922,44,4050,0.3834938279638377,161.47135967025247,70.60232727972667,4.685792361787819,368.747539338393,2169.7466106736306,HIGH,CR01,2345.2965401220517,1.0809080325715632,2954.390522858539,SYNTHETIC
BLST_2024_0114,2024,2024-02-08 13:59:12.853133769,174,4065,0.5281181205223742,179.83547061180434,44.79178511769312,2.573313824548992,371.05288835231124,3395.563511013732,HIGH,CR01,3551.0476044875827,1.0457903652720757,4218.3175226060675,SYNTHETIC
BLST_2024_0115,2024,2024-02-08 22:10:53.320860617,377,3765,0.6115982424162048,120.85509096511241,61.056559260971646,4.658578899797233,365.590588415429,2006.7279590778821,HIGH,CR01,2476.1287381083375,1.233913509256208,2899.0667359120403,SYNTHETIC
BLST_2024_0116,2024,2024-02-09 06:22:33.788587464,128,3990,0.5046111830892447,169.0090584887206,60.41167298560167,4.025182981410816,354.85288542647726,2025.528103502761,MEDIUM,CR02,2411.698317532606,1.1906516198723867,2740.72954063381,SYNTHETIC
BLST_2024_0117,2024,2024-02-09 14:34:14.256314312,116,4275,0.38763974903706405,183.0735427820124,49.29414143506136,3.262198518791416,339.4698660696777,2705.276488768435,HIGH,CR01,3050.546456430791,1.1276283474520339,3698.0128349630813,SYNTHETIC
BLST_2024_0118,2024,2024-02-09 22:45:54.724041160,339,4005,0.4102222086059792,282.3340214346466,55.04211760027813,3.50623202210722,357.4465112012061,2470.5168074412754,MEDIUM,CR02,3310.8119320427986,1.3401292887668392,3954.2647781167393,SYNTHETIC
BLST_2024_0119,2024,2024-02-10 06:57:35.191768007,89,3600,0.3891760270662713,116.82209683042387,63.440487969155,3.0391673350287616,334.47051183703275,2663.6038621662838,HIGH,CR01,2563.592468862834,0.9624526023843082,2917.6417967120133,SYNTHETIC
BLST_2024_0120,2024,2024-02-10 15:09:15.659494855,180,3690,0.4840440443501546,178.30145391246316,66.79598917309482,2.4261676320352046,332.4788107177884,2779.600153698924,HIGH,CR02,2765.3603517119245,0.9948770322349961,3439.7005786042837,SYNTHETIC
BLST_2024_0121,2024,2024-02-10 23:20:56.127221702,72,3660,0.27387105953574553,196.01994553908145,58.51106985831585,4.132169238638176,367.2617503609071,2839.216914411133,HIGH,CR01,3052.2938607464425,1.0750477870337365,3420.939812376138,SYNTHETIC
BLST_2024_0122,2024,2024-02-11 07:32:36.594948550,156,3660,0.35189006325317856,178.7265258134623,66.97118839728014,1.5584692671417648,335.53528628118323,2250.9372502031556,HIGH,CR01,2431.7924311160045,1.080346611571036,2749.603097511213,SYNTHETIC
BLST_2024_0123,2024,2024-02-11 15:44:17.062675397,100,3885,0.319822026258649,105.41503773035339,56.49455437036704,4.470263379370179,345.87108483178923,2586.2266112145026,HIGH,CR02,2480.5162726130798,0.9591256473260938,3100.173419713699,SYNTHETIC
BLST_2024_0124,2024,2024-02-11 23:55:57.530402245,49,3975,0.4820449513846038,173.01654642734235,53.54301951217212,3.7756286367170366,370.41765642004947,3013.8879105863384,HIGH,CR01,3095.447505737579,1.0270612569448123,3783.4072732928607,SYNTHETIC
BLST_2024_0125,2024,2024-02-12 08:07:37.998129092,76,4200,0.57082628254805,197.71303602598994,64.06227403821542,1.6196899116404646,394.68186161595463,2119.4247383334464,LOW,CR01,2555.1434249608697,1.205583467412973,2760.3462391812263,SYNTHETIC
BLST_2024_0126,2024,2024-02-12 16:19:18.465855940,50,3930,0.5115585287861288,130.13689007534083,46.11050838174443,3.12470397923759,320.9448490647571,2657.1344584244584,HIGH,CR01,2631.9349660710636,0.9905162901058696,3243.0325528017106,SYNTHETIC
BLST_2024_0127,2024,2024-02-13 00:30:58.933582787,80,4275,0.5409159602213877,177.92333791369802,72.26525759363727,4.089538120382026,326.9681293318409,2346.4130801494225,HIGH,CR01,2714.7032260076794,1.156958784867839,3245.413512105795,SYNTHETIC
BLST_2024_0128,2024,2024-02-13 08:42:39.401309635,276,3900,0.4685834577518916,119.55998090196164,40.45172364015569,4.246818415954122,372.98753681915633,2691.52180394528,HIGH,CR01,3033.5069364286924,1.1270601382393128,3512.126876178479,SYNTHETIC
BLST_2024_0129,2024,2024-02-13 16:54:19.869036482,314,3855,0.4162570245893825,127.80670400386019,79.37592223303798,2.148122210980164,352.14897405394635,2693.641452116829,HIGH,CR01,3111.529278527507,1.155138623250053,3580.0393062819576,SYNTHETIC
BLST_2024_0130,2024,2024-02-14 01:06:00.336763330,444,3705,0.5581450469628533,153.36497357963668,53.93045028295933,2.2178028771075384,343.47512636752344,1395.2371378638068,HIGH,CR01,1974.9126161456938,1.4154673514277334,2196.2624289430883,SYNTHETIC
BLST_2024_0131,2024,2024-02-14 09:17:40.804490177,105,4200,0.6243621867291566,66.38207283104119,48.03790045499583,2.720335932452284,365.37207530992737,2953.659264170491,HIGH,CR02,2673.863823989913,0.9052715918946201,3317.051039908077,SYNTHETIC
BLST_2024_0132,2024,2024-02-14 17:29:21.272217025,115,4020,0.4777344179720215,137.94238689021861,44.629444867763496,2.939427664308423,340.10503138948576,3000.768289351446,HIGH,CR02,3000.2695217453506,0.9998337866979382,3619.9251581338212,SYNTHETIC
BLST_2024_0133,2024,2024-02-15 01:41:01.739943872,279,3960,0.6561799152731609,136.46194288063012,59.97003034494846,3.860304491640439,368.7884084359636,2524.412317022667,MEDIUM,CR01,2960.860602118079,1.1728910456316288,3579.9132232222323,SYNTHETIC
BLST_2024_0134,2024,2024-02-15 09:52:42.207670720,21,3735,0.43258254377788014,136.35613127041225,51.41979953299966,3.9771367726634743,352.76446850948605,2126.234289412934,LOW,CR02,2217.1596514829866,1.0427635668010782,2527.1192230205343,SYNTHETIC
BLST_2024_0135,2024,2024-02-15 18:04:22.675397567,76,4170,0.46655154620167627,187.50342959821435,37.118661362160026,2.824215273310063,365.5765943424206,3026.8153872943394,HIGH,CR02,3092.12083613038,1.021575629987271,3660.601711213624,SYNTHETIC
BLST_2024_0136,2024,2024-02-16 02:16:03.143124415,395,4170,0.4102516665070569,155.79762983888455,57.549169749758335,0.9373125146678354,351.124113061783,2440.268955762673,HIGH,CR01,2903.7746000084444,1.1899403929026786,3238.4711195550613,SYNTHETIC
BLST_2024_0137,2024,2024-02-16 10:27:43.610851262,60,4065,0.528212823909474,140.37686878485965,67.93348727152326,5.2250636473839664,320.63472480262305,1866.2222701404912,HIGH,CR02,2166.908326602997,1.1611201737721573,2627.0692369723456,SYNTHETIC
BLST_2024_0138,2024,2024-02-16 18:39:24.078578110,88,3660,0.4154843132757102,172.65355885059742,68.73372239294757,2.2331382000646496,295.9236463985332,2577.276096771312,HIGH,CR01,2725.972163308431,1.057695047388752,3049.88561345965,SYNTHETIC
BLST_2024_0139,2024,2024-02-17 02:51:04.546304957,57,4080,0.3571675869210973,152.65029185409873,28.630219591491052,3.458609563162108,359.7137791838103,2619.5571030977135,MEDIUM,CR01,2710.998818326438,1.0349073189206648,3248.281136741168,SYNTHETIC
BLST_2024_0140,2024,2024-02-17 11:02:45.014031805,116,4125,0.4491720116070413,90.47656281014173,38.796296475006585,2.4993356730893375,337.83504105601764,2442.831046490989,MEDIUM,CR02,2267.644292295101,0.9282853579057235,2637.9828566180713,SYNTHETIC
BLST_2024_0141,2024,2024-02-17 19:14:25.481758652,152,3930,0.44265213384095997,168.64515819063254,82.41892871591068,2.397308791995897,358.52247893638855,2644.861131252952,MEDIUM,CR02,2509.857571667919,0.9489562767625997,2884.704615413613,SYNTHETIC
BLST_2024_0142,2024,2024-02-18 03:26:05.949485500,78,3810,0.5101091837414293,121.58148864983536,44.38780763003609,3.900543854351538,331.9224142083825,1824.825193928013,MEDIUM,CR01,2105.993605150989,1.1540796412492251,2535.487653965174,SYNTHETIC
BLST_2024_0143,2024,2024-02-18 11:37:46.417212348,93,4035,0.3252372200856207,125.05202256896482,71.67411318685775,1.3811696941838343,364.1932373127575,2896.473913637923,HIGH,CR02,2948.9424921137797,1.0181146387090907,3567.0582941096445,SYNTHETIC
BLST_2024_0144,2024,2024-02-18 19:49:26.884939195,96,3945,0.46294095368958693,153.30561976557146,29.46261129521129,0.773063532747825,342.8387466085765,1900.810086356305,MEDIUM,CR02,2162.273996000951,1.1375539363566038,2674.0084677184386,SYNTHETIC
BLST_2024_0145,2024,2024-02-19 04:01:07.352666043,28,3960,0.5564312186247182,206.59256347004415,58.10392238413457,3.061598006231197,330.4311823991713,2607.372958865334,MEDIUM,CR01,2942.9719172985174,1.1287115283189972,3565.427424729522,SYNTHETIC
BLST_2024_0146,2024,2024-02-19 12:12:47.820392890,89,4275,0.46071550728393235,87.58764888183521,76.24511500197755,2.7909241046659794,324.4149205564947,2882.853112902495,HIGH,CR01,2843.123633040649,0.9862186943607939,3306.4221712120907,SYNTHETIC
BLST_2024_0147,2024,2024-02-19 20:24:28.288119738,85,4290,0.41265570336504853,238.25493260611478,58.60467121279164,3.276773253642626,372.1201258300557,3358.505376729058,MEDIUM,CR01,3646.998770141487,1.0858993394536116,4185.667980451669,SYNTHETIC
BLST_2024_0148,2024,2024-02-20 04:36:08.755846585,156,3600,0.5961799167547305,184.575994495173,83.2312702093643,4.0654704473597505,333.0779572764534,1885.849471765383,HIGH,CR01,2415.348619612184,1.2807748740153295,2962.0209666947007,SYNTHETIC
BLST_2024_0149,2024,2024-02-20 12:47:49.223573433,161,3795,0.49914525899395906,95.66907705074868,40.90462162800921,1.5426032822110718,391.2778907131334,2592.7646575033855,MEDIUM,CR01,2913.43893347708,1.123680440893728,3601.5466674382333,SYNTHETIC
BLST_2024_0150,2024,2024-02-20 20:59:29.691300280,232,3840,0.5110742155796194,201.011941282824,65.1556356421522,1.6290859371344175,307.24998807838824,2422.655320981591,HIGH,CR01,2854.3622046287646,1.1781957507154828,3282.698492357055,SYNTHETIC
BLST_2024_0151,2024,2024-02-21 05:11:10.159027128,84,4215,0.5581374793937146,195.93957623363642,75.03051600727035,4.249210914135665,364.6581711487507,2923.525426584387,MEDIUM,CR01,3099.3203456522015,1.0601311408032457,3431.7469448433794,SYNTHETIC
BLST_2024_0152,2024,2024-02-21 13:22:50.626753975,173,3900,0.5503476290877665,165.14099070330204,76.73056377405543,3.149843326549385,371.5863131286424,2431.553917587212,MEDIUM,CR02,2610.354087189007,1.0735332942068647,3287.2923929786502,SYNTHETIC
BLST_2024_0153,2024,2024-02-21 21:34:31.094480823,79,3780,0.4318768965453299,104.99968230308907,60.099820478000005,5.177734594188656,358.95430060190137,2817.0542020716916,HIGH,CR02,2785.328823863883,0.9887381016011415,3053.7506586787777,SYNTHETIC
BLST_2024_0154,2024,2024-02-22 05:46:11.562207670,179,3630,0.4439907752244869,169.98376419295104,54.04178849929515,3.735753225494225,350.25157004703664,3001.8036463475605,LOW,CR01,3178.8768860971463,1.0589889481828831,3691.5149968287296,SYNTHETIC
BLST_2024_0155,2024,2024-02-22 13:57:52.029934518,95,3840,0.3176411698598611,116.3408582375294,78.38668381182981,3.661667977502281,319.19291248303176,1884.0465826678926,HIGH,CR02,2041.434975820694,1.0835374213146751,2568.982547570478,SYNTHETIC
BLST_2024_0156,2024,2024-02-22 22:09:32.497661366,418,3705,0.5363092453610908,98.89973860920809,70.18779798274684,2.7980815552716716,333.71660036027777,2747.9251922952753,HIGH,CR02,2870.60939299563,1.0446461210240878,3456.9965576047043,SYNTHETIC
BLST_2024_0157,2024,2024-02-23 06:21:12.965388213,115,3780,0.3739135254951823,127.73949037226626,78.87128397632154,4.45874343963373,361.36888611189227,2438.1132284191463,HIGH,CR02,2632.4972164217647,1.079727219284502,2837.1844641163525,SYNTHETIC
BLST_2024_0158,2024,2024-02-23 14:32:53.433115061,142,4155,0.3673656823171092,146.1150426706178,63.326765855102764,3.897438574393103,364.3545121750013,2443.8566287193153,HIGH,CR02,2547.6255402696997,1.0424611289921553,3217.337039414836,SYNTHETIC
BLST_2024_0159,2024,2024-02-23 22:44:33.900841908,84,3750,0.5350860903859193,185.12863521956444,42.52553465381119,3.788728282947066,364.51415966637444,3254.1698152631925,HIGH,CR01,3324.8734524270135,1.0217270889897005,3801.985977676829,SYNTHETIC
BLST_2024_0160,2024,2024-02-24 06:56:14.368568756,143,3735,0.5145016689315061,162.8142194333919,65.24848595672262,1.5949475680485272,391.09090189241556,2692.6495420196075,HIGH,CR01,2930.650797113387,1.0883892431524036,3815.53214788202,SYNTHETIC
BLST_2024_0161,2024,2024-02-24 15:07:54.836295603,52,3600,0.4450409692118061,163.534691202544,47.604453510130625,2.543594334986006,376.9464648322712,2120.067940086046,HIGH,CR02,2268.5280041173974,1.0700260879494863,3016.1539204138094,SYNTHETIC
BLST_2024_0162,2024,2024-02-24 23:19:35.304022451,43,3720,0.6917805536116446,80.45239212769347,76.14919040018167,4.361894710845553,322.2095329556375,2310.12291596891,HIGH,CR02,2427.585165712307,1.0508467531885122,2624.5433348918195,SYNTHETIC
BLST_2024_0163,2024,2024-02-25 07:31:15.771749298,558,3885,0.3734504698957751,188.03370355593688,57.49416954777917,3.9741352251933457,338.411198288366,3166.594365519425,HIGH,CR01,3594.1984885859015,1.135035964101558,3841.6099157164726,SYNTHETIC
BLST_2024_0164,2024,2024-02-25 15:42:56.239476146,79,3990,0.48282739620810305,125.54354570991865,62.52663920728264,2.8813514304449166,337.44845517577943,3050.469317956678,MEDIUM,CR02,2901.2190541719524,0.9510730159106471,3775.433344992569,SYNTHETIC
BLST_2024_0165,2024,2024-02-25 23:54:36.707202993,65,3690,0.5226872863696423,116.10472230527932,73.95023139366721,3.956960196975224,373.81201357735836,2569.4501852135386,HIGH,CR01,2668.947521192248,1.0387232009989096,2942.6619887955476,SYNTHETIC
BLST_2024_0166,2024,2024-02-26 08:06:17.174929841,197,3900,0.6164776058748271,164.96820035934158,40.50120273801516,1.3329927060020783,348.1936197948974,3111.279372308266,LOW,CR02,2795.7865445086827,0.8985970753357586,3537.7483387538546,SYNTHETIC
BLST_2024_0167,2024,2024-02-26 16:17:57.642656688,174,3600,0.47566944990430854,212.43086416501373,58.6714722878151,4.915438369482128,367.0646532573815,2384.9177662138677,HIGH,CR01,2892.224962410886,1.2127147541034022,3372.4180564249605,SYNTHETIC
BLST_2024_0168,2024,2024-02-27 00:29:38.110383536,458,3660,0.40705273541054987,155.1809209784127,58.19351637769874,3.682928904012226,356.29492611179177,2169.086466259722,HIGH,CR01,2742.182073450249,1.264210586394349,3054.6978150575283,SYNTHETIC
BLST_2024_0169,2024,2024-02-27 08:41:18.578110383,113,3885,0.5067170707019695,160.74867946895418,64.34248344625436,3.832037650525492,311.3482195811878,1821.5579797714618,HIGH,CR01,2171.2998228681595,1.1920014882757546,2641.71293234689,SYNTHETIC
BLST_2024_0170,2024,2024-02-27 16:52:59.045837231,181,4155,0.40517102263557664,128.40332350450905,65.30003501005538,3.364128940780039,328.9965576063858,2583.462550492377,MEDIUM,CR02,2721.5559126590892,1.0534528213464496,3640.32350895968,SYNTHETIC
BLST_2024_0171,2024,2024-02-28 01:04:39.513564078,42,3735,0.31777136040998155,185.17061124955484,56.88710512936508,0.8734968475957698,375.6558571220543,3117.071421530045,HIGH,CR02,2979.5099735164226,0.9558683682820143,3325.959123515232,SYNTHETIC
BLST_2024_0172,2024,2024-02-28 09:16:19.981290926,155,4275,0.5022360213834469,117.55576290377448,48.366758462874365,2.262570768623593,345.35748619009286,2528.8008894318027,HIGH,CR01,2680.3568720636554,1.0599319556020506,3118.0719450074052,SYNTHETIC
BLST_2024_0173,2024,2024-02-28 17:28:00.449017773,57,4155,0.3718209770266672,183.06430942942052,56.088044506388144,3.296729330744626,332.7863391367095,2747.589149339472,HIGH,CR01,2965.846550837031,1.0794359671823675,3549.6771840750066,SYNTHETIC
BLST_2024_0174,2024,2024-02-29 01:39:40.916744621,96,4035,0.5886992729908838,194.27456796295692,69.84596406747842,3.079066500864816,354.5692136346464,2842.492994145563,HIGH,CR01,3102.5677616221374,1.0914953064131478,3524.066734384124,SYNTHETIC
BLST_2024_0175,2024,2024-02-29 09:51:21.384471468,114,4155,0.40537947356527376,274.50236458612085,53.12766402772892,3.285193658509938,340.2396019687613,2844.567352104827,HIGH,CR02,3054.7906884520703,1.0739034483369463,3313.685514618311,SYNTHETIC
BLST_2024_0176,2024,2024-02-29 18:03:01.852198316,60,4245,0.28332420670097624,181.53579736690102,90.0,2.7599854476193735,367.9999932885947,1832.4720449595939,HIGH,CR01,2212.5737103045494,1.207425628342034,2526.9606511540173,SYNTHETIC
BLST_2024_0177,2024,2024-03-01 02:14:42.319925163,48,3945,0.43011683970211284,186.82662395931987,55.04353180017647,2.603930356647554,324.5628963099823,2475.2578265868115,HIGH,CR02,2555.608575756394,1.0324615675613802,3132.0596005119696,SYNTHETIC
BLST_2024_0178,2024,2024-03-01 10:26:22.787652011,340,3795,0.4946141004247675,152.26808174581,73.20670035281172,4.30963903612375,368.55091554627086,2797.934640654284,HIGH,CR02,2845.509200085334,1.0170034563137347,3429.4695138878515,SYNTHETIC
BLST_2024_0179,2024,2024-03-01 18:38:03.255378858,103,3705,0.49599002663077707,200.79982362781976,45.827823424411186,2.112282728867404,348.57666022293824,2779.3574769492,HIGH,CR02,2682.2233571473876,0.9650515917411123,3012.900209318035,SYNTHETIC
BLST_2024_0180,2024,2024-03-02 02:49:43.723105706,40,3675,0.6281226927581568,103.9424325241776,53.71791001363498,3.251147027694447,340.14262104351195,3316.4491874789883,HIGH,CR01,3135.7600011205127,0.9455172758139475,3836.075875225278,SYNTHETIC
BLST_2024_0181,2024,2024-03-02 11:01:24.190832554,141,4185,0.5339201355152263,147.80822474812229,36.42524110175674,1.9334794628531549,349.00189217826573,1929.5999546527805,HIGH,CR01,2310.3480346810625,1.1973196978524987,2767.951253753314,SYNTHETIC
BLST_2024_0182,2024,2024-03-02 19:13:04.658559401,110,4245,0.4903376242526725,120.066030680962,60.06825114845707,3.081364260845257,355.35080572253105,1447.438392679343,HIGH,CR02,1775.3108360598142,1.2265191009432523,2217.2292710394486,SYNTHETIC
BLST_2024_0183,2024,2024-03-03 03:24:45.126286249,78,3870,0.4199691741763687,152.36211762795386,60.383448781979475,5.07242111584935,369.1761331202192,2242.5566681796,HIGH,CR02,2399.6334872281686,1.0700436342489736,2784.1910222967012,SYNTHETIC
BLST_2024_0184,2024,2024-03-03 11:36:25.594013096,112,3960,0.3532509922624766,164.70241904473158,61.0587662192083,1.8497317875441983,392.86893649553963,2908.7807414422696,HIGH,CR02,3043.3969301390507,1.0462792491640447,3642.6676938811074,SYNTHETIC
BLST_2024_0185,2024,2024-03-03 19:48:06.061739944,103,3795,0.3117261829701373,149.2020228381756,53.857249822501544,2.9964963530032516,348.2414518116021,2792.825065083099,HIGH,CR01,2895.6218319965333,1.0368074492737251,3040.40292359636,SYNTHETIC
BLST_2024_0186,2024,2024-03-04 03:59:46.529466791,86,4050,0.375798657511026,191.38738186937167,47.45844373048835,3.9093278173166683,322.92384960906287,3700.5917359054883,MEDIUM,CR01,3329.679210194181,0.8997694011710401,3699.4415600946536,SYNTHETIC
BLST_2024_0187,2024,2024-03-04 12:11:26.997193639,155,4065,0.5214113748553301,137.85672660846393,63.13254652489918,1.7423980072297265,326.3248180587961,2554.340936536589,HIGH,CR01,2629.8120718482055,1.0295462262817379,3169.034651355887,SYNTHETIC
BLST_2024_0188,2024,2024-03-04 20:23:07.464920486,93,3660,0.40098616517606206,178.64003264766043,58.22797972174976,1.9683218550617683,325.7618056003745,2682.318075168792,HIGH,CR01,2823.025688265849,1.0524574674419263,3140.924694397967,SYNTHETIC
BLST_2024_0189,2024,2024-03-05 04:34:47.932647334,44,4275,0.5906615533650644,100.32344440671389,61.85297926151781,2.613580917244445,356.4743779115813,2684.212682823812,HIGH,CR01,2720.159579764849,1.013391970454152,3049.6654862184655,SYNTHETIC
BLST_2024_0190,2024,2024-03-05 12:46:28.400374181,89,4050,0.21602518842926027,124.51395473114016,42.19846283500596,1.503779211616817,328.8730707299309,2439.9162264472557,HIGH,CR01,2374.7599093468543,0.9732956745013844,3057.3939407495177,SYNTHETIC
BLST_2024_0191,2024,2024-03-05 20:58:08.868101029,53,4050,0.297768576939194,168.4839323849231,66.35012290450643,3.9950313557375363,345.3788064020102,2282.6716590637334,HIGH,CR01,2364.681028722944,1.0359269233196893,2641.6551406914123,SYNTHETIC
BLST_2024_0192,2024,2024-03-06 05:09:49.335827876,31,4095,0.317957685315559,211.8089442097749,89.49182271408544,2.6291010568248594,305.2614900254796,1921.4025997763902,HIGH,CR01,2283.970072342201,1.1886993764909062,2725.4215526541284,SYNTHETIC
BLST_2024_0193,2024,2024-03-06 13:21:29.803554724,93,4290,0.5165833097806716,168.56949683339184,53.890376664409665,1.8780538045108859,350.25027518843063,2715.9727199825043,HIGH,CR01,2730.2844612024,1.0052694716388713,2986.785587802858,SYNTHETIC
BLST_2024_0194,2024,2024-03-06 21:33:10.271281571,140,3735,0.48964868174109183,186.72057459099622,62.56702578784293,4.519020792542373,354.17299163746736,2106.3685285179195,LOW,CR01,2589.177485889987,1.2292139057507572,3285.2187732124357,SYNTHETIC
BLST_2024_0195,2024,2024-03-07 05:44:50.739008419,51,4065,0.5737050541842469,142.21769459344728,47.10829763589055,4.043630550854494,348.9882519713314,2598.3759709241717,HIGH,CR02,2642.1974892911035,1.0168649644459826,3111.4367167977607,SYNTHETIC
BLST_2024_0196,2024,2024-03-07 13:56:31.206735266,160,4245,0.24971862614741705,152.21990942707203,52.699499969142366,3.231154536120206,334.8026414931017,3551.221635952387,HIGH,CR02,3238.326531716959,0.9118908543843917,4075.665604187299,SYNTHETIC
BLST_2024_0197,2024,2024-03-07 22:08:11.674462114,31,3690,0.3695850038425041,176.71359983076795,52.08347465749733,2.912634721860412,330.1045376194271,3112.906848399768,HIGH,CR02,2891.814171213613,0.9289754920550191,3141.0240447479227,SYNTHETIC
BLST_2024_0198,2024,2024-03-08 06:19:52.142188961,205,4155,0.48127125792748016,226.4332958539893,49.31160121138886,3.5553207075479247,344.92324877748933,2648.5301439752434,HIGH,CR01,3107.673402387153,1.1733577620237203,3619.387932098573,SYNTHETIC
BLST_2024_0199,2024,2024-03-08 14:31:32.609915809,100,3795,0.3376028237570566,97.5543362505235,47.523068877970005,2.4535909713179747,358.7984793337533,2399.8373544070955,HIGH,CR02,2404.8019105055037,1.0020687052350823,2688.45630775553,SYNTHETIC
BLST_2024_0200,2024,2024-03-08 22:43:13.077642656,135,3975,0.4254279226337801,180.27961724147053,49.17575374005168,4.413992496447976,337.0079258081034,2260.061576745334,HIGH,CR01,2751.658129108793,1.2175146719105754,3292.0817917928507,SYNTHETIC
BLST_2024_0201,2024,2024-03-09 06:54:53.545369504,104,3630,0.49696967194853536,215.05107300375755,54.0021390586788,2.818367079431517,333.2396163914863,3490.3092998940583,LOW,CR01,3613.471262777942,1.0352868334298115,4412.8333303189565,SYNTHETIC
BLST_2024_0202,2024,2024-03-09 15:06:34.013096351,33,4110,0.4179020159616278,150.25230442340185,77.61335510319353,4.361060499189362,350.1037289731804,2621.8012479187523,HIGH,CR02,2486.0822912563945,0.9482344602703601,2703.4924836030837,SYNTHETIC
BLST_2024_0203,2024,2024-03-09 23:18:14.480823199,144,3990,0.43310708436752615,114.48098539352362,49.630287818357466,3.9616527705080054,353.9278921002038,2177.2961907589693,HIGH,CR02,2394.677411772488,1.099839985912869,2911.202498652006,SYNTHETIC
BLST_2024_0204,2024,2024-03-10 07:29:54.948550046,166,4155,0.432623761063784,247.35160984625793,57.77122691967671,2.368175664629066,351.8435421505367,2617.8982022794125,HIGH,CR01,2873.27952640245,1.0975520453395307,3224.5154550215593,SYNTHETIC
BLST_2024_0205,2024,2024-03-10 15:41:35.416276894,94,3645,0.45610148554142055,148.05874525905764,50.639539426819994,2.987583696708276,367.7882691304905,2487.279200429971,HIGH,CR01,2630.9357126203286,1.057756488361067,3194.8129651071445,SYNTHETIC
BLST_2024_0206,2024,2024-03-10 23:53:15.884003742,111,3885,0.47449392270444685,184.96533942266848,65.6535630974549,3.081899109610664,371.2701785690305,2913.643141335524,HIGH,CR01,3110.910766841123,1.0677047997769478,3748.3885884543597,SYNTHETIC
BLST_2024_0207,2024,2024-03-11 08:04:56.351730589,70,3810,0.42804060107412406,151.85997233664105,56.7780159350258,0.5416638612758353,346.8536433430307,2203.875270309118,HIGH,CR01,2304.001308173176,1.0454318078763205,2604.7256546760736,SYNTHETIC
BLST_2024_0208,2024,2024-03-11 16:16:36.819457437,907,4290,0.5360617522336963,138.38297072670795,51.37029670765467,4.529212807380512,351.55713448534607,2348.015000206861,MEDIUM,CR02,3060.302938249608,1.3033574904674776,3460.9082148715106,SYNTHETIC
BLST_2024_0209,2024,2024-03-12 00:28:17.287184284,155,4020,0.4561610346189476,136.46479125638132,67.81036702324391,5.931846427451708,334.6928896975939,1829.1755554564884,HIGH,CR01,2090.9860972411448,1.143130352362116,2536.409432087894,SYNTHETIC
BLST_2024_0210,2024,2024-03-12 08:39:57.754911132,57,4185,0.37218761581394083,145.7742097785806,65.34422849610858,3.4051260453539602,387.0082464475005,2733.237370357803,MEDIUM,CR01,2436.1274255332623,0.8912974233241783,3061.209105655486,SYNTHETIC
BLST_2024_0211,2024,2024-03-12 16:51:38.222637979,234,3990,0.3857216430359276,156.2530190593188,65.26402345159086,3.8702182179290756,360.9424461087868,3166.8807727549242,HIGH,CR02,3293.026462634844,1.0398327878223794,4078.3456399582956,SYNTHETIC
BLST_2024_0212,2024,2024-03-13 01:03:18.690364827,335,3990,0.4856712639035953,127.88494269677777,67.52431436405138,2.0000182630275236,364.9369362126859,2241.897935729563,HIGH,CR01,2602.1709988174466,1.1607000289112817,3037.1724480341245,SYNTHETIC
BLST_2024_0213,2024,2024-03-13 09:14:59.158091674,47,3990,0.4428683932874065,197.72144860004863,48.03523418927469,3.619726181258071,328.94433873776677,2139.55658292462,MEDIUM,CR01,2565.140257098085,1.1989120912108444,2871.5487734094786,SYNTHETIC
BLST_2024_0214,2024,2024-03-13 17:26:39.625818522,90,3720,0.5920027917787104,300.0699488942556,61.70660993744954,2.7432501835203627,313.1792766541431,2488.632106730291,HIGH,CR01,3037.302783603529,1.220470786095464,3268.143679388213,SYNTHETIC
BLST_2024_0215,2024,2024-03-14 01:38:20.093545369,277,3990,0.3814757192820976,216.08975772027955,62.88890475217003,2.1933726685849786,338.80599457700373,2383.714454947549,MEDIUM,CR01,3039.2957585737818,1.2750250988601142,3669.5263485735973,SYNTHETIC
BLST_2024_0216,2024,2024-03-14 09:50:00.561272217,271,3915,0.4804150446186177,177.39658489097806,40.508875726872375,2.9293195747176752,327.2481200927462,1992.2683441227546,HIGH,CR02,2477.3070637020205,1.243460536332941,3081.004812060281,SYNTHETIC
BLST_2024_0217,2024,2024-03-14 18:01:41.028999064,134,4275,0.39891229116708526,158.09357698967216,48.29946820375836,1.914911604986577,358.19871169961135,2804.9624426036316,MEDIUM,CR01,2811.8665098969072,1.002461376020018,3521.2173483951065,SYNTHETIC
BLST_2024_0218,2024,2024-03-15 02:13:21.496725912,135,3600,0.4899524756045135,253.94448962712235,57.62375747990806,3.66120075117609,342.6480906767963,1954.856256496746,LOW,CR01,2825.106608535975,1.4451735769047207,3472.949411191671,SYNTHETIC
BLST_2024_0219,2024,2024-03-15 10:25:01.964452759,758,3765,0.4783286798150646,112.86066960480925,74.60789249262356,2.188240810385901,317.2122018907086,2792.0414605216483,HIGH,CR02,3073.5487146852715,1.1008248832060783,3259.959277405359,SYNTHETIC
BLST_2024_0220,2024,2024-03-15 18:36:42.432179607,162,4095,0.5387706256783913,213.3615308603626,54.654867491546256,3.2106143680363353,372.4425603966981,3440.4339238413313,HIGH,CR02,3486.9708642726587,1.0135264741196854,4230.506655315107,SYNTHETIC
BLST_2024_0221,2024,2024-03-16 02:48:22.899906454,78,4065,0.49774105734360885,149.95641970711273,75.93782028680704,4.651424842931464,384.3821814004586,2494.107894355268,MEDIUM,CR01,2811.479115056153,1.1272483926694463,3869.3306534108265,SYNTHETIC
BLST_2024_0222,2024,2024-03-16 11:00:03.367633302,76,3630,0.3831625316700466,172.589508784423,63.164042688726894,5.540166781010022,368.0983703738777,2260.4749940687166,LOW,CR01,2382.5718716067204,1.0540138147329101,3012.6800003802496,SYNTHETIC
BLST_2024_0223,2024,2024-03-16 19:11:43.835360149,35,3975,0.44212642077606223,180.18254983119584,60.6565199337164,3.4713296120532458,362.8157026850528,3066.3164711524737,HIGH,CR01,3003.3040856061507,0.9794501362989972,3390.996109502331,SYNTHETIC
BLST_2024_0224,2024,2024-03-17 03:23:24.303086997,209,4110,0.5000813133546111,164.32955418707698,57.6495741263423,3.458412551946499,337.4535814816624,2234.1447734660373,HIGH,CR01,2598.7755214715876,1.1632082004425632,3141.771928064935,SYNTHETIC
BLST_2024_0225,2024,2024-03-17 11:35:04.770813844,83,3870,0.5617574196933156,121.7975531116374,70.75394638299383,1.1150936851254674,380.2227313271827,1778.6657150024694,HIGH,CR01,2254.511095517677,1.267529405048743,2597.1802084881506,SYNTHETIC
BLST_2024_0226,2024,2024-03-17 19:46:45.238540692,62,3930,0.565796905256555,134.94070368000646,47.60862596377534,3.611176639033764,346.3177413576567,2268.117506045118,HIGH,CR01,2566.3157354745917,1.1314738890885057,3312.207666044459,SYNTHETIC
BLST_2024_0227,2024,2024-03-18 03:58:25.706267539,24,3960,0.41217147826357936,138.7503448726474,67.9603915690537,2.9126016372959045,330.83081788609474,2715.364499712047,MEDIUM,CR01,2900.7084155577304,1.068257471829413,3342.1245997336255,SYNTHETIC
BLST_2024_0228,2024,2024-03-18 12:10:06.173994387,54,3705,0.49138473858122383,125.00649412759785,49.15910099763067,3.0435269132965637,341.1628843541426,3260.7723655694813,HIGH,CR01,3311.552035274278,1.015572896238014,3922.489035318826,SYNTHETIC
BLST_2024_0229,2024,2024-03-18 20:21:46.641721234,60,3855,0.43118081429489197,144.02030929873243,49.4265299497475,5.213083339850494,341.1326024094575,2739.4566591556054,HIGH,CR01,2796.81491843181,1.0209378232302038,3301.9610884729104,SYNTHETIC
BLST_2024_0230,2024,2024-03-19 04:33:27.109448082,75,4215,0.4826298943431561,242.85010175461048,62.37122720258081,0.34633524469904,350.757599889792,2659.03676611935,HIGH,CR02,2882.927207206796,1.0841998290283876,3396.8934595563924,SYNTHETIC
BLST_2024_0231,2024,2024-03-19 12:45:07.577174929,104,3795,0.7523781452622391,180.747856810373,50.95294963647149,2.0627763972329896,335.68285112437536,2527.9029209167365,HIGH,CR01,2862.3122538190146,1.1322872528589847,3217.257483747532,SYNTHETIC
BLST_2024_0232,2024,2024-03-19 20:56:48.044901777,249,3615,0.6336895169829013,174.8244018718791,65.38932381947265,1.0745541939297647,326.1623737811625,2988.927159623872,HIGH,CR02,3166.7490726354386,1.0594935585629808,3574.3125699862753,SYNTHETIC
BLST_2024_0233,2024,2024-03-20 05:08:28.512628625,64,3690,0.24613894934275918,135.22130075291588,58.37751442956879,2.9001532890973283,372.43568301969174,2613.6677348241997,HIGH,CR01,2622.608122956371,1.003420629184441,3151.0835248923768,SYNTHETIC
BLST_2024_0234,2024,2024-03-20 13:20:08.980355472,51,4185,0.3352097124809991,172.0994517347476,64.74833897343868,2.9604418103868406,351.7787108177857,1602.8262654409018,HIGH,CR02,1864.76758370391,1.1634246480175778,2294.8507620918,SYNTHETIC
BLST_2024_0235,2024,2024-03-20 21:31:49.448082320,170,4245,0.4838994510474826,136.18961070538865,83.4110027003462,3.622954996626457,342.6059850958245,2397.7034008164946,LOW,CR02,2770.93935347557,1.1556639376379816,3344.2427774746966,SYNTHETIC
BLST_2024_0236,2024,2024-03-21 05:43:29.915809167,142,3795,0.336369713710747,185.9180590149643,37.788769049961914,2.4921424021354337,385.43018564973494,2492.3647852287727,LOW,CR02,2320.4984894103563,0.9310428807063085,2719.761741397858,SYNTHETIC
BLST_2024_0237,2024,2024-03-21 13:55:10.383536015,138,3735,0.49748163228630915,99.37594726077069,83.28190908945636,3.575047896779095,336.1597010153557,2351.5751109295816,HIGH,CR01,2506.842057879851,1.0660267861437316,3049.9747529184424,SYNTHETIC
BLST_2024_0238,2024,2024-03-21 22:06:50.851262862,103,4290,0.3576834875971807,162.66034701840277,74.65227471414552,1.909496292057418,326.7619955680037,3220.751701137413,HIGH,CR02,3034.8275718013588,0.9422730633751137,3396.445025948647,SYNTHETIC
BLST_2024_0239,2024,2024-03-22 06:18:31.318989710,105,4275,0.6047089486131609,152.96367618023245,51.9473718653482,2.3772716091700854,348.3534864361453,2018.0295667130463,HIGH,CR01,2433.438010278804,1.2058485417745253,2863.357005331968,SYNTHETIC
BLST_2024_0240,2024,2024-03-22 14:30:11.786716557,116,3675,0.43351556184202356,149.32354850463852,67.70343685522849,2.297565533046129,332.6629528015329,3149.9020886308435,HIGH,CR01,3202.356175302614,1.0166526086195176,4039.743650297869,SYNTHETIC
BLST_2024_0241,2024,2024-03-22 22:41:52.254443405,112,3945,0.34961118639886474,187.144386517724,39.51754448851298,2.36518505657998,364.550673872516,3035.6633446975898,HIGH,CR02,3002.272532123476,0.98900048892693,3273.5376423795815,SYNTHETIC
BLST_2024_0242,2024,2024-03-23 06:53:32.722170252,52,3945,0.5347873289497342,177.21075472215375,62.913514138442956,5.4895381920162585,341.54171488354996,1854.7435483253826,HIGH,CR02,2108.548206752869,1.136840836382282,2530.2337092843904,SYNTHETIC
BLST_2024_0243,2024,2024-03-23 15:05:13.189897100,43,4200,0.34222636419527364,153.4392470327769,44.73657720246053,3.3215684661839164,358.4849627491038,1643.5351416458707,HIGH,CR01,2060.6064775196714,1.2537647813579067,2336.483422905063,SYNTHETIC
BLST_2024_0244,2024,2024-03-23 23:16:53.657623947,186,4140,0.38781640093955955,172.05776469762847,65.66805320209853,6.163035244031382,344.6441085264963,1985.4207132529727,HIGH,CR02,2416.302965934797,1.2170231476913798,2843.499312109125,SYNTHETIC
BLST_2024_0245,2024,2024-03-24 07:28:34.125350795,68,4245,0.44879700801010536,129.08686084229936,70.82026262257926,3.846197424369299,343.7012671848571,3006.2568850866737,MEDIUM,CR01,3055.5805547763375,1.0164070043163467,3468.043766464824,SYNTHETIC
BLST_2024_0246,2024,2024-03-24 15:40:14.593077642,147,3645,0.39833752380252613,126.50930508867195,64.66373491460597,3.509234865531867,365.16328434456346,2922.4670580956654,MEDIUM,CR02,2856.52966104478,0.977437762089318,3444.5841966510907,SYNTHETIC
BLST_2024_0247,2024,2024-03-24 23:51:55.060804490,39,4245,0.3449580056651453,157.48191998705073,49.666793092161676,5.232519488914991,358.5527243775949,2646.342817826833,LOW,CR01,2593.8455990983366,0.9801623514629872,2946.3082443942935,SYNTHETIC
BLST_2024_0248,2024,2024-03-25 08:03:35.528531337,27,3825,0.47404213541280904,97.33187229811705,51.77912956814904,0.6171610125748583,339.99570282487474,2685.8553213992564,MEDIUM,CR01,2432.708403919059,0.9057481184994303,2986.9198133554037,SYNTHETIC
BLST_2024_0249,2024,2024-03-25 16:15:15.996258185,55,4050,0.35829174477896936,222.2659978716079,67.7441570060399,1.9903425549511664,362.1105041044862,2255.562853925122,HIGH,CR01,2777.7830668967654,1.231525453641373,3153.0023024489183,SYNTHETIC
BLST_2024_0250,2024,2024-03-26 00:26:56.463985032,484,3960,0.27611845374790683,188.98293451219521,55.92503532223126,2.8533129429768103,328.87510014669607,2950.9436733339685,HIGH,CR01,3349.624210727436,1.135102726967011,4161.4231117733425,SYNTHETIC
BLST_2024_0251,2024,2024-03-26 08:38:36.931711880,106,3600,0.5931477113927417,145.0804273062287,60.45324252434583,2.355008074910581,368.17173603226297,2051.3242941938447,HIGH,CR01,2236.8171293703626,1.0904258949701637,2638.4072759816167,SYNTHETIC
BLST_2024_0252,2024,2024-03-26 16:50:17.399438727,124,3930,0.5557834768128906,167.63001075634457,43.614427580757585,4.028668781929104,355.44666802256654,2165.886880346553,MEDIUM,CR01,2659.2050022802946,1.2277672607974837,3141.244195022926,SYNTHETIC
BLST_2024_0253,2024,2024-03-27 01:01:57.867165575,55,3900,0.5494955597566664,207.1988761224661,59.77653458129982,2.2171104031999462,336.449199741862,1418.518900569155,LOW,CR02,2336.6851347942493,1.6472710612856105,2984.917180485921,SYNTHETIC
BLST_2024_0254,2024,2024-03-27 09:13:38.334892422,174,4005,0.37659265318564716,188.24295514756267,41.65921222019846,3.9729780045823793,356.3695613359316,2744.201976717134,HIGH,CR01,3029.136910740096,1.103831618969908,3180.593756277101,SYNTHETIC
BLST_2024_0255,2024,2024-03-27 17:25:18.802619270,114,4110,0.6142161691930406,181.97042399656902,63.7970685283999,3.076896864549705,356.22746258243325,2625.1345189161757,MEDIUM,CR01,2970.882824484015,1.1317068908570014,3345.5674017091387,SYNTHETIC
BLST_2024_0256,2024,2024-03-28 01:36:59.270346117,49,3765,0.4648728175920273,186.9597120870069,53.409747691568526,4.161414046738075,375.7613214052437,2349.609221152406,MEDIUM,CR01,2751.3239341191543,1.1709708616012837,3494.4458325619025,SYNTHETIC
BLST_2024_0257,2024,2024-03-28 09:48:39.738072965,64,3900,0.47400715126420806,135.74685246876737,69.03070937005054,5.055075775734378,344.14591671157024,1833.2123313396032,MEDIUM,CR01,2343.1982847584213,1.2781925174189455,2887.1065331290133,SYNTHETIC
BLST_2024_0258,2024,2024-03-28 18:00:20.205799813,60,4230,0.4544138896665593,204.58214502130272,82.57596691256788,4.0911259510823506,348.9184964792418,2688.7290711145693,HIGH,CR01,2972.793532310852,1.1056500873397885,3319.2055050958525,SYNTHETIC
BLST_2024_0259,2024,2024-03-29 02:12:00.673526660,83,4215,0.6490986879888638,107.1122414597555,52.382547114110835,3.3171119130221767,341.54634030295347,3094.7640225262867,LOW,CR01,3439.4010128654018,1.111361314733711,3611.371063508672,SYNTHETIC
BLST_2024_0260,2024,2024-03-29 10:23:41.141253508,54,4230,0.45674545660678617,179.81704708664876,43.622195658590144,3.1496984213902746,366.9225049181121,3697.1412578470117,MEDIUM,CR01,3498.192277809741,0.9461884287988698,4293.069250855421,SYNTHETIC
BLST_2024_0261,2024,2024-03-29 18:35:21.608980355,237,3735,0.3603554843875728,111.59982516846077,35.121184664566215,1.3218459265995193,326.4442046459826,2256.733867317598,HIGH,CR01,2145.1140383804695,0.9505392148566448,2396.875977138802,SYNTHETIC
BLST_2024_0262,2024,2024-03-30 02:47:02.076707203,85,3975,0.44810174003191383,218.82003653098573,50.02394672924105,4.257108155839037,349.153905486548,2295.7112150937746,HIGH,CR02,2517.8738640848956,1.0967729074678263,2996.777146247409,SYNTHETIC
BLST_2024_0263,2024,2024-03-30 10:58:42.544434050,70,3930,0.4051937265857752,115.3256268059528,70.89462641610774,3.7122085760257106,352.9098609407062,2450.775154298051,HIGH,CR01,2587.1398645425643,1.0556414610313654,2956.4263841275247,SYNTHETIC
BLST_2024_0264,2024,2024-03-30 19:10:23.012160898,126,3900,0.702070869215797,139.93849115137752,65.3706185745884,2.3664087759453687,367.71371307305463,1868.4377212880595,LOW,CR02,2603.7967189703486,1.3935689101670186,2949.5285374416735,SYNTHETIC
BLST_2024_0265,2024,2024-03-31 03:22:03.479887745,106,4065,0.47754726109677836,136.2627244491789,65.25684148211799,3.3818203660975743,376.41820005339747,1474.490298023379,HIGH,CR01,1869.0837174132785,1.2676134389754004,2082.675836027411,SYNTHETIC
BLST_2024_0266,2024,2024-03-31 11:33:43.947614593,67,4185,0.3791040978954158,128.82437429526234,49.921871583887466,2.421052254034091,324.3370439479268,2592.3786447617686,HIGH,CR02,2492.719844064518,0.9615570044527932,3106.999691278019,SYNTHETIC
BLST_2024_0267,2024,2024-03-31 19:45:24.415341440,167,4230,0.48610011036314404,166.1433425632753,48.33943470179214,3.0547659010640293,364.3239147942535,2673.092194372105,HIGH,CR01,2922.4011719163136,1.0932661350286013,3587.4544237596424,SYNTHETIC
BLST_2024_0268,2024,2024-04-01 03:57:04.883068288,155,3975,0.492218666143744,166.27107749677796,67.42921282090613,3.8904167981690834,343.02826068090025,1788.7128860411703,HIGH,CR01,2357.159015447255,1.3177961839723678,2702.1199373034397,SYNTHETIC
BLST_2024_0269,2024,2024-04-01 12:08:45.350795135,66,3600,0.5368581937733913,117.91964838900077,50.414196075716475,5.163710254809998,342.83981388217956,3015.958159460664,HIGH,CR01,2711.24421812043,0.8989661244522288,3051.8078421189175,SYNTHETIC
BLST_2024_0270,2024,2024-04-01 20:20:25.818521983,37,4215,0.3442345203877135,165.37830772287765,72.68327006832295,2.814157058415287,356.4970331702209,2400.223179845091,HIGH,CR02,2450.8361303369393,1.0210867684792189,3221.649258514908,SYNTHETIC
BLST_2024_0271,2024,2024-04-02 04:32:06.286248830,46,3675,0.5399825832128283,138.68997606842885,57.952042666570904,2.2626290092606656,366.2651535743928,1608.904210380863,HIGH,CR02,1898.0116362941121,1.1796921308601778,2227.72055354994,SYNTHETIC
BLST_2024_0272,2024,2024-04-02 12:43:46.753975678,262,4215,0.3449336100766851,165.6028712128805,67.79175684276224,1.723687822881708,315.02963941032954,2471.040377362944,HIGH,CR01,2853.8517206139963,1.1549190967326817,3122.77046989442,SYNTHETIC
BLST_2024_0273,2024,2024-04-02 20:55:27.221702525,102,4125,0.3513020244203928,129.42826185789497,60.18667549244633,4.2252615928140465,339.0735128297467,3299.6782116096583,HIGH,CR01,3257.698618662606,0.9872776706530502,4158.066800110853,SYNTHETIC
BLST_2024_0274,2024,2024-04-03 05:07:07.689429373,97,4020,0.6100875123677092,113.4537775915115,71.77679694063706,1.4022675900223438,354.0001061643651,2704.5642153276976,HIGH,CR02,2620.6874519496064,0.9689869580826617,3195.2387642118874,SYNTHETIC
BLST_2024_0275,2024,2024-04-03 13:18:48.157156220,99,4215,0.4428554596952395,185.0302440617301,46.94968581974016,1.6328211526548713,350.6313133457983,2450.449973323298,HIGH,CR02,2511.399633946947,1.0248728442886712,3010.640607554551,SYNTHETIC
BLST_2024_0276,2024,2024-04-03 21:30:28.624883068,48,4215,0.5079269811898811,99.60073228592248,58.15484321123221,5.577439998424357,315.48730349710735,1896.179300102845,HIGH,CR01,2179.3088365905182,1.149315803875887,2720.8146879120513,SYNTHETIC
BLST_2024_0277,2024,2024-04-04 05:42:09.092609915,87,4185,0.40739144297689345,169.7089249100581,69.00025501936221,2.663043634152222,350.5052566219678,2180.0984733011946,MEDIUM,CR01,2661.6658376919136,1.2208924827425387,3066.9946617264695,SYNTHETIC
BLST_2024_0278,2024,2024-04-04 13:53:49.560336763,203,3750,0.4567181109653981,129.60538306521727,50.610252911669285,3.121036014713379,342.26632715023436,3380.3296546075353,HIGH,CR01,3376.29316709958,0.9988058893893814,3545.107825454559,SYNTHETIC
BLST_2024_0279,2024,2024-04-04 22:05:30.028063610,321,3930,0.402899973875075,148.81389083154858,65.54809405281081,1.5462783901591712,336.5536826735917,3339.9680489432967,HIGH,CR02,3385.050562953978,1.0134978878091199,3862.257297117003,SYNTHETIC
BLST_2024_0280,2024,2024-04-05 06:17:10.495790458,206,4140,0.2552694834310183,208.9214953268306,33.43191543260846,1.621203733670681,328.249957604771,2446.868930615712,HIGH,CR01,2730.1331978149124,1.1157660157660843,2891.5308401107113,SYNTHETIC
BLST_2024_0281,2024,2024-04-05 14:28:50.963517305,138,4005,0.34972214437208854,205.4176567962284,63.246644913654336,3.4249612066070334,319.27830081910554,2122.4447360175736,HIGH,CR01,2678.8865582498156,1.262170228882527,3306.126535396767,SYNTHETIC
BLST_2024_0282,2024,2024-04-05 22:40:31.431244153,100,3615,0.6537127896959813,156.0310929609675,53.8225471095158,2.9585722838063,314.75999525992773,2240.2261170914635,HIGH,CR01,2414.5074346425467,1.0777963064627407,2755.8587962179636,SYNTHETIC
BLST_2024_0283,2024,2024-04-06 06:52:11.898971001,39,3765,0.5166287282513145,145.62183167373266,37.25255692511918,3.9143432724056475,360.16750650035897,2327.8038310215916,HIGH,CR01,2460.902265865742,1.0571776852801802,2854.7554011548555,SYNTHETIC
BLST_2024_0284,2024,2024-04-06 15:03:52.366697848,126,3660,0.3300989607484988,105.12388380853872,60.34435942863088,1.5778448887240286,329.1775372810242,2590.1920585904277,HIGH,CR01,2712.111233252066,1.047069550019386,3285.3965455181137,SYNTHETIC
BLST_2024_0285,2024,2024-04-06 23:15:32.834424696,130,3735,0.4221633559698902,132.26479707170276,61.53601438948145,2.4460160175339047,358.82717385059897,2088.4516824519724,HIGH,CR02,2452.4070487330623,1.1742704269096538,2868.5522537036627,SYNTHETIC
BLST_2024_0286,2024,2024-04-07 07:27:13.302151543,181,3765,0.36451650830672166,93.37583627355579,43.67221861957418,2.1996849403161245,348.1942050778637,2784.9354282690906,HIGH,CR01,2846.5655156427238,1.0221298083783357,3282.827945141132,SYNTHETIC
BLST_2024_0287,2024,2024-04-07 15:38:53.769878391,225,4185,0.6606240297703333,157.9647621675282,58.33501251803489,3.419514504246749,374.81193092386144,1675.4586776754527,HIGH,CR01,2228.8729187992244,1.3303061116921033,2617.386249630459,SYNTHETIC
BLST_2024_0288,2024,2024-04-07 23:50:34.237605238,134,4200,0.46023103338088606,169.9901716670596,43.851998690288994,4.63618005091535,315.418577065155,2760.1951004937496,MEDIUM,CR02,3021.7529436165905,1.0947606359695563,3504.482254594637,SYNTHETIC
BLST_2024_0289,2024,2024-04-08 08:02:14.705332086,57,3930,0.5622559870149348,162.85996344434906,40.904290082511466,1.5017998718209837,373.9196835676354,2897.734072327827,LOW,CR01,3224.9437415918596,1.1129191503073905,3937.713466640875,SYNTHETIC
BLST_2024_0290,2024,2024-04-08 16:13:55.173058933,36,3990,0.4756783781513857,177.52466015274746,52.984095930048916,2.3980759936336424,316.5788183032309,3277.200075433584,HIGH,CR01,3308.277836970642,1.0094830223427682,3800.2279475416485,SYNTHETIC
BLST_2024_0291,2024,2024-04-09 00:25:35.640785781,207,4260,0.5885059627048641,123.20978534386728,55.90401739464958,5.467255455220824,357.08957909990914,2438.9441406556243,HIGH,CR01,2878.764105534148,1.180332118947297,3253.610562161607,SYNTHETIC
BLST_2024_0292,2024,2024-04-09 08:37:16.108512628,74,3945,0.23749898750969836,202.1702886309576,84.84531535011112,3.296099149547703,362.1778103315406,1784.7775435814062,HIGH,CR01,2337.291474941309,1.3095701945303537,2793.7019716790664,SYNTHETIC
BLST_2024_0293,2024,2024-04-09 16:48:56.576239476,50,3675,0.33907628663969924,127.7165634307301,59.63586871787083,2.708641336985159,343.3487363704328,2344.9943143577875,MEDIUM,CR01,2263.1467241274618,0.9650968918222128,2804.81703593939,SYNTHETIC
BLST_2024_0294,2024,2024-04-10 01:00:37.043966323,156,4290,0.5626764808261036,128.95166490873552,59.926325412328396,3.8739941693632827,335.7519025329568,2362.5266348880573,HIGH,CR01,2446.1072525887184,1.035377640389913,3165.342076213939,SYNTHETIC
BLST_2024_0295,2024,2024-04-10 09:12:17.511693171,135,3615,0.40054231178383926,172.61888543700803,63.06947927457072,3.5307641387948925,366.54505302281007,1945.7144465591164,MEDIUM,CR02,2183.1170598609356,1.1220130804505521,2487.3608891197896,SYNTHETIC
BLST_2024_0296,2024,2024-04-10 17:23:57.979420018,115,4245,0.36072677907619916,140.58325800285164,68.1488541690351,3.2596887985335186,344.8409581351787,3002.540987942267,HIGH,CR01,3085.4853515452855,1.0276247231715105,3684.312557320976,SYNTHETIC
BLST_2024_0297,2024,2024-04-11 01:35:38.447146866,122,3765,0.4802041155100324,85.63590819994698,63.52089789167481,2.2216562854465587,365.6186315621838,1881.9271267268446,HIGH,CR01,2337.8753387629386,1.2422772941421516,2808.008619539318,SYNTHETIC
BLST_2024_0298,2024,2024-04-11 09:47:18.914873713,54,3615,0.3723248846393679,133.56148434589426,42.52255963052697,4.260094608908709,371.87069176432533,2157.7450098885693,MEDIUM,CR01,2335.9381633086555,1.082583045078755,2452.7350714740883,SYNTHETIC
BLST_2024_0299,2024,2024-04-11 17:58:59.382600561,167,3810,0.5661866360863548,147.85499397253335,68.72165570512358,0.9364340864199447,366.4119858999531,2499.277197796917,HIGH,CR01,2861.218865993666,1.144818537341835,3123.665190523149,SYNTHETIC
BLST_2024_0300,2024,2024-04-12 02:10:39.850327408,43,3915,0.3675700791782397,85.64112303823667,43.38617326386331,3.206637366355125,357.521470633916,2226.111639918023,HIGH,CR02,2359.9024506760047,1.0601006743592198,2912.6577002154295,SYNTHETIC
BLST_2024_0301,2024,2024-04-12 10:22:20.318054256,44,3900,0.46482230961834786,154.87401497423735,71.2535917826172,3.703040729948727,371.90308162625195,2109.295328916201,HIGH,CR01,2419.135265750122,1.1468926292996264,2814.98871626439,SYNTHETIC
BLST_2024_0302,2024,2024-04-12 18:34:00.785781103,157,4050,0.3523614792233742,156.44511483139215,44.37044064705117,4.162155091880537,345.6353311090565,2580.604659887966,MEDIUM,CR01,2477.874121130983,0.9601912914621168,3056.345205415078,SYNTHETIC
BLST_2024_0303,2024,2024-04-13 02:45:41.253507951,67,4080,0.6413786040068423,206.23845838063627,51.783855981289996,3.1413876971191876,344.45323582412664,2265.664054002891,MEDIUM,CR01,2754.8667813846073,1.2159202404775813,3262.306397676352,SYNTHETIC
BLST_2024_0304,2024,2024-04-13 10:57:21.721234798,85,3720,0.42791812144496705,113.66996203319421,49.698509525098714,3.3196524515889094,364.20549752942355,2262.0767226017183,HIGH,CR01,2368.281103535904,1.0469499464244676,2590.486581699743,SYNTHETIC
BLST_2024_0305,2024,2024-04-13 19:09:02.188961646,146,4215,0.44988300109931256,167.79611896311673,64.23743016067051,1.5917499379627424,360.1849596882617,3402.7566561188237,HIGH,CR01,3657.4933797512554,1.074861869177264,4108.0096268882035,SYNTHETIC
BLST_2024_0306,2024,2024-04-14 03:20:42.656688493,56,3660,0.45365596644008743,222.4603647206926,71.55061912138589,3.037366618647622,333.66912747606557,2181.342452477998,MEDIUM,CR01,2574.768525039455,1.18035960933806,3132.2764240725264,SYNTHETIC
BLST_2024_0307,2024,2024-04-14 11:32:23.124415340,336,4230,0.6146493075483833,145.13142827309045,58.137477671877974,4.154426496551692,361.70972464492166,2471.042126005047,HIGH,CR02,2694.2146281733653,1.0903151345821542,3284.8920176552806,SYNTHETIC
BLST_2024_0308,2024,2024-04-14 19:44:03.592142188,121,3780,0.5981735594542128,141.22107581612488,56.92233869473981,2.5874505595658257,359.59678073804434,1952.4959675251052,HIGH,CR01,2355.921351130804,1.2066203415093668,2647.5941465785186,SYNTHETIC
BLST_2024_0309,2024,2024-04-15 03:55:44.059869036,40,4185,0.4176717401483638,155.54826487836849,40.22751950755497,2.5525670362755264,358.2695908811144,2555.0104039425582,HIGH,CR02,2638.633040759807,1.0327288830950407,3084.760619356262,SYNTHETIC
BLST_2024_0310,2024,2024-04-15 12:07:24.527595884,208,3855,0.6085261214185287,200.31752288597988,36.13652516384016,3.3352294404986482,334.7877409397904,2346.4251465803522,MEDIUM,CR02,2966.9720627269444,1.2644648251622126,3486.1922994450383,SYNTHETIC
BLST_2024_0311,2024,2024-04-15 20:19:04.995322732,179,4140,0.3852722075912684,211.88061955123612,66.59921913039125,2.1492455210039125,359.898626090466,2569.583273973488,LOW,CR01,2911.312321509594,1.1329900653531542,3176.7868578540906,SYNTHETIC
BLST_2024_0312,2024,2024-04-16 04:30:45.463049578,118,3675,0.3400538113219496,116.98264761676984,48.9177786093881,0.9327228945512958,370.32646405081397,2624.250807860524,HIGH,CR02,2551.754642113721,0.9723745285589118,2944.935217172425,SYNTHETIC
BLST_2024_0313,2024,2024-04-16 12:42:25.930776426,49,3615,0.5893519509610061,241.51016777226909,55.54626687576312,5.738755796075005,315.1840713730745,2148.271758297928,HIGH,CR02,2570.075514678318,1.1963456228250118,3023.388376213589,SYNTHETIC
BLST_2024_0314,2024,2024-04-16 20:54:06.398503274,83,4290,0.4498427995530804,109.75642927206013,60.97660916363707,3.939809290961364,352.20361155562716,2711.827506373128,HIGH,CR01,2830.218410690342,1.043657240012125,3395.288596912027,SYNTHETIC
BLST_2024_0315,2024,2024-04-17 05:05:46.866230122,59,4140,0.3328241648116722,214.32953182672173,70.18056504488644,3.2855535361969244,337.9998945057776,2789.4843796430782,HIGH,CR01,2949.6321458499174,1.05741124323031,3314.9618086477135,SYNTHETIC
BLST_2024_0316,2024,2024-04-17 13:17:27.333956968,34,3900,0.41060981271556973,145.1320704414681,38.894349253086034,1.9993691790111296,323.2816538121713,1856.505341196677,HIGH,CR02,1995.6787848901695,1.0749652805220498,2302.5709985975027,SYNTHETIC
BLST_2024_0317,2024,2024-04-17 21:29:07.801683816,49,4125,0.5384187738712787,125.01220591614349,47.82445914923517,4.635798173823549,362.0310000468784,2775.7205034584126,MEDIUM,CR01,3071.549808043623,1.1065774829333939,3696.6830726275134,SYNTHETIC
BLST_2024_0318,2024,2024-04-18 05:40:48.269410664,133,3735,0.4188252091095448,157.05484263656655,54.42098023929329,3.640573252263447,367.35752200130224,2712.6079472288725,HIGH,CR02,3015.162783132427,1.1115365145975615,3444.628013315678,SYNTHETIC
BLST_2024_0319,2024,2024-04-18 13:52:28.737137512,246,4020,0.431438906519295,117.9316007992968,62.36599374751571,2.3164821318293662,366.9773307207014,2449.7528363133392,MEDIUM,CR01,2823.3826000139397,1.1525173307944323,3510.3041489129955,SYNTHETIC
BLST_2024_0320,2024,2024-04-18 22:04:09.204864358,98,3690,0.4402940874125859,199.29041525476742,62.223409117288746,2.1488907031019178,378.5265395380007,3800.0,MEDIUM,CR01,3837.364801540399,1.0098328425106313,4238.984889117655,SYNTHETIC
BLST_2024_0321,2024,2024-04-19 06:15:49.672591206,233,4170,0.502319944726975,102.8611001217741,38.66287448605014,3.4869904214926866,368.0675419696161,2754.6079634867815,LOW,CR01,2673.86520780042,0.9706881136057717,3138.319334915982,SYNTHETIC
BLST_2024_0322,2024,2024-04-19 14:27:30.140318054,134,4275,0.5608347577880038,186.1069938134091,48.209382880717534,4.246998202571664,337.61365350753607,1708.5849656519179,HIGH,CR01,2088.4490639378137,1.2223267241152136,2479.821420063575,SYNTHETIC
BLST_2024_0323,2024,2024-04-19 22:39:10.608044902,161,4005,0.4882871135371471,136.51626155534046,83.67946053199182,1.368971620720794,330.10385525710495,2352.2329705193806,HIGH,CR02,2526.298323094699,1.0740000479361038,2837.8076378642536,SYNTHETIC
BLST_2024_0324,2024,2024-04-20 06:50:51.075771748,225,3720,0.48389385224620685,229.37350431255766,64.24400162391443,2.123095135074281,398.54944088675217,2939.4452130852724,HIGH,CR01,3188.059617573683,1.0845786828690243,3753.8599782358406,SYNTHETIC
BLST_2024_0325,2024,2024-04-20 15:02:31.543498596,267,3855,0.5488284403102659,171.6877889470403,48.03694715855491,2.2285790514432806,373.8310162530029,2810.2173865727277,HIGH,CR01,3115.929199698302,1.1087858236826345,3618.6159669224803,SYNTHETIC
BLST_2024_0326,2024,2024-04-20 23:14:12.011225444,64,4110,0.4322725338516,113.73687913596116,44.56273634825415,3.790316241627571,349.47140090518604,2849.4890983776663,MEDIUM,CR02,2950.0751984436793,1.0352996963993584,3139.198128424909,SYNTHETIC
BLST_2024_0327,2024,2024-04-21 07:25:52.478952292,132,4020,0.3659514837671081,184.1769179406827,38.154383863060104,2.4141252304280334,350.4339634211983,2656.4271252329045,MEDIUM,CR02,2639.863888688323,0.9937648443703762,3198.4417569065213,SYNTHETIC
BLST_2024_0328,2024,2024-04-21 15:37:32.946679138,191,3960,0.5602466514368057,171.75714465904784,61.94865253186727,5.225084144967704,328.7969220480347,2712.802824036194,MEDIUM,CR01,3076.950519995772,1.13423301271037,3839.681821904266,SYNTHETIC
BLST_2024_0329,2024,2024-04-21 23:49:13.414405986,142,4245,0.4419601606094126,163.41964428520254,59.57612708080156,0.7781070970403978,336.6349885109086,2628.9910944055955,HIGH,CR02,2761.6840883264076,1.0504729720093682,3253.844182930233,SYNTHETIC
BLST_2024_0330,2024,2024-04-22 08:00:53.882132834,278,3735,0.5368066498851173,196.64031591933553,47.24944403388977,3.194205953268068,311.2799774183174,2674.391225544071,LOW,CR02,2929.8133206834004,1.0955066307052241,3368.9990368167973,SYNTHETIC
BLST_2024_0331,2024,2024-04-22 16:12:34.349859682,87,3750,0.6494746418409113,235.79234325775417,53.78900783892884,3.550053210912928,338.9996884325489,2607.802334187064,HIGH,CR02,3099.663328022756,1.1886113020866749,3797.1249820051034,SYNTHETIC
BLST_2024_0332,2024,2024-04-23 00:24:14.817586528,196,3615,0.44868885690033294,128.79025952507317,58.98529014953659,4.276833750824029,343.66754389876286,2522.435113607634,MEDIUM,CR01,2960.646149507912,1.1737253947728077,3375.050660435503,SYNTHETIC
BLST_2024_0333,2024,2024-04-23 08:35:55.285313376,253,3795,0.3248147787820088,170.9330746260187,77.85791684184431,4.575188369975072,344.71848060016276,2269.1930998720545,HIGH,CR01,2882.9340127255928,1.2704665869502878,3155.7863072020764,SYNTHETIC
BLST_2024_0334,2024,2024-04-23 16:47:35.753040224,88,3765,0.49374484348615333,120.2007255557887,61.73503783348791,3.9449057847689084,373.51370806462035,2281.5616908263664,MEDIUM,CR01,2456.059532497411,1.076481754743981,3005.945862700776,SYNTHETIC
BLST_2024_0335,2024,2024-04-24 00:59:16.220767072,58,3615,0.2914745377392235,155.20818127438093,61.07152001765718,4.586901244998102,350.61505097069806,1994.1613207594542,HIGH,CR02,2297.3639966279193,1.152045209538511,2888.3154303810793,SYNTHETIC
BLST_2024_0336,2024,2024-04-24 09:10:56.688493920,303,3975,0.5458511253780106,212.15786667403623,36.63778939187893,3.934813904118141,344.82547227225126,2939.435123989292,HIGH,CR01,3192.1593231973966,1.0859771311656359,3732.588429704151,SYNTHETIC
BLST_2024_0337,2024,2024-04-24 17:22:37.156220766,23,4125,0.4598915478763111,185.05259817156798,49.85378972633708,2.3784995734065744,370.127809552395,2533.147895722602,HIGH,CR01,2784.9382936838515,1.0993982224197867,3104.6712064276244,SYNTHETIC
BLST_2024_0338,2024,2024-04-25 01:34:17.623947614,211,3765,0.48231975968587076,126.6647748363424,50.33947883216805,3.1085612735362353,359.67402787217026,2155.811290130122,MEDIUM,CR01,2619.791760417745,1.2152231377634255,3083.029837050511,SYNTHETIC
BLST_2024_0339,2024,2024-04-25 09:45:58.091674462,189,3735,0.5795952688284265,125.27497126184267,37.17042854443707,3.15916879678031,353.21884273232104,3037.9286118061736,HIGH,CR01,3325.7006471143445,1.0947263981746689,3718.8777626301912,SYNTHETIC
BLST_2024_0340,2024,2024-04-25 17:57:38.559401310,238,3990,0.539923107181111,77.04713102475483,74.56967864995741,3.9490317370608268,361.16234023899307,2789.4143623552895,HIGH,CR01,2865.2043947262378,1.0271705894232772,3213.2861037971447,SYNTHETIC
BLST_2024_0341,2024,2024-04-26 02:09:19.027128156,65,3930,0.5424575356595186,188.88475288302027,77.19851220557669,3.646121168663436,344.0571052553972,2754.1852302320813,HIGH,CR02,2813.139637161107,1.0214053892533794,3364.9402045888,SYNTHETIC
BLST_2024_0342,2024,2024-04-26 10:20:59.494855004,107,4020,0.5170614310506421,181.6871906427682,69.52697098027924,2.0172125972399835,339.34528653929453,2179.7163733599536,HIGH,CR02,2532.1154021579314,1.1616719648046536,3108.810557687382,SYNTHETIC
BLST_2024_0343,2024,2024-04-26 18:32:39.962581852,87,3645,0.4245498946593385,125.4370676759085,45.183625325096905,2.3334532757256916,302.90898771416215,3351.691950551926,HIGH,CR01,3317.33556453844,0.9897495394802531,3984.6015665327122,SYNTHETIC
BLST_2024_0344,2024,2024-04-27 02:44:20.430308700,145,3630,0.22746368129020172,185.37704851259832,48.008904732711656,2.608370893541098,328.1868005126143,2797.7835550524196,HIGH,CR02,2745.95192361209,0.9814740381375362,3155.6284015710694,SYNTHETIC
BLST_2024_0345,2024,2024-04-27 10:56:00.898035546,137,3690,0.4512361131905259,162.18678373831335,63.5342897296038,3.682838418103787,319.1785400699721,2035.3611137353084,HIGH,CR01,2401.086902894701,1.179685946975871,2844.084730644456,SYNTHETIC
BLST_2024_0346,2024,2024-04-27 19:07:41.365762394,160,3900,0.3693932527048435,113.52425324635482,66.81923737885623,3.968362841198884,366.9773184527088,2891.080409327532,MEDIUM,CR01,3015.4401052991957,1.0430149557827726,3597.473447307816,SYNTHETIC
BLST_2024_0347,2024,2024-04-28 03:19:21.833489242,130,4080,0.4456549365491074,153.42697043070143,48.65188877444999,3.9321566045565315,353.32897687896457,2454.375395741952,MEDIUM,CR02,2456.0867142094417,1.0006972521279582,2578.8910499199137,SYNTHETIC
BLST_2024_0348,2024,2024-04-28 11:31:02.301216090,196,3840,0.32959830861639405,160.5679278156174,62.82284692421419,3.9228234066710246,348.69676763718616,2040.8717900263582,MEDIUM,CR01,2625.0893851666297,1.2862588419298628,3150.7624538734167,SYNTHETIC
BLST_2024_0349,2024,2024-04-28 19:42:42.768942936,7,3975,0.38671565451478834,185.18210826642422,55.94572402629107,3.8726339303274133,346.54133774320144,2127.8553166849415,HIGH,CR02,2397.8772684315377,1.1268986427927217,2746.1648675063057,SYNTHETIC
BLST_2024_0350,2024,2024-04-29 03:54:23.236669784,87,4200,0.3726804883157123,259.548675098981,63.81646924563092,1.6112094863238677,360.1823513810194,3232.409716757914,HIGH,CR01,3402.7266573918323,1.052690393718017,4055.21965124564,SYNTHETIC
BLST_2024_0351,2024,2024-04-29 12:06:03.704396632,133,3870,0.5624795965171239,140.56875403518407,37.67040901281498,3.945437071343483,348.34817076509677,2913.1229495400676,LOW,CR01,2848.540716080874,0.9778305843667223,3536.706965559618,SYNTHETIC
BLST_2024_0352,2024,2024-04-29 20:17:44.172123480,188,3735,0.4657933348834696,218.08883621577377,44.287049653858546,2.537568478208694,338.71373524477514,2755.9548117487907,MEDIUM,CR01,2937.638686197964,1.0659241122803047,3478.0064547628367,SYNTHETIC
BLST_2024_0353,2024,2024-04-30 04:29:24.639850326,96,4230,0.4820291684007225,194.2566466416459,63.11083174091652,3.753375669631803,346.2355495741614,2621.542283738851,MEDIUM,CR02,2733.871019096063,1.0428483400988704,3503.1532278995533,SYNTHETIC
BLST_2024_0354,2024,2024-04-30 12:41:05.107577174,79,4020,0.42838277766780347,170.8956114503054,56.8565323372447,1.6866515223834382,352.0280006681051,2815.7924355876753,HIGH,CR02,2923.5381790039687,1.0382648032058535,3328.362719963854,SYNTHETIC
BLST_2024_0355,2024,2024-04-30 20:52:45.575304022,158,4125,0.43927888310477636,215.93598054921267,68.02276065951094,2.7310748694400147,347.945721066502,2263.1082449722153,HIGH,CR02,2894.573782983902,1.2790257776730602,3448.55292594644,SYNTHETIC
BLST_2024_0356,2024,2024-05-01 05:04:26.043030870,95,3945,0.18,134.63420030328894,73.97459503531587,3.682778469627939,363.48046404632396,1841.67978340014,HIGH,CR01,2339.6423487909865,1.2703849875962148,2456.6244662305357,SYNTHETIC
BLST_2024_0357,2024,2024-05-01 13:16:06.510757716,159,3855,0.5650839749152059,154.6367577074859,27.450374201819987,3.735365392687744,357.2777400764315,2943.9595569224334,HIGH,CR02,2772.9108505742643,0.9418984184256319,3387.1434389572555,SYNTHETIC
BLST_2024_0358,2024,2024-05-01 21:27:46.978484564,37,4290,0.29070245487198565,71.50921515674347,38.30637270625786,2.1848387098431914,350.88379839112076,3024.423958775533,MEDIUM,CR02,2818.477694142558,0.9319056232062273,3427.4555625731095,SYNTHETIC
BLST_2024_0359,2024,2024-05-02 05:39:27.446211412,80,4155,0.45073849741303257,147.75407658867266,32.65258471651059,2.801285412455511,353.3749519045638,2319.7731675656446,HIGH,CR02,2411.175026249048,1.0394012052390968,2886.5904968614213,SYNTHETIC
BLST_2024_0360,2024,2024-05-02 13:51:07.913938260,37,4020,0.5022879666917605,168.33898541493042,55.57977618536646,2.4238893002245145,338.8954811165959,2509.8908092099496,MEDIUM,CR01,2666.378598625226,1.06234844513596,3093.829564882079,SYNTHETIC
BLST_2024_0361,2024,2024-05-02 22:02:48.381665108,270,3930,0.5349670252448494,85.87635077226142,62.977636237102,3.4778561903339846,339.3708619538641,2336.5891831854115,HIGH,CR01,2497.413709232801,1.0688287556942901,2798.049636406327,SYNTHETIC
BLST_2024_0362,2024,2024-05-03 06:14:28.849391954,20,4095,0.6311267681559121,212.5848304122838,65.80968711750185,2.1246934306690646,342.9656167695669,3193.7037148051136,HIGH,CR02,3257.460967258682,1.0199634212021635,4274.004394929464,SYNTHETIC
BLST_2024_0363,2024,2024-05-03 14:26:09.317118802,88,4050,0.42214042271937957,138.32470641769356,50.04653651502265,0.9836045873712478,372.8918667765476,2654.4633493339884,HIGH,CR01,2633.0247951954784,0.9919235825411231,3142.8109952379664,SYNTHETIC
BLST_2024_0364,2024,2024-05-03 22:37:49.784845650,329,3990,0.18,162.00287712460107,47.639550507344325,4.240618176934415,357.6569141773029,2730.9020877173934,MEDIUM,CR02,2861.127950978096,1.04768602427982,3374.7729208562073,SYNTHETIC
BLST_2024_0365,2024,2024-05-04 06:49:30.252572498,66,4290,0.5297272561169281,198.52771818747715,64.1418631866189,3.3827604470567834,350.3350141814349,2355.7152180962375,HIGH,CR02,2616.4032044965384,1.1106619273831304,2818.8393361403673,SYNTHETIC
BLST_2024_0366,2024,2024-05-04 15:01:10.720299344,410,4065,0.5870744507474979,98.91081228488535,29.951756734074586,3.23877856542509,350.84762457392253,3031.89862635592,HIGH,CR01,3270.809362724995,1.078799051621401,3989.3293370637934,SYNTHETIC
BLST_2024_0367,2024,2024-05-04 23:12:51.188026192,92,3855,0.5083525091833342,202.65036284528318,67.95404183659741,4.558779131056815,363.07365417622634,1801.672350377538,MEDIUM,CR01,2075.5359143584246,1.1520051989050613,2262.202213098863,SYNTHETIC
BLST_2024_0368,2024,2024-05-05 07:24:31.655753040,37,3615,0.5648495298580352,171.30175077894353,62.22086149197505,4.540526973747237,332.55229783412415,2495.4755278975276,MEDIUM,CR01,2726.2035009817705,1.0924585196307792,3269.5562565716327,SYNTHETIC
BLST_2024_0369,2024,2024-05-05 15:36:12.123479888,165,3990,0.6427369755230228,256.27224966486676,65.36331280616717,2.485156069503913,343.0513765902761,1200.0,MEDIUM,CR01,2375.8697491560347,1.9798914576300288,2788.5605047339504,SYNTHETIC
BLST_2024_0370,2024,2024-05-05 23:47:52.591206734,80,4035,0.7038483229427952,179.57585721336523,57.29347515325706,4.532469166828956,356.3482089759884,3055.5885042706873,HIGH,CR01,3376.4734167749302,1.105015748048454,3862.8481183705926,SYNTHETIC
BLST_2024_0371,2024,2024-05-06 07:59:33.058933582,187,4110,0.44440630059395775,90.42739613668107,42.609717785680346,2.5786399967624356,385.3816665154024,2433.1066249211026,HIGH,CR01,2501.302076204765,1.0280281392460036,3157.8561540590986,SYNTHETIC
BLST_2024_0372,2024,2024-05-06 16:11:13.526660430,144,4170,0.4892030398057523,136.41388844736906,72.62412686416036,2.0080074479303764,395.4531798178666,2561.8229622941653,HIGH,CR01,2794.2317790755183,1.0907200927628606,3218.394701362196,SYNTHETIC
BLST_2024_0373,2024,2024-05-07 00:22:53.994387278,28,4140,0.41227643259037267,184.4435131286285,72.53184720714638,2.826911993512913,330.7686921775634,1964.4713456235659,HIGH,CR01,2233.218642595276,1.1368038773232418,2888.735600681591,SYNTHETIC
BLST_2024_0374,2024,2024-05-07 08:34:34.462114124,345,4050,0.4772552622971467,192.10278189516194,68.02347081787747,2.7042680566439423,344.6193903147868,2790.405945372328,HIGH,CR01,3134.191977862663,1.1232028741411182,3448.369890264067,SYNTHETIC
BLST_2024_0375,2024,2024-05-07 16:46:14.929840972,150,3795,0.5465342112242776,146.42068151209344,33.42516077978614,3.809194122666461,400.567129504179,2611.419563925513,HIGH,CR02,2599.445871771047,0.9954148723093478,3099.887329239601,SYNTHETIC
BLST_2024_0376,2024,2024-05-08 00:57:55.397567820,59,3870,0.37293207403278333,147.6529449558387,32.27734633043836,4.311652097399896,349.3068729717404,2209.2555393895655,HIGH,CR01,2443.452890828908,1.1060073618754185,2881.6190920193303,SYNTHETIC
BLST_2024_0377,2024,2024-05-08 09:09:35.865294668,74,3930,0.5946104109943138,215.44115350642124,67.52524225600163,4.3545974517754935,361.39415763045395,2751.487656519455,LOW,CR01,3303.4261347045563,1.2005963853326116,4026.5921993041898,SYNTHETIC
BLST_2024_0378,2024,2024-05-08 17:21:16.333021514,69,4080,0.5636868633450564,143.45612763071966,68.13507326956669,3.1743842971153287,376.30473257488563,2196.586735700248,MEDIUM,CR02,2201.5851767915537,1.0022755491554547,2661.6242982977465,SYNTHETIC
BLST_2024_0379,2024,2024-05-09 01:32:56.800748362,47,3975,0.49607420101184635,85.73921408291366,54.26287528327413,4.789684358752702,390.35618743211785,2294.837802798725,HIGH,CR02,2324.348521469757,1.012859609788126,2745.866377921942,SYNTHETIC
BLST_2024_0380,2024,2024-05-09 09:44:37.268475210,642,3675,0.5658222668795957,133.9107445844999,49.58838068768655,4.737476676515087,372.64102734421357,3016.4363509229624,HIGH,CR02,3338.510654189392,1.1067731142969026,4096.189288939784,SYNTHETIC
BLST_2024_0381,2024,2024-05-09 17:56:17.736202058,155,3855,0.4265200605885582,170.4621553183331,83.67358410964566,4.276633301639674,366.5742281225795,3202.4971607675766,HIGH,CR01,3270.09425037538,1.0211076189031192,4091.5860091505733,SYNTHETIC
BLST_2024_0382,2024,2024-05-10 02:07:58.203928904,138,4215,0.4954531871868811,179.19491914957842,79.7616684385236,3.720522946657342,351.02795708634187,2458.9888332965133,LOW,CR02,2547.4604299171674,1.035978852535922,2981.221432902286,SYNTHETIC
BLST_2024_0383,2024,2024-05-10 10:19:38.671655752,51,4260,0.3634622339593491,227.16019984207253,54.88372087909958,3.263134491093657,364.3326213294631,2606.8789138031225,HIGH,CR02,2808.92868615262,1.0775063894527923,3411.3350629991514,SYNTHETIC
BLST_2024_0384,2024,2024-05-10 18:31:19.139382600,235,3690,0.4951922283393649,168.186536404967,58.75743703426934,3.3653044307325555,344.11695130308874,2771.7678454716993,HIGH,CR01,3360.930684750706,1.2125585085495294,3723.0305780241742,SYNTHETIC
BLST_2024_0385,2024,2024-05-11 02:42:59.607109448,75,4050,0.5091252942048272,114.7995812320577,56.657250604498785,4.274936613244709,353.4406227356094,2021.0220941620553,MEDIUM,CR01,2271.7552621252307,1.1240625566080875,2677.932215547007,SYNTHETIC
BLST_2024_0386,2024,2024-05-11 10:54:40.074836296,16,3840,0.5111061200073943,107.89422542633832,67.93340690788906,3.4944259382869,313.2069002039507,2062.2497140165096,MEDIUM,CR01,1827.303627358789,0.8860729207230044,2290.484460322102,SYNTHETIC
BLST_2024_0387,2024,2024-05-11 19:06:20.542563142,151,3615,0.7708160913916495,190.42048546084908,46.448399878159485,4.458684458205899,304.5364473975775,1784.206799720428,HIGH,CR02,2231.4894478981937,1.2506899134382021,2690.2973693170234,SYNTHETIC
BLST_2024_0388,2024,2024-05-12 03:18:01.010289990,67,4050,0.574163726289874,116.70917639421404,68.1470344234545,1.461970594435543,341.8149938677964,2604.5085754339743,LOW,CR02,2554.1680354264,0.980671770297709,3306.2636509391104,SYNTHETIC
BLST_2024_0389,2024,2024-05-12 11:29:41.478016838,142,3915,0.602630319998644,121.47788039896973,56.89513258782227,3.3452455275962896,358.7503542673423,3062.9695743116035,HIGH,CR02,2981.647029886232,0.9734497707364107,3751.733482314305,SYNTHETIC
BLST_2024_0390,2024,2024-05-12 19:41:21.945743686,90,3600,0.3749624691673521,131.29069904422516,50.8010530001299,1.5174848047486822,379.9684055130065,2384.1011460547666,HIGH,CR01,2623.2220726159567,1.1002981467279145,2754.383176246755,SYNTHETIC
BLST_2024_0391,2024,2024-05-13 03:53:02.413470532,133,4080,0.40041747461879723,148.2231864164972,51.741279702423384,3.4171519489053583,307.52250160223286,2788.6907497656694,HIGH,CR02,2770.516101559787,0.9934827308451432,3108.599072015455,SYNTHETIC
BLST_2024_0392,2024,2024-05-13 12:04:42.881197380,32,3720,0.47251167270384026,222.76452032946509,60.64116419763349,1.540686072688609,348.93314075506544,2644.034936968584,LOW,CR01,2233.834072786235,0.8448580015161793,2709.0030427381594,SYNTHETIC
BLST_2024_0393,2024,2024-05-13 20:16:23.348924228,136,3600,0.2859265389713176,95.28739285915464,55.54984566514367,3.693165330836014,364.09152834115105,2128.538648008285,HIGH,CR01,2230.4746535663458,1.04789013610509,2500.891422332011,SYNTHETIC
BLST_2024_0394,2024,2024-05-14 04:28:03.816651076,132,3990,0.2791912294586675,199.70775935440548,55.85241093130432,3.0849986004285714,347.0656673974283,1915.28647167172,LOW,CR02,2389.55580807431,1.2476231850521209,2832.437838393795,SYNTHETIC
BLST_2024_0395,2024,2024-05-14 12:39:44.284377922,123,4035,0.6119435158073292,190.89626963263478,29.37066200327877,3.6160168984924512,378.7988627820132,2279.622642190431,HIGH,CR01,2631.438740519047,1.154330849245542,3057.2698736373272,SYNTHETIC
BLST_2024_0396,2024,2024-05-14 20:51:24.752104770,210,4065,0.3155605196716695,186.811800358116,85.7310867340432,3.1257401178471262,323.1051050736717,2210.9576017070453,HIGH,CR02,2619.64564592891,1.1848466220728626,3007.3059039563836,SYNTHETIC
BLST_2024_0397,2024,2024-05-15 05:03:05.219831618,157,3795,0.33029456445767635,148.35143471511154,48.47744728078866,2.7188018254371387,389.78719117163223,2898.8618899667294,HIGH,CR01,3067.0534228531824,1.0580198502966223,3737.7285874729446,SYNTHETIC
BLST_2024_0398,2024,2024-05-15 13:14:45.687558466,78,3690,0.3629468027270585,145.17701854144673,72.31550293392958,2.57512185032206,353.10928488738284,2108.1903147684743,HIGH,CR02,2321.955916539169,1.1013976775593766,2968.7852430548705,SYNTHETIC
BLST_2024_0399,2024,2024-05-15 21:26:26.155285312,42,4050,0.3536667929530456,182.04769249831187,67.35057807996418,1.8163815416808438,328.322074207887,2698.575200916448,HIGH,CR01,2873.7790743244846,1.0649245844060735,3404.7665550590946,SYNTHETIC
BLST_2024_0400,2024,2024-05-16 05:38:06.623012160,49,3675,0.3687598841443463,117.44057582555067,84.67356582720645,1.460910223218421,305.9430123498074,3413.3002806198197,HIGH,CR02,2957.937674547364,0.8665916946546038,3246.777765255968,SYNTHETIC
BLST_2024_0401,2024,2024-05-16 13:49:47.090739008,239,3780,0.47188193710468007,184.88147336583697,81.55644058402422,2.377152054712432,324.213296051961,2876.4891263499026,MEDIUM,CR01,3216.6461106617103,1.1182542222029697,3991.9263648652113,SYNTHETIC
BLST_2024_0402,2024,2024-05-16 22:01:27.558465856,42,4260,0.37914885131810816,196.935651994166,57.42689321759864,2.810483724923582,338.80128411276894,2196.0188456686037,LOW,CR01,2580.937806693615,1.175280354166459,3004.896041985387,SYNTHETIC
BLST_2024_0403,2024,2024-05-17 06:13:08.026192702,521,3705,0.42857554566290895,209.81044053154983,48.6261925076157,2.871661934354451,352.917439565652,3577.311016803972,HIGH,CR02,3930.4666097212385,1.0987209642265832,4328.160314269135,SYNTHETIC
BLST_2024_0404,2024,2024-05-17 14:24:48.493919550,86,4155,0.5444322352118265,136.65458647547115,83.9800563716971,4.402051064017806,344.712686129732,2347.073406775131,MEDIUM,CR01,2729.231446831029,1.1628232159048582,3300.905207433934,SYNTHETIC
BLST_2024_0405,2024,2024-05-17 22:36:28.961646398,84,3855,0.5391897575507095,146.14515203904097,56.15687109939484,3.404054634272763,320.59568755805043,3090.118893164879,HIGH,CR02,2885.9499424863707,0.9339284481480259,3044.4568610151914,SYNTHETIC
BLST_2024_0406,2024,2024-05-18 06:48:09.429373246,249,4215,0.4457058917043255,225.3367560031386,62.619890738711256,5.554406796610698,369.06607103285563,3158.0394529751093,HIGH,CR02,3279.669271055277,1.0385143440705225,3464.5385316450174,SYNTHETIC
BLST_2024_0407,2024,2024-05-18 14:59:49.897100092,40,3615,0.42956405634637174,128.05143755620333,47.58129586318245,1.7840339820647897,385.2698462111949,3090.578749177703,HIGH,CR01,2969.325729074477,0.9607668886820997,3319.5236519194436,SYNTHETIC
BLST_2024_0408,2024,2024-05-18 23:11:30.364826940,52,4260,0.6114246094374897,128.26408825004694,58.94345004768325,2.62709765431075,360.9391903003208,2670.369289863449,HIGH,CR02,2647.9644317857383,0.9916098278381353,3455.574140916846,SYNTHETIC
BLST_2024_0409,2024,2024-05-19 07:23:10.832553788,89,3915,0.621110156036287,77.42223739134727,53.92546417511328,1.7581766408975346,354.88556564551817,3106.9742094154076,HIGH,CR01,2896.020161863718,0.9321030580452158,3423.239116590102,SYNTHETIC
BLST_2024_0410,2024,2024-05-19 15:34:51.300280636,59,3930,0.4118844692297571,156.530636484705,68.9937797898932,0.8704230552831915,370.19371477037646,2094.316252548238,LOW,CR02,2266.0851246164657,1.0820166829432898,2907.0763515611475,SYNTHETIC
BLST_2024_0411,2024,2024-05-19 23:46:31.768007484,49,3660,0.42791167934491414,147.79277486824705,69.11447679114096,1.6083815983407868,340.8854997831898,2453.342798893112,HIGH,CR02,2554.4998113573156,1.0412323188222383,2899.559248447448,SYNTHETIC
BLST_2024_0412,2024,2024-05-20 07:58:12.235734330,78,3945,0.44369949841632234,120.08264065051318,59.88716814516116,2.968207187673646,317.38684755501197,3175.98547792222,HIGH,CR01,3217.6699230268714,1.013124885297625,3676.8874198164917,SYNTHETIC
BLST_2024_0413,2024,2024-05-20 16:09:52.703461178,60,3690,0.5261150549806319,205.95117651954962,70.92049984521302,3.4503990787567798,344.228944394872,2287.2880462037806,HIGH,CR02,2662.40183758247,1.1639993668489925,3030.865472721066,SYNTHETIC
BLST_2024_0414,2024,2024-05-21 00:21:33.171188026,118,4200,0.420209168571469,155.86135968868604,67.86346426850635,3.2286373054274984,349.39953104383056,2417.3496493056737,HIGH,CR02,2539.7959749740758,1.0506531298455613,2998.526821790652,SYNTHETIC
BLST_2024_0415,2024,2024-05-21 08:33:13.638914874,53,3675,0.426231636159472,150.80649429739967,81.50788822841838,3.012153706741886,346.5793575676454,2913.125782121616,MEDIUM,CR01,2877.8465817757724,0.9878895718947811,3591.9836093749454,SYNTHETIC
BLST_2024_0416,2024,2024-05-21 16:44:54.106641720,439,3600,0.36469100027648427,206.514459315477,78.1653027275994,4.706458953089313,340.0950275961269,2346.449440361403,HIGH,CR01,2940.5513006383844,1.2531918438376737,3596.590876673433,SYNTHETIC
BLST_2024_0417,2024,2024-05-22 00:56:34.574368568,338,3885,0.33397128540401466,130.9991180210129,60.852719462059106,4.31187208306047,350.2469091485228,2973.065608290407,HIGH,CR02,2975.9995277200283,1.0009868330592637,3596.8738938733513,SYNTHETIC
BLST_2024_0418,2024,2024-05-22 09:08:15.042095416,149,4140,0.563138676195831,157.1652916596483,43.08948453253642,3.714563861400692,348.41591918023977,2277.6643875132695,HIGH,CR01,2405.132309667022,1.055964312763796,2915.5231459624943,SYNTHETIC
BLST_2024_0419,2024,2024-05-22 17:19:55.509822264,113,4200,0.6145332668197963,149.84759871318175,56.4513745616877,4.09232840011962,369.4993568886827,3800.0,LOW,CR01,4257.8859118823275,1.1204962926006126,5183.322353859611,SYNTHETIC
BLST_2024_0420,2024,2024-05-23 01:31:35.977549110,291,3750,0.4574243634692023,101.21113544367519,74.02644796049518,2.0529408943664897,332.84439996016306,2668.368442255818,HIGH,CR01,2852.973211261963,1.0691826383803587,3270.785008656462,SYNTHETIC
BLST_2024_0421,2024,2024-05-23 09:43:16.445275958,111,3885,0.5480233768722664,76.38853757122368,41.73335176420507,3.3343510897332536,338.792970151556,2069.004252227576,HIGH,CR02,2131.786586573984,1.0303442268322136,2377.4225418617516,SYNTHETIC
BLST_2024_0422,2024,2024-05-23 17:54:56.913002806,66,4200,0.30530544785743985,81.00368764067969,53.499893107748925,4.717735816460042,361.33367813942175,3430.9544578987184,HIGH,CR01,3215.037750031792,0.9370680344153667,3899.8915377687713,SYNTHETIC
BLST_2024_0423,2024,2024-05-24 02:06:37.380729654,109,3915,0.35800198889263035,236.83391527224813,57.19442623055172,2.56114658084092,369.5392830085743,3289.579002173595,MEDIUM,CR02,3330.0678948532436,1.0123082293062107,3828.9781648087132,SYNTHETIC
BLST_2024_0424,2024,2024-05-24 10:18:17.848456500,97,3600,0.4739583644145522,149.8928592054452,52.339726843443934,4.418398189258223,378.7867154242275,3627.0955936829587,HIGH,CR01,3317.310073065106,0.9145912996731095,3592.036153288342,SYNTHETIC
BLST_2024_0425,2024,2024-05-24 18:29:58.316183348,96,4215,0.45302465648559537,170.93224498393806,40.290756761723024,4.70669283910326,345.11626161796664,1779.006550020617,LOW,CR01,2093.279085030577,1.176656198936602,2346.3090503299613,SYNTHETIC
BLST_2024_0426,2024,2024-05-25 02:41:38.783910196,67,4005,0.4883013150451684,145.13296401357258,66.33862880153832,3.2107182477328386,333.6630419524909,2698.9408875255094,HIGH,CR02,2885.097069572441,1.0689737900179084,3371.7202442757684,SYNTHETIC
BLST_2024_0427,2024,2024-05-25 10:53:19.251637044,907,3885,0.5575635401278862,185.83738695909773,72.9090728169506,2.1912515514030266,386.9287970182288,2888.9807885750843,HIGH,CR01,3575.789556125258,1.2377339338033204,4145.104688282205,SYNTHETIC
BLST_2024_0428,2024,2024-05-25 19:04:59.719363890,297,4290,0.6620370249042524,115.43100948226757,78.9417121733869,3.949458111066035,340.9912272434829,2128.221499025314,MEDIUM,CR01,2592.8011040582232,1.2182947617274227,2783.512510263216,SYNTHETIC
BLST_2024_0429,2024,2024-05-26 03:16:40.187090738,203,3645,0.3605246012631901,168.5859115066782,57.251789387943056,2.7315628104804026,364.5542582406552,2837.6809137951036,HIGH,CR02,3154.611163796828,1.1116863592594217,4003.6157336085002,SYNTHETIC
BLST_2024_0430,2024,2024-05-26 11:28:20.654817586,180,4185,0.4885315951473491,172.7009311033242,57.086335013813446,1.520713138061095,349.799662097674,2324.570014655813,HIGH,CR01,2812.8637800507995,1.2100576718775604,3105.33043594274,SYNTHETIC
BLST_2024_0431,2024,2024-05-26 19:40:01.122544434,75,3780,0.4524077406483912,185.30980231199857,72.08850014789587,2.0511287287107294,322.3684165294184,2118.2360948834666,HIGH,CR02,2318.6991605709904,1.094636790569161,2701.4188156562723,SYNTHETIC
BLST_2024_0432,2024,2024-05-27 03:51:41.590271280,55,4020,0.4185228050082008,228.8406584810022,58.94802359232273,1.9972306800192825,318.05144757666875,2277.689466277531,MEDIUM,CR02,2531.3831364026314,1.1113820272171326,3274.201849951315,SYNTHETIC
BLST_2024_0433,2024,2024-05-27 12:03:22.057998128,52,4230,0.4704939323653575,153.48889475995716,66.3316240610476,0.2,349.02027023878094,2509.9539078316566,HIGH,CR02,2402.4724859129083,0.9571779300076465,3013.969764673789,SYNTHETIC
BLST_2024_0434,2024,2024-05-27 20:15:02.525724976,340,3780,0.484062202849121,163.2783365365905,55.36399837637036,5.046158376834229,354.1131784177201,2170.129644955661,HIGH,CR02,2683.7631159444804,1.2366833116089309,3395.4106995807606,SYNTHETIC
BLST_2024_0435,2024,2024-05-28 04:26:42.993451824,150,4260,0.45332465163446617,162.04136151852148,74.10923680714438,3.0909246319014336,384.4315383459383,2805.646613423791,HIGH,CR02,2814.8472396690145,1.0032793247022638,3568.6363361025615,SYNTHETIC
BLST_2024_0436,2024,2024-05-28 12:38:23.461178670,52,3765,0.38356618204270043,141.4813461720223,62.31205552328972,3.173949848134757,352.5808465717447,2682.5441267628926,HIGH,CR02,2757.5379504535567,1.0279562311547739,3467.135035549481,SYNTHETIC
BLST_2024_0437,2024,2024-05-28 20:50:03.928905518,79,3630,0.3264254021434048,143.39756782101222,67.82567955444884,3.2935536769520484,363.4545875699549,2957.3570313352734,HIGH,CR01,3146.4633600223483,1.0639443688007097,3847.0832395624884,SYNTHETIC
BLST_2024_0438,2024,2024-05-29 05:01:44.396632366,249,3870,0.44522829818295695,112.84504504740949,35.39316604640116,2.152929069102122,307.88921443582035,2618.7633471243676,HIGH,CR01,2776.711267095483,1.0603139341111354,3166.27437292515,SYNTHETIC
BLST_2024_0439,2024,2024-05-29 13:13:24.864359214,51,3885,0.4431652211638037,227.4035407812022,66.60788865937783,2.5276390677222205,349.43373328695463,2406.5641979598117,LOW,CR02,2878.929915324255,1.1962822008924159,3324.625511937485,SYNTHETIC
BLST_2024_0440,2024,2024-05-29 21:25:05.332086062,89,3825,0.536797993434826,159.95640963142318,32.35484508548014,3.1511043706193687,359.02458771043666,2531.881055490834,HIGH,CR01,2933.1423970596675,1.1584834882739166,3953.891074972856,SYNTHETIC
BLST_2024_0441,2024,2024-05-30 05:36:45.799812908,39,3690,0.46076863194949697,161.84894873317344,70.65862381460731,2.528916279926008,337.0454471384337,2868.425629945331,HIGH,CR02,2746.9640075989,0.9576556487717809,3309.5653042225545,SYNTHETIC
BLST_2024_0442,2024,2024-05-30 13:48:26.267539756,59,4215,0.4914423329478638,93.86660930489224,43.08553561100098,2.140433712663231,354.3787769414327,1740.4411229989664,HIGH,CR01,2144.693562140045,1.2322701031359844,2609.027807028427,SYNTHETIC
BLST_2024_0443,2024,2024-05-30 22:00:06.735266604,111,3930,0.5771071870860143,201.17277317608153,69.95236629262129,3.6513144410647898,303.08423514993206,2638.0653098184257,HIGH,CR02,2975.446574674692,1.1278896559537746,3791.563069784423,SYNTHETIC
BLST_2024_0444,2024,2024-05-31 06:11:47.202993452,27,4290,0.41817935278674156,105.79930218689671,43.164201807709304,2.9188571572071624,318.83165440566245,3142.690213142696,HIGH,CR01,3124.3569190132052,0.9941663692931549,3605.4850149151043,SYNTHETIC
BLST_2024_0445,2024,2024-05-31 14:23:27.670720298,74,3645,0.3543055651010897,153.722059074089,79.94394073909004,0.2,350.11081685583594,2533.3752597115717,HIGH,CR01,2646.2566937497854,1.044557723379309,3018.1585225580475,SYNTHETIC
BLST_2024_0446,2024,2024-05-31 22:35:08.138447146,167,3690,0.44925636533544105,145.07680930869793,52.108468458406435,3.0010821000153536,315.19360869331155,2813.8226966582815,HIGH,CR02,2990.181469963876,1.062675865652459,3634.455563594806,SYNTHETIC
BLST_2024_0447,2024,2024-06-01 06:46:48.606173994,123,4275,0.3794808791070674,112.53784066397385,53.17197366456345,1.7090498150511093,375.0421084901718,3041.427889772255,HIGH,CR02,2815.3075722830845,0.9256532373331715,3309.1920801485862,SYNTHETIC
BLST_2024_0448,2024,2024-06-01 14:58:29.073900842,257,3660,0.405320259386113,87.67399657580559,64.36513987034124,0.8611537172984911,353.24183617117683,1810.8796893146732,MEDIUM,CR01,2099.9120601699997,1.1596088202660833,2584.3077030398063,SYNTHETIC
BLST_2024_0449,2024,2024-06-01 23:10:09.541627688,56,4155,0.6218237241451381,127.82530187803869,58.4903976568691,3.6598028271874314,365.72647336583157,2669.786489073618,LOW,CR02,2556.805077054132,0.9576814803423891,2980.920745284203,SYNTHETIC
BLST_2024_0450,2024,2024-06-02 07:21:50.009354536,170,4050,0.5141710649013853,208.16921231538635,69.48357129086429,2.8331865664381914,354.45798326007673,2126.629517722786,LOW,CR01,2603.3129101562413,1.2241497112971007,3062.8436870453475,SYNTHETIC
BLST_2024_0451,2024,2024-06-02 15:33:30.477081384,158,3660,0.44389520142890926,128.6056207503504,25.50090058692885,1.9019603387804955,351.27768451006665,2811.9296818368935,HIGH,CR02,2793.0065224299956,0.9932704009175164,3290.3195536281714,SYNTHETIC
BLST_2024_0452,2024,2024-06-02 23:45:10.944808232,60,3915,0.48924989370016136,149.10808091489486,43.83964443820208,4.902687258434365,335.84953407992106,2302.153610093876,HIGH,CR02,2428.9954166689695,1.055097021336435,2788.3209902403364,SYNTHETIC
BLST_2024_0453,2024,2024-06-03 07:56:51.412535078,126,4080,0.3163938244944594,169.23639976812683,53.345294370261094,2.655490718284705,351.5528115305434,2275.205051886581,MEDIUM,CR02,2491.241988126787,1.0949527323091472,3051.4728246380996,SYNTHETIC
BLST_2024_0454,2024,2024-06-03 16:08:31.880261926,34,3885,0.3906843492661918,144.8918482972997,50.62902163276385,1.9473012304130755,350.3930019027314,2782.1459703779,HIGH,CR01,2710.289959360822,0.9741724511286812,2928.0359736844403,SYNTHETIC
BLST_2024_0455,2024,2024-06-04 00:20:12.347988774,117,3660,0.4923035974730401,135.07458699463453,47.11856250808941,1.887383430443074,377.49815422935933,2894.150570763214,HIGH,CR01,3079.901659435673,1.064181556602107,3299.724274383813,SYNTHETIC
BLST_2024_0456,2024,2024-06-04 08:31:52.815715622,87,4125,0.42352282290952664,45.0,56.732458024082156,2.337263561756524,341.63229860768155,3576.5221269770755,HIGH,CR01,3102.709905488306,0.867521518204826,3629.1432521444917,SYNTHETIC
BLST_2024_0457,2024,2024-06-04 16:43:33.283442468,143,4185,0.3857573320291564,105.28370423385816,36.59896204339026,5.5912913610023836,347.2529402616095,2766.209379524212,HIGH,CR01,3056.8199662780653,1.1050573354659936,3713.4127609992224,SYNTHETIC
BLST_2024_0458,2024,2024-06-05 00:55:13.751169316,90,3855,0.531934092017444,138.2434794362695,54.512968406067536,1.1336584765440794,328.27358884237043,1968.6681606564175,HIGH,CR01,2265.365247438409,1.1507095470488349,2732.7969938281003,SYNTHETIC
BLST_2024_0459,2024,2024-06-05 09:06:54.218896164,107,3825,0.42106650117470157,181.1944057121228,51.52349849535319,1.895317614093976,340.68503983189277,2032.5821667246353,HIGH,CR02,2222.8785655789025,1.09362297966085,2854.40143360213,SYNTHETIC
BLST_2024_0460,2024,2024-06-05 17:18:34.686623012,19,3900,0.41562713284621455,112.30655387991887,57.986827977024,2.6117646638263765,366.02714472711097,3228.48071473501,HIGH,CR01,3020.2106084861175,0.935489747453552,3597.2378926561305,SYNTHETIC
BLST_2024_0461,2024,2024-06-06 01:30:15.154349858,296,4125,0.4749605631014942,113.35488687186282,43.098088225527306,2.674912031619045,311.7636968049699,2221.527293059288,HIGH,CR02,2580.535027928723,1.1616040171962245,2954.4260525201025,SYNTHETIC
BLST_2024_0462,2024,2024-06-06 09:41:55.622076706,311,3735,0.6331300320577401,57.668013491284995,72.4320035064748,2.9436950505401116,315.4606902884707,2743.128728715227,HIGH,CR01,2823.801661152423,1.0294090946562977,3099.9959850047685,SYNTHETIC
BLST_2024_0463,2024,2024-06-06 17:53:36.089803554,207,3645,0.3906104671044265,183.39777016062803,81.20666142555656,4.409660315432711,329.9227483276497,2800.214120818921,HIGH,CR02,2867.208039058092,1.0239245698181032,3637.9531048866543,SYNTHETIC
BLST_2024_0464,2024,2024-06-07 02:05:16.557530402,88,4125,0.5160672913002251,177.0530257162068,62.288737460721485,2.8317580249276424,349.69058474326397,2497.242449221426,HIGH,CR02,2633.4800800171847,1.0545552278427086,2981.3625702006602,SYNTHETIC
BLST_2024_0465,2024,2024-06-07 10:16:57.025257250,94,3630,0.3290878695319044,152.31260246360026,64.35583015285145,2.6553681699749765,384.7014792502855,2801.9272456934737,HIGH,CR02,2726.5775437386355,0.973107902044691,3168.231087115465,SYNTHETIC
BLST_2024_0466,2024,2024-06-07 18:28:37.492984096,85,4095,0.6268425328513846,128.4326464734135,82.33905078327389,3.1427867820633533,322.03216178619994,2401.3913842216866,HIGH,CR01,2625.2258604622,1.093210327025913,3056.1822301226193,SYNTHETIC
BLST_2024_0467,2024,2024-06-08 02:40:17.960710944,117,3780,0.32654977202073887,200.4584082862804,47.98833492567106,3.0862297287320137,381.13789200194867,2059.544194608664,HIGH,CR01,2366.7312049187203,1.149152910199349,3010.84757028192,SYNTHETIC
BLST_2024_0468,2024,2024-06-08 10:51:58.428437792,157,3795,0.3877179163477176,80.99104347615315,49.602453285380925,1.4544342529640726,364.8881746739543,2085.8139668566423,HIGH,CR01,2188.2038628284618,1.049088699950611,2590.636750302893,SYNTHETIC
BLST_2024_0469,2024,2024-06-08 19:03:38.896164640,32,4125,0.6020106122416871,140.36358472287034,62.99758268905556,1.321367327037874,340.4558674211027,3356.7783452761287,HIGH,CR02,3197.51909353732,0.9525559225669671,3901.8070332545167,SYNTHETIC
BLST_2024_0470,2024,2024-06-09 03:15:19.363891486,178,4140,0.484955794863206,123.12263571228982,68.11314486035806,2.731753647000163,340.76013995291476,3008.600703019978,HIGH,CR02,2972.7763655465087,0.9880926912509495,3515.7577444296317,SYNTHETIC
BLST_2024_0471,2024,2024-06-09 11:26:59.831618334,97,3960,0.43712414242703307,152.68882541160755,59.74205819018283,2.4603715360818654,329.8889611821016,2323.1355072895617,MEDIUM,CR02,2502.406970860183,1.077167889263498,3128.8264392361966,SYNTHETIC
BLST_2024_0472,2024,2024-06-09 19:38:40.299345182,128,4110,0.4705656640594899,138.22977540650393,40.07866613317258,2.916073370662005,368.4082899668122,1475.7745101097173,HIGH,CR02,1870.9623676960405,1.2677833604518232,2246.746204359857,SYNTHETIC
BLST_2024_0473,2024,2024-06-10 03:50:20.767072030,210,3960,0.37096113463177766,213.09167587420905,56.65438757041356,5.329018668204522,364.8565467991111,2331.695780683488,HIGH,CR01,2898.54211585121,1.243104756574017,3368.249680941822,SYNTHETIC
BLST_2024_0474,2024,2024-06-10 12:02:01.234798876,80,4290,0.44824717517178225,208.44173073193008,73.99335995243604,5.464809135507136,324.14730396004217,1263.595388266791,HIGH,CR02,1759.3832274228932,1.3923628115136992,2250.1006913642277,SYNTHETIC
BLST_2024_0475,2024,2024-06-10 20:13:41.702525724,95,3660,0.6046433896156052,175.08778943066747,57.85877129292345,1.6460396258306815,351.52613621698094,3490.591209450369,HIGH,CR02,3279.4158637357077,0.9395015534494762,3898.6106055716123,SYNTHETIC
BLST_2024_0476,2024,2024-06-11 04:25:22.170252572,103,4275,0.4363800291216022,150.6147362723017,73.06441118824216,2.958636586590057,325.7536514341609,3006.5766194860225,HIGH,CR01,3008.1368354357555,1.0005189343719434,3549.7904705558976,SYNTHETIC
BLST_2024_0477,2024,2024-06-11 12:37:02.637979420,235,3675,0.4121661965476098,83.34392851085413,54.99952374865578,4.1542762623724565,345.5053649157336,2600.9141571495297,HIGH,CR01,2618.8563151645603,1.0068984045343097,3084.5393353643717,SYNTHETIC
BLST_2024_0478,2024,2024-06-11 20:48:43.105706266,99,4170,0.44076417931621215,139.27176064159565,40.03879278884399,4.329658340588415,332.99600732788275,2108.506102147822,HIGH,CR01,2290.7434729672395,1.086429615088039,2561.0289095193184,SYNTHETIC
BLST_2024_0479,2024,2024-06-12 05:00:23.573433114,120,3705,0.49662251226514786,110.19527202258921,75.64538859199749,2.320258002460885,333.27397160088157,1936.7439174622523,HIGH,CR02,2125.7561499784692,1.097592784886028,2515.1331967938936,SYNTHETIC
BLST_2024_0480,2024,2024-06-12 13:12:04.041159962,139,4125,0.2870363909515705,130.09803139817052,66.90563652745668,5.76580936458225,333.15035914862545,2814.7786209516694,HIGH,CR02,2762.358466002772,0.98137681075211,3043.4175674535427,SYNTHETIC
BLST_2024_0481,2024,2024-06-12 21:23:44.508886810,120,4290,0.44698151428541477,95.250438863982,55.39723347490751,4.454996710112837,330.4121166619446,3139.661542491005,HIGH,CR01,2984.94671382329,0.9507224499921847,3558.993354676672,SYNTHETIC
BLST_2024_0482,2024,2024-06-13 05:35:24.976613656,82,3990,0.4062204501628134,159.85307997290752,60.4678731265822,4.929292133888021,335.48366610533554,2891.4750094928013,MEDIUM,CR02,2877.800575961255,0.9952707758197278,3252.3697341437432,SYNTHETIC
BLST_2024_0483,2024,2024-06-13 13:47:05.444340504,380,4185,0.5699554469825827,131.4409819630804,62.67773366172957,3.363509967504191,389.1097308792758,1700.3041937261153,LOW,CR01,2508.0506050651647,1.4750599418148358,3216.810545782643,SYNTHETIC
BLST_2024_0484,2024,2024-06-13 21:58:45.912067352,126,4200,0.4162162668649738,184.66796614983258,55.33198176481422,3.1503952628433085,362.4250322179011,2949.4893717271493,HIGH,CR02,2722.928893927425,0.9231865420599716,3494.567170512987,SYNTHETIC
BLST_2024_0485,2024,2024-06-14 06:10:26.379794200,182,3810,0.5944343702093431,174.13437836813623,76.95122703124824,3.560352124929416,325.16524375697264,2457.4006753137464,HIGH,CR02,2732.970891383389,1.1121389030441522,3458.587671871043,SYNTHETIC
BLST_2024_0486,2024,2024-06-14 14:22:06.847521046,94,4020,0.5032176159845154,215.65851664889993,33.72821764836546,3.8725493299505658,389.38451633644326,2428.7817509168126,LOW,CR02,2578.2789843668525,1.0615523537236755,2973.218295774651,SYNTHETIC
BLST_2024_0487,2024,2024-06-14 22:33:47.315247894,154,3720,0.5240284333652916,109.31021442638914,63.24579051690099,1.8652017022623737,336.7406790606049,2036.758157476887,HIGH,CR02,2250.7585055644986,1.1050691007678166,2618.43972376587,SYNTHETIC
BLST_2024_0488,2024,2024-06-15 06:45:27.782974742,97,3945,0.4576094478922516,200.46170096791184,53.968760988337394,1.94693358130861,359.4129917220814,2842.4071339711554,LOW,CR02,2762.0856720945553,0.9717417463119078,3224.819731683102,SYNTHETIC
BLST_2024_0489,2024,2024-06-15 14:57:08.250701590,311,3930,0.41661111884885377,184.6957104540698,37.13326838104057,1.3043375633666907,346.4869439172029,2230.36576047675,HIGH,CR01,2666.2199547382424,1.1954182591864784,3083.2224165206444,SYNTHETIC
BLST_2024_0490,2024,2024-06-15 23:08:48.718428438,338,3780,0.4594511493367573,217.0691246003475,64.34666031653644,2.231463775230414,352.4803063721121,2272.136868542104,HIGH,CR02,2822.8485303272782,1.242376095124293,3338.0501965131994,SYNTHETIC
BLST_2024_0491,2024,2024-06-16 07:20:29.186155284,107,4290,0.5006605909679456,209.21744101085514,60.560730959703804,2.8852608547807277,346.3909994574567,3176.4579369084818,HIGH,CR02,3160.4676602458217,0.9949660039640812,3642.195922148205,SYNTHETIC
BLST_2024_0492,2024,2024-06-16 15:32:09.653882132,117,4020,0.46272414489732505,120.55952948914089,72.27592727844072,1.6484779351981125,373.00447516994905,2783.7548337991957,HIGH,CR01,2788.7507903141745,1.001794682654636,3314.334724081586,SYNTHETIC
BLST_2024_0493,2024,2024-06-16 23:43:50.121608980,86,4140,0.5019070712921813,185.49742035685324,61.56049119737587,4.396861500447641,385.2176228006461,2790.0086747168643,HIGH,CR01,3116.277871192285,1.116942000729991,3339.5747385368372,SYNTHETIC
BLST_2024_0494,2024,2024-06-17 07:55:30.589335828,103,4020,0.3811521089134206,217.81284863847287,58.3483147605527,4.473308309123095,362.51489086179174,2308.775474439568,HIGH,CR01,2785.019505873958,1.206275593580616,3442.7201276755136,SYNTHETIC
BLST_2024_0495,2024,2024-06-17 16:07:11.057062674,35,4020,0.5461157213717851,151.40594744887773,63.337171255757845,3.4683378877276487,342.6819150972509,1641.0877139813106,MEDIUM,CR01,1728.4736134271807,1.0532487683025,2100.71947131259,SYNTHETIC
BLST_2024_0496,2024,2024-06-18 00:18:51.524789522,313,3630,0.43648869690933717,169.13485741959116,73.95686685851253,4.446972597781017,367.514819275219,2166.826387687479,HIGH,CR01,2606.6381095433676,1.2029750626792362,2976.483455221034,SYNTHETIC
BLST_2024_0497,2024,2024-06-18 08:30:31.992516370,152,3645,0.5331831452096379,153.229833824067,44.39963114350235,1.1781645973890504,339.0644315547155,2901.8984065246177,HIGH,CR01,2873.9491335968887,0.9903686245993699,3383.476625507265,SYNTHETIC
BLST_2024_0498,2024,2024-06-18 16:42:12.460243218,146,3870,0.5531523774993702,207.04471993365826,40.7171264093887,3.8837575384469205,346.27245872086434,2709.4920077637435,LOW,CR01,3126.3449941654426,1.153849129359767,3798.3252026481064,SYNTHETIC
BLST_2024_0499,2024,2024-06-19 00:53:52.927970064,93,3615,0.4686082893690298,113.75716316414265,70.87346447016427,4.600139794628286,320.1168938690067,2785.737821088511,HIGH,CR01,2721.163044064508,0.9768195066545169,3152.172728634116,SYNTHETIC
BLST_2024_0500,2024,2024-06-19 09:05:33.395696912,39,3645,0.4443491052609709,161.97012322588614,36.60481885741483,3.6217578338983767,360.3282856550881,2805.0627344943064,HIGH,CR01,2826.1707328135963,1.007524964793023,3243.62380980318,SYNTHETIC
BLST_2024_0501,2024,2024-06-19 17:17:13.863423760,156,3615,0.41485967319945183,161.21425554784128,55.52064158849466,2.692016541204177,400.1544957101387,2557.90654056404,HIGH,CR01,3180.6999425523627,1.243477778453544,3833.5729514287914,SYNTHETIC
BLST_2024_0502,2024,2024-06-20 01:28:54.331150608,154,3915,0.4060204150510593,116.7783666535518,69.81779960146626,2.9468452647551824,382.18329937655164,2903.9286256704504,LOW,CR01,3044.7863386311674,1.0485059142692241,3511.653562725298,SYNTHETIC
BLST_2024_0503,2024,2024-06-20 09:40:34.798877454,479,4065,0.5350487203201909,205.78704649274735,59.7515945657282,5.361971125215808,354.2396509954322,2806.7688565084472,HIGH,CR02,3101.66703964201,1.10506678611947,3643.2046691219075,SYNTHETIC
BLST_2024_0504,2024,2024-06-20 17:52:15.266604302,24,4230,0.5163112381065731,169.1824347855972,58.27699737461644,4.128430269318522,353.3430657516968,2375.244249068058,HIGH,CR01,2625.706680082431,1.1054470213379712,3085.590836389539,SYNTHETIC
BLST_2024_0505,2024,2024-06-21 02:03:55.734331150,69,3990,0.4944393403577671,134.48671044524747,78.07275462400682,4.863253184463296,347.8499969113855,2406.141243546257,HIGH,CR02,2483.375057096849,1.0320986200447493,2980.7611961018156,SYNTHETIC
BLST_2024_0506,2024,2024-06-21 10:15:36.202057998,128,3930,0.5210136352876541,163.5772788761087,65.83816827635302,2.4570356510292695,331.8737701409899,2655.9509908814416,LOW,CR02,2513.6924565362174,0.9464378164982584,3119.3408559208297,SYNTHETIC
BLST_2024_0507,2024,2024-06-21 18:27:16.669784844,168,4020,0.4311857314861903,125.64551382891979,74.32030023632635,2.51530075777562,329.7594199816693,2142.9979600002853,HIGH,CR02,2407.3759963767534,1.1233683098683085,2918.3458600684057,SYNTHETIC
BLST_2024_0508,2024,2024-06-22 02:38:57.137511692,92,3855,0.3806695772799576,120.77128912002712,74.76877184790172,4.117765126071908,350.7966353644627,2329.7617998860464,HIGH,CR01,2543.0670924156116,1.0915566958562022,2937.4216257564144,SYNTHETIC
BLST_2024_0509,2024,2024-06-22 10:50:37.605238540,361,3705,0.44149050295750847,92.876432726046,37.67055449732628,2.7542886467664327,332.4939837967537,2149.934600155812,MEDIUM,CR02,2500.1280158540994,1.1628856132055867,2940.3185739806013,SYNTHETIC
BLST_2024_0510,2024,2024-06-22 19:02:18.072965388,129,3825,0.5039438520636648,121.94105932130155,59.48352842480198,1.6847905855780132,331.2570158697373,2473.1774681211627,MEDIUM,CR01,2810.8999885183043,1.1365540988264398,3127.5270959768022,SYNTHETIC
BLST_2024_0511,2024,2024-06-23 03:13:58.540692234,20,4080,0.4541366163680873,170.99926776763996,73.21646221454782,5.199930689977907,386.7549126157351,2265.3367256938955,HIGH,CR01,2460.9509322111817,1.0863510507283933,2965.9676697540385,SYNTHETIC
BLST_2024_0512,2024,2024-06-23 11:25:39.008419082,129,3945,0.5406458120812363,174.60042551939213,40.938294921393194,3.7123395329470217,339.9735961456344,2078.931775105688,HIGH,CR02,2287.825475541728,1.1004812678017875,2685.7405237492962,SYNTHETIC
BLST_2024_0513,2024,2024-06-23 19:37:19.476145930,53,4095,0.5891433179255312,142.14757482993403,79.76667012242868,2.33671541637563,329.1752152737577,2592.8780624529945,MEDIUM,CR02,2804.627280713478,1.0816657062770463,3238.7401853523816,SYNTHETIC
BLST_2024_0514,2024,2024-06-24 03:48:59.943872778,202,3630,0.49717006650626305,132.3225544991049,66.00734918292497,5.434990606462847,361.32712758141344,2726.895215138975,LOW,CR02,2930.817395029986,1.0747818173426287,3279.56832722538,SYNTHETIC
BLST_2024_0515,2024,2024-06-24 12:00:40.411599626,139,3600,0.5652582578901393,245.80155480991712,54.70759907443547,2.3117910748469273,331.04645994315246,2302.247484906924,LOW,CR02,2712.6404624905886,1.1782575419341834,2946.752665895937,SYNTHETIC
BLST_2024_0516,2024,2024-06-24 20:12:20.879326472,109,3720,0.6275698032365714,219.6737624342703,50.119569680756264,4.461471168471111,332.98113552376856,2383.484329540466,HIGH,CR01,2748.138272696738,1.1529919616574853,3287.37163506001,SYNTHETIC
BLST_2024_0517,2024,2024-06-25 04:24:01.347053320,108,3675,0.46638807690760403,144.70716199307867,58.63619910520545,3.2855176586942774,338.0234730908643,2455.5334792474832,HIGH,CR02,2554.9063241469057,1.040468943200838,2947.5163252547104,SYNTHETIC
BLST_2024_0518,2024,2024-06-25 12:35:41.814780168,220,3615,0.6129198014808892,124.32041712582404,54.36093825936289,2.1726617755632742,350.377236934499,1787.8000655564174,HIGH,CR02,2138.4534726678503,1.1961368129843417,2367.4493182934743,SYNTHETIC
BLST_2024_0519,2024,2024-06-25 20:47:22.282507016,66,3810,0.3371996791556474,115.64564599897825,54.393753398169885,0.2,379.27852809028667,2478.676844840069,HIGH,CR02,2569.094091220643,1.0364780292230502,3135.2691085335637,SYNTHETIC
BLST_2024_0520,2024,2024-06-26 04:59:02.750233862,110,3630,0.4134902023989246,203.16327342888727,58.839383667036074,6.192827379658288,389.4579170956096,2114.3546025684386,HIGH,CR01,2798.8523263218394,1.3237383752573475,3130.8605978878095,SYNTHETIC
BLST_2024_0521,2024,2024-06-26 13:10:43.217960710,36,4080,0.43033716297509783,111.6148725206617,42.01072165264309,4.000480220629941,351.04732646380273,2346.300807117835,HIGH,CR01,2631.519382517221,1.121560958652077,3050.073987941163,SYNTHETIC
BLST_2024_0522,2024,2024-06-26 21:22:23.685687558,133,3630,0.4557127613453561,212.5734555520813,56.636853958820566,0.6516350491484832,354.014137163232,2810.69939247599,HIGH,CR02,2892.2082625740004,1.028999497532964,3179.7943058341953,SYNTHETIC
BLST_2024_0523,2024,2024-06-27 05:34:04.153414406,146,4035,0.5735478597464146,131.32354366229256,52.7170702084181,2.644905383255499,349.18167676453214,2832.0236559038995,HIGH,CR02,2886.8766710446666,1.0193688407321089,3640.2333595862124,SYNTHETIC
BLST_2024_0524,2024,2024-06-27 13:45:44.621141252,88,4080,0.42950126064008737,180.46166864714252,40.056845636954876,2.1486574019610343,335.4827191501355,2838.4841237606397,HIGH,CR01,2833.128823909569,0.998113324007613,3299.4858151786834,SYNTHETIC
BLST_2024_0525,2024,2024-06-27 21:57:25.088868100,79,4245,0.5590573587373848,121.69174140251583,59.02602776488194,2.679399630909949,346.7674847195033,2520.8409259360683,HIGH,CR02,2383.965349526217,0.9457024142215459,2800.111555464415,SYNTHETIC
BLST_2024_0526,2024,2024-06-28 06:09:05.556594948,158,4290,0.45147018252794374,123.70450567631106,62.96551943530251,1.5891747950405588,361.4483116512639,2504.589247948893,HIGH,CR02,2556.6501081124106,1.0207861868792067,3045.095090264821,SYNTHETIC
BLST_2024_0527,2024,2024-06-28 14:20:46.024321796,62,3960,0.42269027160440253,92.78413744849425,46.15566691407636,6.5653549912832965,312.1801238019345,3199.7930374079624,HIGH,CR02,3002.331392410893,0.9382892447453333,3688.625575457607,SYNTHETIC
BLST_2024_0528,2024,2024-06-28 22:32:26.492048642,69,4095,0.42718848182843605,193.79347452549433,35.24719895700109,1.6141145453605457,334.9533032506636,2352.2959526543673,LOW,CR02,2583.3946445108645,1.0982438844889912,3025.2740033405507,SYNTHETIC
BLST_2024_0529,2024,2024-06-29 06:44:06.959775490,157,3720,0.4992591551644872,163.41677902017227,60.686970942448305,1.4644311745638638,343.38267196391115,2780.660007577874,MEDIUM,CR01,2847.5801203091874,1.024066269356535,3591.0008799204315,SYNTHETIC
BLST_2024_0530,2024,2024-06-29 14:55:47.427502338,60,4110,0.461138506133108,113.81392594776828,29.578187806849886,4.494601897111929,335.09605058357073,2866.169463693036,LOW,CR01,2787.5324433128844,0.9725637226352875,3377.07721829216,SYNTHETIC
BLST_2024_0531,2024,2024-06-29 23:07:27.895229186,153,3930,0.5747426336823681,150.40180179650318,72.1587833908737,3.4533328923453563,372.67204716012,2082.2868107217514,HIGH,CR01,2360.91686396625,1.1338096422691748,2894.0120022063297,SYNTHETIC
BLST_2024_0532,2024,2024-06-30 07:19:08.362956032,225,3855,0.3856512290916871,169.21618577493936,77.10441904489963,2.5099763642547033,348.95108467009,2412.789112793481,HIGH,CR01,2878.030251355246,1.1928229599905307,3258.0780890007945,SYNTHETIC
BLST_2024_0533,2024,2024-06-30 15:30:48.830682880,139,3705,0.46489585412423495,173.6989338303748,52.796973471223865,4.2076519238719605,365.77691426304546,2600.4675920191985,HIGH,CR02,2687.7828250267567,1.0335767433808933,3069.861092188024,SYNTHETIC
BLST_2024_0534,2024,2024-06-30 23:42:29.298409728,118,4290,0.39260598363005833,112.03546301865913,60.35122452051281,0.35146873575748927,369.2205535323981,2816.9143866985396,HIGH,CR02,2341.7535335788784,0.8313186743042781,2708.1554918433103,SYNTHETIC
BLST_2024_0535,2024,2024-07-01 07:54:09.766136576,71,3990,0.4334344187375851,174.54217476673028,70.51062424734674,2.947690697871886,323.35765141180275,2692.074334007429,LOW,CR02,2337.610629738759,0.8683306401346599,2606.1769332471135,SYNTHETIC
BLST_2024_0536,2024,2024-07-01 16:05:50.233863422,362,3915,0.5436113124929708,164.23484924698136,51.32454873442527,1.0513387766577234,306.5560372028882,2436.364295364424,HIGH,CR01,2799.962836399232,1.1492381667744076,3342.6778930978035,SYNTHETIC
BLST_2024_0537,2024,2024-07-02 00:17:30.701590270,156,4245,0.37269065048449196,77.80561771169107,47.5857871996393,2.3014904148564055,369.40117180415206,2244.8827660978745,HIGH,CR02,2282.781847338882,1.0168824322647747,2825.233144822088,SYNTHETIC
BLST_2024_0538,2024,2024-07-02 08:29:11.169317118,199,4050,0.1861721923708891,147.76675420004787,63.647102845602404,1.3964706953033115,357.5509370713171,2882.2750062229748,MEDIUM,CR01,2878.0333820628753,0.9985283763169921,3653.327613145993,SYNTHETIC
BLST_2024_0539,2024,2024-07-02 16:40:51.637043966,101,4155,0.41829703802101664,172.67691882623953,65.73027092505302,5.262488191698933,336.9361418754169,2356.8513173904507,MEDIUM,CR01,2754.590589578706,1.1687587457271762,3325.296767230907,SYNTHETIC
BLST_2024_0540,2024,2024-07-03 00:52:32.104770814,84,4200,0.4104131605417228,100.30250098579864,55.45325352509131,2.030261109381616,341.94820794490784,2686.5187912982456,HIGH,CR01,2879.807024304329,1.0719474710663304,3449.809770533506,SYNTHETIC
BLST_2024_0541,2024,2024-07-03 09:04:12.572497660,150,4080,0.5184998072766827,186.8207888396612,64.12387457304209,3.530828879290457,352.6786948751731,2455.3017454258998,MEDIUM,CR01,2842.5993475680934,1.1577393095833166,3316.6776355251704,SYNTHETIC
BLST_2024_0542,2024,2024-07-03 17:15:53.040224508,45,4005,0.36921776146885066,171.43517121794852,63.380809339607865,2.4685305772836377,342.92295958260297,2349.2813532951577,MEDIUM,CR02,2363.478799350726,1.006043314495156,2826.6577260388767,SYNTHETIC
BLST_2024_0543,2024,2024-07-04 01:27:33.507951356,302,4185,0.3941848214104282,178.28443607729258,24.2060515211869,3.969564457708793,359.06160149375523,3081.6963053424115,HIGH,CR01,3311.3783437559073,1.074531042535022,3902.9711235052755,SYNTHETIC
BLST_2024_0544,2024,2024-07-04 09:39:13.975678204,71,4110,0.2713381179870322,200.5925175936104,70.21877625599355,4.000454657100383,372.33265312323215,2541.7427214242634,HIGH,CR02,2575.369992514062,1.013230005856358,2855.816343364762,SYNTHETIC
BLST_2024_0545,2024,2024-07-04 17:50:54.443405050,32,4245,0.40798799416398285,114.8067111927992,72.89938630767271,3.3421043857238253,349.10342231339587,3380.0832694691035,HIGH,CR01,3072.326961714789,0.9089500810426329,3552.4498569566317,SYNTHETIC
BLST_2024_0546,2024,2024-07-05 02:02:34.911131898,48,4185,0.39578147315906614,92.7488390470181,69.0693456498803,3.191480285709029,364.9335260781786,2656.760084154216,MEDIUM,CR02,2824.0153722923665,1.0629546074317042,3329.408939036686,SYNTHETIC
BLST_2024_0547,2024,2024-07-05 10:14:15.378858746,79,3795,0.29550201411883953,137.98558278731522,73.33955461294866,2.570145790229552,336.42644676208045,2515.818214117469,HIGH,CR01,2611.221841776837,1.0379215108325446,3296.3942025077044,SYNTHETIC
BLST_2024_0548,2024,2024-07-05 18:25:55.846585594,133,4260,0.4504505065509351,148.03178608575465,62.28113051529064,2.201735660403421,356.1702672922658,2438.032467273465,HIGH,CR01,2638.1618364447795,1.0820864249585347,3275.76355593656,SYNTHETIC
BLST_2024_0549,2024,2024-07-06 02:37:36.314312440,35,4005,0.4456453430635107,138.97674717244414,51.73718958426037,4.352085156705921,385.9218929130474,1775.3112625993658,MEDIUM,CR01,2190.178918442293,1.2336872775963175,2537.8826812443685,SYNTHETIC
BLST_2024_0550,2024,2024-07-06 10:49:16.782039288,391,3720,0.22980314038608013,120.404768984004,63.92396894121398,4.670907738468346,377.48942431980834,1990.476960417775,HIGH,CR01,2125.047937798079,1.0676074026760196,2312.555444287153,SYNTHETIC
BLST_2024_0551,2024,2024-07-06 19:00:57.249766136,138,3780,0.3391959453553829,152.23228241202685,66.23160565122103,2.540615386926844,341.7382722467821,2541.7239605449313,HIGH,CR01,2649.3042326001173,1.0423257103151837,3269.471387987851,SYNTHETIC
BLST_2024_0552,2024,2024-07-07 03:12:37.717492984,145,3975,0.3805486496930228,132.21955660233183,71.97292228413389,3.040644256471209,368.52215500897086,2184.71870782354,MEDIUM,CR01,2664.6257940226806,1.219665389636011,3309.9040388499475,SYNTHETIC
BLST_2024_0553,2024,2024-07-07 11:24:18.185219830,123,4185,0.3873809630874276,156.11863558000178,41.326919813848164,2.954069280366038,341.9422808564873,2295.6313043035,HIGH,CR02,2523.3707116627693,1.0992055679552453,2959.4860965369726,SYNTHETIC
BLST_2024_0554,2024,2024-07-07 19:35:58.652946678,129,3645,0.4756548221854165,91.18522719255341,61.17278293776298,3.803980836865025,334.25191213401223,2236.6293627426357,HIGH,CR01,2302.5993522340964,1.0294952711389633,2819.5692767877263,SYNTHETIC
BLST_2024_0555,2024,2024-07-08 03:47:39.120673526,310,4230,0.40064177486719327,194.85361020550727,50.09146819957807,4.615234775231695,363.07002643077027,2893.571656563984,LOW,CR01,2699.776378484923,0.9330255818481488,3136.8302367340943,SYNTHETIC
BLST_2024_0556,2024,2024-07-08 11:59:19.588400374,28,3870,0.35951273900141467,228.75989885957586,42.887940890771404,2.5237025154752892,338.72446042009057,2377.7791607071877,LOW,CR02,2442.992065451763,1.0274259720255856,2776.7525358250064,SYNTHETIC
BLST_2024_0557,2024,2024-07-08 20:11:00.056127220,83,4140,0.31039008036931204,209.86398623381075,72.57305728991193,3.072821840013456,323.86674869087494,2064.005967590556,HIGH,CR01,2258.2725389280977,1.0941211287118136,2621.2252750879666,SYNTHETIC
BLST_2024_0558,2024,2024-07-09 04:22:40.523854068,72,4290,0.4207328706648144,217.5647998132062,66.43759967642389,1.898864478997571,347.42611522910596,2458.6461332152803,HIGH,CR02,2840.210110957959,1.155192718703155,3184.8933600841483,SYNTHETIC
BLST_2024_0559,2024,2024-07-09 12:34:20.991580916,330,3690,0.39014413270953213,136.6676519086693,57.66668871151876,3.874213301886287,361.3580862698907,3002.9431520916455,HIGH,CR01,2909.8915437347823,0.9690131968392243,3394.0660593024177,SYNTHETIC
BLST_2024_0560,2024,2024-07-09 20:46:01.459307764,101,3750,0.46862158623581346,100.46675988359848,42.79436285078428,2.3735935516128386,309.36133619912596,2811.364028544518,LOW,CR01,2750.012762412821,0.9781774023183117,3331.6934216376653,SYNTHETIC
BLST_2024_0561,2024,2024-07-10 04:57:41.927034610,215,3825,0.35469246347700223,132.2505211052464,32.829538316626625,3.3600956978849874,338.4331475027691,2643.9641464970055,HIGH,CR02,2712.73598758206,1.0260108826271983,3291.2103626236594,SYNTHETIC
BLST_2024_0562,2024,2024-07-10 13:09:22.394761458,354,4260,0.42583623828376294,152.48395061755917,73.97995854814036,2.551449828765492,371.1762893426559,2653.1199040179145,MEDIUM,CR01,3396.407305368662,1.2801559779582916,3787.9601998801413,SYNTHETIC
BLST_2024_0563,2024,2024-07-10 21:21:02.862488306,80,4080,0.4315239629473692,169.56090255307575,61.47902761740449,2.9723075551923217,345.3013626742409,2522.8259657492,LOW,CR02,2580.7188507025285,1.022947633225321,3137.678907773812,SYNTHETIC
BLST_2024_0564,2024,2024-07-11 05:32:43.330215154,90,3870,0.409299234568057,135.8713661678747,37.85200475613974,3.007254631855077,373.43049018369555,2400.999257610697,HIGH,CR02,2370.357490957211,0.987237910817191,3002.18060285227,SYNTHETIC
BLST_2024_0565,2024,2024-07-11 13:44:23.797942002,107,3870,0.3123188999059532,178.61659347849775,70.61209915427774,3.02465250630151,322.71692282472617,2184.848453161038,HIGH,CR02,2453.2902397120843,1.1228651745445617,2911.714376162817,SYNTHETIC
BLST_2024_0566,2024,2024-07-11 21:56:04.265668848,369,3615,0.3870655389435603,115.78582705444813,45.318133672808365,4.057912560920483,294.997030159897,2748.065619295273,HIGH,CR02,2932.5478305775364,1.0671316616266147,3705.4774416372206,SYNTHETIC
BLST_2024_0567,2024,2024-07-12 06:07:44.733395696,87,3900,0.3437892891242894,196.8221649298683,59.99936984697063,5.104915193769377,349.83570039167023,2557.040232050018,HIGH,CR01,2985.1115885184213,1.1674089250153143,3445.0505002862296,SYNTHETIC
BLST_2024_0568,2024,2024-07-12 14:19:25.201122544,104,3765,0.33128026010326334,166.8470238415466,65.18381534461003,4.630005722749566,323.7599997084442,3441.3229517943428,HIGH,CR01,3381.760355882695,0.9826919481995751,3992.7342006241793,SYNTHETIC
BLST_2024_0569,2024,2024-07-12 22:31:05.668849392,70,4140,0.5495030778384007,146.99638279280595,48.210392390488096,4.301685960338099,361.5336046825982,1547.8625816070908,MEDIUM,CR01,2150.319677819772,1.3892187222377141,2618.5816270736273,SYNTHETIC
BLST_2024_0570,2024,2024-07-13 06:42:46.136576238,124,3735,0.46725071883850744,83.91245170999244,52.94980126696323,2.3092800354108265,350.26803716436075,3439.6481212206827,HIGH,CR02,2985.26029581792,0.8678970030104397,3336.1260342812952,SYNTHETIC
BLST_2024_0571,2024,2024-07-13 14:54:26.604303086,122,3615,0.43345098053691333,139.86624132810854,42.028327193146,3.1417142134408755,334.26969772001837,2119.825386138822,MEDIUM,CR01,2605.1574985784678,1.2289490991159695,3043.5977133748816,SYNTHETIC
BLST_2024_0572,2024,2024-07-13 23:06:07.072029934,268,3675,0.5018411962534665,154.70404529750965,67.2590069797166,2.7063989212756425,333.7450607790852,2313.6313900336813,LOW,CR01,2905.1014791869975,1.2556457747336778,3438.648328057842,SYNTHETIC
BLST_2024_0573,2024,2024-07-14 07:17:47.539756782,88,3735,0.3115389051965687,106.52915549732322,38.80970194694571,2.46053930482932,322.3453021114344,3188.800568024247,HIGH,CR02,2875.292487053813,0.9016846383828009,3326.0872957953106,SYNTHETIC
BLST_2024_0574,2024,2024-07-14 15:29:28.007483628,57,3720,0.4284244376652179,124.10876027899246,40.81225932491711,4.155260740983594,390.7754737763577,3243.1550504839984,MEDIUM,CR01,3328.597423872921,1.0263454482005636,3823.6259336876324,SYNTHETIC
BLST_2024_0575,2024,2024-07-14 23:41:08.475210476,409,3735,0.3371564363695279,186.137394299098,65.4735949328811,1.5072678791468883,299.2713999010399,2237.973277478205,HIGH,CR02,2637.1481331054056,1.1783644423480333,2844.1994783939826,SYNTHETIC
BLST_2024_0576,2024,2024-07-15 07:52:48.942937324,26,4020,0.6769612569285197,126.76232479379152,59.531868981729204,3.900161751958177,349.5996593993815,2349.257256721622,HIGH,CR02,2249.6026582636728,0.9575803807042329,2606.9788134941477,SYNTHETIC
BLST_2024_0577,2024,2024-07-15 16:04:29.410664172,104,4275,0.6236025145860178,155.61627302110233,47.85409638138735,0.8548743358944977,339.24876573789237,1878.9568784928185,HIGH,CR01,2210.4146070008615,1.1764051811417395,2752.872371756578,SYNTHETIC
BLST_2024_0578,2024,2024-07-16 00:16:09.878391018,506,3900,0.4410258861270671,169.48293179803596,65.71185194915343,4.122180484808719,360.5723344310917,2322.822970089625,HIGH,CR01,2911.080989351837,1.2532513354814614,3182.633328567054,SYNTHETIC
BLST_2024_0579,2024,2024-07-16 08:27:50.346117866,99,4020,0.30721663670866844,156.77129536392835,52.6229939194408,4.733319636309992,382.8807263072977,2801.653145847595,HIGH,CR01,2885.439266976448,1.0299059579352405,3116.2040764697517,SYNTHETIC
BLST_2024_0580,2024,2024-07-16 16:39:30.813844714,430,3960,0.29583386554173746,183.40146874890894,55.42556842029428,0.5689521905546986,391.0403924752659,2690.592860894973,HIGH,CR01,2971.137653693143,1.1042687642844826,3473.41633394603,SYNTHETIC
BLST_2024_0581,2024,2024-07-17 00:51:11.281571562,116,4095,0.496085084629967,120.55183324360331,78.69879676486771,3.2908740296820933,344.64785983961747,2812.5874690319597,HIGH,CR02,2753.668356849154,0.9790516338312903,3535.1119837814063,SYNTHETIC
BLST_2024_0582,2024,2024-07-17 09:02:51.749298408,127,4080,0.4507365937850373,175.5428021222081,44.1084330551292,3.4565716455647983,332.9361564744631,2870.920336527718,HIGH,CR01,3042.8941606762605,1.0599019840294626,3578.0946707888297,SYNTHETIC
BLST_2024_0583,2024,2024-07-17 17:14:32.217025256,88,4035,0.715680949147,139.55661590765425,59.817843235194765,2.4273029451634636,321.81333509069367,2512.19569125208,HIGH,CR02,2848.520825018939,1.1338769646560591,3135.628710984948,SYNTHETIC
BLST_2024_0584,2024,2024-07-18 01:26:12.684752104,431,4245,0.40490431734798826,169.011296796331,74.07246111394223,4.658995231696506,353.8803489898798,2654.325507319547,HIGH,CR02,2895.1587589934647,1.0907323728795877,3383.910932829766,SYNTHETIC
BLST_2024_0585,2024,2024-07-18 09:37:53.152478952,525,3645,0.3273494406977451,172.00463604220116,35.944606957517095,3.3779415281499037,333.0071792972823,1842.1438167769882,HIGH,CR02,2586.9817373376213,1.404332123136727,3294.737586479042,SYNTHETIC
BLST_2024_0586,2024,2024-07-18 17:49:33.620205798,522,3630,0.35696998573606836,93.44876244048614,67.69930434908375,2.6079947424800345,362.28939734608883,3179.568098225166,LOW,CR01,3379.1120392697885,1.0627581906976635,4014.1061166738214,SYNTHETIC
BLST_2024_0587,2024,2024-07-19 02:01:14.087932646,21,4290,0.5342783824506364,167.75809117172201,65.03762591461775,3.4447993533328574,317.45584386899145,2771.283965993959,HIGH,CR02,2819.3577594127487,1.017347119244616,3604.593471009467,SYNTHETIC
BLST_2024_0588,2024,2024-07-19 10:12:54.555659494,143,4245,0.48645156592728506,186.77244202670883,31.11960188703518,2.573467421426975,292.06010548685447,2603.4458527248303,LOW,CR01,3119.842612133688,1.1983512577641606,3751.4831196926066,SYNTHETIC
BLST_2024_0589,2024,2024-07-19 18:24:35.023386342,31,4020,0.4615812682922093,164.03437784570147,65.22013379675009,2.8212155493912636,337.35259227168353,2920.5230087761347,HIGH,CR02,3024.882009066234,1.0357329834336184,3495.291919641656,SYNTHETIC
BLST_2024_0590,2024,2024-07-20 02:36:15.491113190,68,3765,0.48285843415236424,114.94149034666633,74.60065758975212,3.8526886431096954,337.3273583010971,2631.2734805383757,LOW,CR02,2744.2173460759527,1.042923651369932,3465.2143563295913,SYNTHETIC
BLST_2024_0591,2024,2024-07-20 10:47:55.958840036,141,4140,0.6639681744057713,184.75801027261227,40.03371985492542,3.436796157135226,332.6277681911543,3235.03912844134,HIGH,CR01,3451.650672529387,1.066957936361163,4586.585788307898,SYNTHETIC
BLST_2024_0592,2024,2024-07-20 18:59:36.426566884,68,4245,0.44343534551404235,206.4132683050773,42.45357783247003,2.9638784134189566,370.71978946771844,2134.302569988855,HIGH,CR01,2507.0210370639097,1.1746324407401154,3141.0472618927515,SYNTHETIC
BLST_2024_0593,2024,2024-07-21 03:11:16.894293732,108,3690,0.38625185506828463,184.03384815476247,59.29573869810888,1.6425644348094075,345.7257953210539,3800.0,HIGH,CR01,3870.6976708597963,1.0186046502262622,4857.067616548629,SYNTHETIC
BLST_2024_0594,2024,2024-07-21 11:22:57.362020580,128,3870,0.5212430118493037,211.16944100190136,57.36229444500226,1.1281994892771743,370.5137336846693,2042.5224232403386,LOW,CR01,2505.4703387556956,1.2266549978829207,3066.87271783829,SYNTHETIC
BLST_2024_0595,2024,2024-07-21 19:34:37.829747426,64,4245,0.5042054650548697,120.05004011709467,67.45320024584368,2.6380131520230092,327.7696869005082,2333.3864344578483,HIGH,CR01,2536.7737270064495,1.0871639988752473,3133.7966859716153,SYNTHETIC
BLST_2024_0596,2024,2024-07-22 03:46:18.297474274,207,3630,0.5820504707482383,212.15019327671826,38.20153606807189,4.7017528510167494,367.2017902853215,2216.055772958507,HIGH,CR01,2751.4699440073236,1.2416068122392159,3032.9387691027287,SYNTHETIC
BLST_2024_0597,2024,2024-07-22 11:57:58.765201122,94,4245,0.5176121935300074,182.07884024337994,66.44153848491405,1.9405102081580528,359.0860661147961,2146.0885205234895,HIGH,CR02,2528.178447845004,1.1780401524296455,3055.618805457479,SYNTHETIC
BLST_2024_0598,2024,2024-07-22 20:09:39.232927970,41,3840,0.49438866303167256,149.88673280134162,57.49322401304211,2.907500063677661,362.687593089915,2009.4107942415344,MEDIUM,CR02,2094.755675548621,1.042472590249671,2609.711902505674,SYNTHETIC
BLST_2024_0599,2024,2024-07-23 04:21:19.700654816,54,4230,0.4535370614347443,112.21821794722484,55.482061958554894,1.1080403867511666,346.0324011480281,2696.8877829778107,HIGH,CR02,2451.407192523583,0.9089763422847441,2996.5598929279504,SYNTHETIC
BLST_2024_0600,2024,2024-07-23 12:33:00.168381664,205,4290,0.4088448305042478,153.67537115189378,43.25710768749674,1.5655253880986537,336.25998532172184,3002.452519561009,HIGH,CR01,3100.8844597723905,1.0327838457294816,3749.318833820372,SYNTHETIC
BLST_2024_0601,2024,2024-07-23 20:44:40.636108512,501,3690,0.6336423707413423,126.3457605624119,55.924262923307744,2.9654177678920774,354.64493185447714,2030.1255878257798,HIGH,CR01,2710.0460772049723,1.334915481808873,3177.5082077762845,SYNTHETIC
BLST_2024_0602,2024,2024-07-24 04:56:21.103835360,87,4275,0.5100810549029771,110.06487562958719,66.59003868340713,3.4400606348767226,384.1371584833466,3288.3829720316544,HIGH,CR02,3190.8178494997414,0.9703303649964972,3644.34165900908,SYNTHETIC
BLST_2024_0603,2024,2024-07-24 13:08:01.571562206,145,3810,0.4868086708580872,100.6904884633368,44.56734404462222,3.261664004523424,315.9521875461794,2618.6943647860126,LOW,CR02,2895.1897144436125,1.10558519290211,3355.1836353924987,SYNTHETIC
BLST_2024_0604,2024,2024-07-24 21:19:42.039289054,120,4095,0.4348323376906713,116.51812995469353,74.49628683863064,3.2006362490397198,361.83602037862016,2581.837914342886,MEDIUM,CR01,2772.287013301645,1.0737649322991025,3088.382506332678,SYNTHETIC
BLST_2024_0605,2024,2024-07-25 05:31:22.507015902,113,3990,0.38808639570586634,190.1437533112773,64.82583342979122,1.6954045490565066,331.9253688810736,2087.9957354252283,HIGH,CR01,2437.545326125943,1.1674091497267967,2960.573525145482,SYNTHETIC
BLST_2024_0606,2024,2024-07-25 13:43:02.974742750,105,4275,0.47480135107142263,159.40425716955923,63.878999738896866,3.083049049383867,351.56672919906254,2267.488616500413,HIGH,CR02,2408.364956431131,1.0621287969895712,2875.3860586605165,SYNTHETIC
BLST_2024_0607,2024,2024-07-25 21:54:43.442469596,134,4005,0.48988818059480677,163.33108502739103,42.67823834998622,2.001286578628175,379.43346601341756,2722.5425474637714,HIGH,CR01,2937.6031392651516,1.0789925549562938,3265.99989355932,SYNTHETIC
BLST_2024_0608,2024,2024-07-26 06:06:23.910196444,65,3660,0.5811669976816833,126.88279704515696,55.83165894079262,2.5675565215236613,345.9551982110588,2628.369540693372,HIGH,CR02,2539.8710898877916,0.9663295250399857,3026.567710440051,SYNTHETIC
BLST_2024_0609,2024,2024-07-26 14:18:04.377923292,115,4170,0.4629966292115997,89.72868951713392,61.28505435410893,3.145085522068233,350.71259426981135,2665.262939145568,HIGH,CR01,2572.3493969152637,0.9651390709465646,2982.564167127352,SYNTHETIC
BLST_2024_0610,2024,2024-07-26 22:29:44.845650140,178,3885,0.5630937796255024,174.29503324036753,90.0,3.936962628940047,343.8585588229498,2751.988864445723,HIGH,CR02,2993.620831100762,1.0878026687450664,3605.545881152219,SYNTHETIC
BLST_2024_0611,2024,2024-07-27 06:41:25.313376986,37,3600,0.5224475450165214,145.99753575452064,53.14056595543132,2.984171306848067,366.8145485634084,2719.3655756515295,HIGH,CR02,2630.2940941352404,0.967245491994967,3177.7511421665636,SYNTHETIC
BLST_2024_0612,2024,2024-07-27 14:53:05.781103836,246,4215,0.3626041149877118,137.44086558279187,60.32195393163218,3.927911789071313,348.5428588914611,3207.6311906803735,MEDIUM,CR01,3204.621598504574,0.9990617399579654,3995.268646177891,SYNTHETIC
BLST_2024_0613,2024,2024-07-27 23:04:46.248830680,240,3990,0.5019169438426442,178.78913107220745,62.089735026404874,1.5236238610697892,321.7297358048461,2298.60869140066,HIGH,CR01,2719.581322586813,1.1831423646665291,2997.9119860202954,SYNTHETIC
BLST_2024_0614,2024,2024-07-28 07:16:26.716557528,43,3870,0.49796183236469393,121.10745202304992,50.10682788012785,3.7455452282809873,301.3164140318299,2939.31917554766,LOW,CR01,3091.621679606789,1.0518155718937028,3621.4872165279667,SYNTHETIC
BLST_2024_0615,2024,2024-07-28 15:28:07.184284376,58,4170,0.42811989297372716,183.33832657251008,50.65255563299848,3.852718033020008,354.76078758232757,1770.751526408057,LOW,CR01,1983.7810510869685,1.1203045833940568,2608.144724775911,SYNTHETIC
BLST_2024_0616,2024,2024-07-28 23:39:47.652011224,156,3675,0.44038235017238725,208.57011740252943,56.90087134296267,4.59985604689665,318.92964915509384,3235.7338258959344,HIGH,CR02,3290.9420732719946,1.017062048470805,3641.391021263258,SYNTHETIC
BLST_2024_0617,2024,2024-07-29 07:51:28.119738072,98,4215,0.47868308701466766,78.51188543472459,70.2860510840337,1.276029239762984,333.12613304440623,2303.795715836831,MEDIUM,CR02,2220.2391342617757,0.9637309067810711,2731.5409936555316,SYNTHETIC
BLST_2024_0618,2024,2024-07-29 16:03:08.587464920,117,4110,0.6583598244099669,54.71902724338257,29.603493129737004,5.357830891974215,351.8545241044791,2231.927848900995,MEDIUM,CR01,2543.0262530696623,1.139385511194662,2922.2846917203074,SYNTHETIC
BLST_2024_0619,2024,2024-07-30 00:14:49.055191768,93,3600,0.47933208716855086,154.4642458797875,50.60543528892285,2.568568704809755,330.4622372722512,2649.8062241575094,HIGH,CR01,2833.6212067578776,1.0693692168599276,3578.970564585552,SYNTHETIC
BLST_2024_0620,2024,2024-07-30 08:26:29.522918616,60,3705,0.6423330679206459,79.7346200528792,51.88528082267227,3.2332263452912877,310.8009583348022,2936.317822880637,HIGH,CR01,2785.9496329697945,0.9487902199349368,3251.8430745571295,SYNTHETIC
BLST_2024_0621,2024,2024-07-30 16:38:09.990645464,150,4200,0.5827772895514219,162.74935925635677,78.35501618090738,3.7381685720878783,342.7998328538018,2689.3303737233264,HIGH,CR02,2690.738755620156,1.000523692407073,3253.1319512190726,SYNTHETIC
BLST_2024_0622,2024,2024-07-31 00:49:50.458372308,139,3975,0.40216626115086396,175.94365320408207,43.131694886334245,4.124602656626953,373.18192888188366,2267.8486620094604,HIGH,CR02,2590.8636668008494,1.1424323457744208,3085.132424632966,SYNTHETIC
BLST_2024_0623,2024,2024-07-31 09:01:30.926099156,109,3720,0.4412317077542093,159.61776947020036,36.37583363953783,4.410552247090559,365.79032154709626,2862.4387869600846,HIGH,CR02,2784.7817144460832,0.9728703115442083,3395.5436772254266,SYNTHETIC
BLST_2024_0624,2024,2024-07-31 17:13:11.393826004,217,4020,0.47879749937141486,147.515560399753,71.30432710682774,3.707965381050922,342.5197760251945,2943.3002973759285,MEDIUM,CR01,3104.236923240237,1.0546789690497398,3761.9330486693807,SYNTHETIC
BLST_2024_0625,2024,2024-08-01 01:24:51.861552852,23,3750,0.45794038151957184,160.2333697953077,80.40433984019788,4.642076037247461,354.28908175872067,2569.4712320248764,HIGH,CR01,2788.622642213003,1.085290470450383,3432.8971367501363,SYNTHETIC
BLST_2024_0626,2024,2024-08-01 09:36:32.329279700,130,3630,0.5836384737431921,196.0332746885025,56.84594216809181,2.015610373186955,379.26557993475905,2084.1111965201058,HIGH,CR02,2522.205935968264,1.2102069890414946,3187.428492987487,SYNTHETIC
BLST_2024_0627,2024,2024-08-01 17:48:12.797006548,147,3840,0.3990475794727235,99.2370923475801,84.12750073662465,4.478788267376052,329.4074985528518,2855.7887806813246,HIGH,CR01,2929.2050310513964,1.0257078712777057,3587.1174002160665,SYNTHETIC
BLST_2024_0628,2024,2024-08-02 01:59:53.264733396,108,4245,0.3156673563037735,171.2043756506231,51.06595788139934,3.375314942878878,344.9563455105073,2081.2346430725784,HIGH,CR01,2355.3725788987254,1.131718899038424,2614.2377714767267,SYNTHETIC
BLST_2024_0629,2024,2024-08-02 10:11:33.732460244,161,3915,0.47978244424866034,178.56337747481518,63.26727682250316,2.5854081867664283,380.0471094255199,2556.6207496957527,HIGH,CR01,2878.077430206909,1.1257349884801688,3749.0913532738173,SYNTHETIC
BLST_2024_0630,2024,2024-08-02 18:23:14.200187088,36,3765,0.5639971986062925,145.49391181265037,59.24647847057583,3.4331025837845264,351.6956657280162,2562.484357968189,HIGH,CR01,2688.695878022569,1.0492535767728368,3064.7073643783065,SYNTHETIC
BLST_2024_0631,2024,2024-08-03 02:34:54.667913936,56,3690,0.5186747354161679,166.58281930088526,84.70200375013395,3.749882572743034,341.7393734997109,1786.823447769536,HIGH,CR01,2472.628317562493,1.3838123294436486,3138.449946790334,SYNTHETIC
BLST_2024_0632,2024,2024-08-03 10:46:35.135640784,385,3885,0.3373201642240059,163.80819439922757,48.20440484743269,1.4621989744368118,350.99600069043873,2564.763243344014,HIGH,CR02,2813.6903285319845,1.0970565551553257,3266.3967282120734,SYNTHETIC
BLST_2024_0633,2024,2024-08-03 18:58:15.603367632,79,4215,0.542667016477594,139.45248155395703,53.827610990687525,2.46003543209064,311.9419687581338,2057.403480780686,MEDIUM,CR02,2268.518851209609,1.1026125271008167,2731.8704237875363,SYNTHETIC
BLST_2024_0634,2024,2024-08-04 03:09:56.071094480,688,4290,0.4175772750074808,154.6927224268122,52.25948424047605,5.061285685586833,348.9362969656584,2164.4720018612206,MEDIUM,CR01,3009.6500021090687,1.3904776774756535,3668.096913741962,SYNTHETIC
BLST_2024_0635,2024,2024-08-04 11:21:36.538821328,116,4140,0.39240060977662267,167.1584651472726,60.519930327336624,3.3204011478045397,356.5103760567854,2857.18869036165,HIGH,CR02,2916.141424403147,1.0206331259256227,3590.790124385441,SYNTHETIC
BLST_2024_0636,2024,2024-08-04 19:33:17.006548176,375,4200,0.4016411690576843,194.80969345573033,77.33317351495648,2.2749605934855466,393.6275158775707,2440.584895236118,HIGH,CR01,2961.748398159002,1.213540411538302,3538.6105532377637,SYNTHETIC
BLST_2024_0637,2024,2024-08-05 03:44:57.474275024,416,3660,0.4147549447779563,194.5873159434296,75.651108153952,1.9579973238309598,368.3015704874844,2421.693827182843,HIGH,CR01,3067.0436200593513,1.266486946298758,3822.1718183628877,SYNTHETIC
BLST_2024_0638,2024,2024-08-05 11:56:37.942001868,407,3990,0.45314067875798436,104.24405857202221,46.35874816377691,3.3489982785600563,330.6624781653873,2639.193941754937,HIGH,CR01,2979.3990883495017,1.1289049437451892,3163.9479785229364,SYNTHETIC
BLST_2024_0639,2024,2024-08-05 20:08:18.409728716,37,4200,0.453172919853554,76.75645499104252,63.44726785015375,1.0367197399343584,382.79048031494847,2125.1375635847176,HIGH,CR01,2247.3947089454173,1.0575290500980437,2518.569225028533,SYNTHETIC
BLST_2024_0640,2024,2024-08-06 04:19:58.877455564,190,4170,0.5205033997410002,206.58822859119127,65.79556536486466,2.3418308858205434,305.1258333623664,2502.342619156169,HIGH,CR01,2912.5739930928344,1.1639389309826016,3401.3922247278592,SYNTHETIC
BLST_2024_0641,2024,2024-08-06 12:31:39.345182412,12,4290,0.4649331026102383,147.66177973554218,58.291294132858134,3.8481571603498685,344.31296366790883,2490.5821406796485,MEDIUM,CR01,2563.0575803317242,1.0290997989860708,3015.2727876428544,SYNTHETIC
BLST_2024_0642,2024,2024-08-06 20:43:19.812909260,448,4170,0.3549810003123988,230.79749224274963,40.590985328385514,2.785562466554316,393.7585399373875,2086.8405155477103,MEDIUM,CR02,2639.1524924909777,1.2646642006556539,3129.3385644639006,SYNTHETIC
BLST_2024_0643,2024,2024-08-07 04:55:00.280636108,109,4065,0.45178066214866447,149.41875420585922,20.0,3.268591803202193,370.77137594824785,2412.0544528601054,HIGH,CR02,2631.228536746721,1.0908661426058308,2930.9409207433914,SYNTHETIC
BLST_2024_0644,2024,2024-08-07 13:06:40.748362956,89,3990,0.4681005536730847,105.24270633853769,55.58734718334734,4.880566936637335,379.9297629535676,2309.5601643634777,HIGH,CR01,2427.0372850378762,1.0508655814587864,2896.716861570235,SYNTHETIC
BLST_2024_0645,2024,2024-08-07 21:18:21.216089804,410,3780,0.5380306952092564,182.78265282481524,61.259628058847255,2.3129785546138195,384.6331318865079,2641.0067880369543,LOW,CR02,3097.854615033216,1.172982450884132,3593.911523011817,SYNTHETIC
BLST_2024_0646,2024,2024-08-08 05:30:01.683816652,422,3690,0.5969753937985016,135.83151794732487,54.50492437253227,3.0798565796760964,350.6013920822716,2783.594657407025,HIGH,CR01,3150.319722052713,1.1317451388512507,3503.89371370928,SYNTHETIC
BLST_2024_0647,2024,2024-08-08 13:41:42.151543496,376,3870,0.4793659291151709,181.69251161922844,66.89847923729238,2.7582361593273763,353.76243288391004,1893.8325354918525,HIGH,CR02,2130.981000345065,1.1252214545947812,2483.807657739451,SYNTHETIC
BLST_2024_0648,2024,2024-08-08 21:53:22.619270344,135,3615,0.6007919417234867,156.52051084891272,67.75909976181501,3.297110279902595,372.53972504562245,2377.6082317636137,HIGH,CR02,2251.006575964452,0.9467525162018582,2612.090244102009,SYNTHETIC
BLST_2024_0649,2024,2024-08-09 06:05:03.086997192,209,3990,0.5896670471948191,164.29164076402614,59.98731924456002,4.035026907232133,349.47461140656065,1981.6270650615788,HIGH,CR01,2348.5611534659442,1.1851680847894368,2692.098550809451,SYNTHETIC
BLST_2024_0650,2024,2024-08-09 14:16:43.554724040,38,3810,0.40518791923444564,115.21550419036937,54.126313523477855,3.006751663044696,366.22830763359434,2798.693403484419,HIGH,CR02,2631.282333815022,0.9401824188884115,3294.764526582374,SYNTHETIC
BLST_2024_0651,2024,2024-08-09 22:28:24.022450888,130,3735,0.5702378116577755,96.68785935842601,42.22057808081423,3.2110540311585076,337.9571583872074,1977.1212238896408,HIGH,CR01,2341.4891324163764,1.1842921436096394,2695.8559088210154,SYNTHETIC
BLST_2024_0652,2024,2024-08-10 06:40:04.490177736,193,4200,0.3760145489752085,130.98771333056092,73.30700278815932,3.309111210174172,374.7228794545787,1984.93398938977,MEDIUM,CR01,2585.9036018014954,1.3027655406296317,3060.056690108865,SYNTHETIC
BLST_2024_0653,2024,2024-08-10 14:51:44.957904584,538,3810,0.5456127914775056,251.15902584452172,63.0345887314391,2.811335570335292,364.04605574042694,1920.609198503891,HIGH,CR02,2766.949458045032,1.440662400346942,3068.1257810398592,SYNTHETIC
BLST_2024_0654,2024,2024-08-10 23:03:25.425631432,52,4245,0.3631768825985286,166.8023887304461,56.09745359007389,2.898813415293967,365.80860429368465,2540.3629447565813,HIGH,CR02,2665.0258211833648,1.0490728605076267,3213.8373001491004,SYNTHETIC
BLST_2024_0655,2024,2024-08-11 07:15:05.893358276,31,4290,0.23609952764280684,90.8829791986819,41.0792344355623,2.2628216586181154,378.1606145981123,2553.401080766521,HIGH,CR02,2140.6694172421257,0.8383600341390571,2291.731638725223,SYNTHETIC
BLST_2024_0656,2024,2024-08-11 15:26:46.361085124,106,3855,0.4555239259288867,125.65694377333057,69.2293741873617,2.6241171107900474,374.29367697785864,3377.6057855032705,HIGH,CR02,3313.069220984881,0.9808928073266037,3918.477853656555,SYNTHETIC
BLST_2024_0657,2024,2024-08-11 23:38:26.828811972,108,3825,0.4934787626214659,126.21954647784315,76.28676471649268,3.5283527294415333,352.6325862285835,3008.3061380461886,HIGH,CR02,2864.7552526069408,0.952281822776029,3545.3430754609876,SYNTHETIC
BLST_2024_0658,2024,2024-08-12 07:50:07.296538820,101,4050,0.3348495688626556,84.46420313045009,35.55266401983448,3.94156490906473,356.00171551677136,1921.4669643265622,MEDIUM,CR01,2221.1348375538914,1.155957858652208,2642.0359183819783,SYNTHETIC
BLST_2024_0659,2024,2024-08-12 16:01:47.764265668,45,3945,0.6186457616582498,141.40773988436342,63.5263407428246,5.168339372905998,322.7369897282949,1411.9135080320011,MEDIUM,CR02,2081.5587959274358,1.474282088871592,2582.7385641392534,SYNTHETIC
BLST_2024_0660,2024,2024-08-13 00:13:28.231992516,119,3615,0.495667985978226,212.98650621467792,73.7472275318818,4.589653635987346,343.0154340097167,2619.7598417292884,HIGH,CR01,2956.7139754749555,1.12862023777082,3426.609935829187,SYNTHETIC
BLST_2024_0661,2024,2024-08-13 08:25:08.699719364,96,4170,0.4850933076454698,224.89287656832346,48.25785484810804,2.883947989462431,359.7319799549722,3025.991573214448,LOW,CR01,3340.2586788955737,1.1038559090722404,4048.0027236146693,SYNTHETIC
BLST_2024_0662,2024,2024-08-13 16:36:49.167446212,77,4095,0.30110724760646373,151.28586118942434,41.706811022718824,2.9931794332957065,364.95698708386345,2361.394117397272,HIGH,CR02,2436.286263892564,1.0317152253169148,2986.126801457652,SYNTHETIC
BLST_2024_0663,2024,2024-08-14 00:48:29.635173056,149,3600,0.518493800570202,163.57505043300597,67.09362748396367,1.0612711071113101,316.5187507347687,2072.965643506243,HIGH,CR01,2624.6371827517473,1.2661267160763936,2914.850499026673,SYNTHETIC
BLST_2024_0664,2024,2024-08-14 09:00:10.102899904,182,3645,0.2508500937550321,137.62447483912544,38.44013202736887,3.8309782389858196,329.2751805483375,2606.0078994704527,MEDIUM,CR02,2871.797506270841,1.101991097898973,3578.7390958696965,SYNTHETIC
BLST_2024_0665,2024,2024-08-14 17:11:50.570626752,141,3780,0.5733790407813568,53.05305371860344,63.08108927584126,4.9646884870695365,359.25898019487437,2485.625008005862,MEDIUM,CR01,2879.644453454466,1.1585192634365686,3153.199814283828,SYNTHETIC
BLST_2024_0666,2024,2024-08-15 01:23:31.038353600,37,3840,0.496105597814514,136.89131171816783,42.63718341133992,5.033565414467619,342.36397671245646,2945.8716514894195,MEDIUM,CR02,2864.944407581168,0.9725285913704573,3620.8304340334703,SYNTHETIC
BLST_2024_0667,2024,2024-08-15 09:35:11.506080448,181,4020,0.5962517332619978,133.12213441014416,51.33176550513284,4.9355778775207035,312.46168047758533,2925.3260887359647,HIGH,CR01,2967.7113262273942,1.0144890641951456,3548.5065759416057,SYNTHETIC
BLST_2024_0668,2024,2024-08-15 17:46:51.973807296,46,4170,0.34844333380945136,121.46410322366137,51.502713565972016,3.114225807605611,381.46358057746596,2354.088751048638,HIGH,CR02,2348.760443596198,0.9977365732493871,2694.1987541263475,SYNTHETIC
BLST_2024_0669,2024,2024-08-16 01:58:32.441534144,419,4230,0.32622741917027215,130.72149092529264,55.68220371414138,4.064056892596778,364.225893695873,3288.5345580870717,HIGH,CR02,3414.6851999574687,1.0383607469047789,4295.669546459981,SYNTHETIC
BLST_2024_0670,2024,2024-08-16 10:10:12.909260992,90,3855,0.5065128040508832,243.61938739150122,38.152956998214435,1.4881843053514308,382.499720963547,2187.6784661430347,HIGH,CR01,2449.510718333109,1.1196849794164199,2817.004203283948,SYNTHETIC
BLST_2024_0671,2024,2024-08-16 18:21:53.376987840,99,3615,0.5014025204961403,187.7772602456037,37.88599275434281,1.6666173847608237,371.2364870403546,1762.9419209998312,HIGH,CR01,2328.6087465062174,1.3208652643449394,2717.6596287295297,SYNTHETIC
BLST_2024_0672,2024,2024-08-17 02:33:33.844714684,105,3660,0.33315000865206734,180.75001901255348,69.62231724017336,3.574479708894677,363.8068032273836,2787.25439089155,HIGH,CR02,2811.92369162478,1.0088507532049629,3201.6129253234417,SYNTHETIC
BLST_2024_0673,2024,2024-08-17 10:45:14.312441532,206,3855,0.6113750848239,95.43918118963914,45.08468284751656,2.8054725383939667,371.085610981857,2923.31438711886,HIGH,CR01,3146.14045044246,1.0762237767875564,3490.830026502738,SYNTHETIC
BLST_2024_0674,2024,2024-08-17 18:56:54.780168380,63,3840,0.6251979104662966,202.14182519059253,78.68640560740263,2.1550072827665,305.44135208366595,2519.666918614158,HIGH,CR01,2968.7142867549287,1.1782169559092959,3734.34020312069,SYNTHETIC
BLST_2024_0675,2024,2024-08-18 03:08:35.247895228,98,3780,0.28287656147204093,98.27689795267243,69.21404741338598,3.8108503623121903,308.6597234239663,2950.773935282026,HIGH,CR01,2739.121822904798,0.9282723390475528,3197.9512546571195,SYNTHETIC
BLST_2024_0676,2024,2024-08-18 11:20:15.715622076,58,3705,0.4164622548326533,89.81658156870438,82.51223974633342,4.405061562785471,344.09810688195427,2515.20252679963,HIGH,CR01,2609.479035369281,1.0374826709042828,2870.8341579953085,SYNTHETIC
BLST_2024_0677,2024,2024-08-18 19:31:56.183348924,100,4095,0.4559225894284554,105.91999700601193,43.46490822975271,5.1748671363418515,354.14812970802336,2520.3756289250305,HIGH,CR01,2713.6930781368515,1.0767018403896698,3233.7674066685095,SYNTHETIC
BLST_2024_0678,2024,2024-08-19 03:43:36.651075772,288,3930,0.22579312798643292,170.39546974908694,74.6889059765831,2.413722657273989,330.0645849638969,2636.9979249959742,HIGH,CR02,2493.5662700159723,0.945607975789279,2875.327805871996,SYNTHETIC
BLST_2024_0679,2024,2024-08-19 11:55:17.118802620,39,4155,0.28980104867936773,155.30292343901266,69.65211861029351,1.229841999738695,378.7448491569047,3148.834098902447,HIGH,CR01,2943.868575783984,0.9349074874443511,3491.566209317287,SYNTHETIC
BLST_2024_0680,2024,2024-08-19 20:06:57.586529464,128,4110,0.19663416695053415,269.5688898144632,64.29123369764928,2.4380643374461477,316.3107177091532,3048.485588540373,HIGH,CR01,3271.8095982974355,1.0732573611620684,3989.3814348094807,SYNTHETIC
BLST_2024_0681,2024,2024-08-20 04:18:38.054256312,142,3840,0.3872362183360783,146.6173493111188,52.73933069434155,3.2859452342128206,338.5236159341409,3172.561715731953,LOW,CR02,3552.9713478362787,1.1199061409012054,4286.059226739061,SYNTHETIC
BLST_2024_0682,2024,2024-08-20 12:30:18.521983160,189,3840,0.5188514598114842,177.05660618127138,48.60124249418623,3.6745439159558697,350.9973768800295,2100.060225776285,HIGH,CR01,2711.3268702172923,1.291071006887459,3323.699488250938,SYNTHETIC
BLST_2024_0683,2024,2024-08-20 20:41:58.989710008,80,3780,0.39356608809332705,94.64728950629294,75.81368053387749,2.0105068256005727,361.22784888123334,3290.6115434466183,HIGH,CR02,2921.515937277145,0.8878337350683214,3464.4852962395257,SYNTHETIC
BLST_2024_0684,2024,2024-08-21 04:53:39.457436856,53,3870,0.3203491669361005,299.3089598713499,63.45116921083644,2.3177642742052207,343.49492172828786,2908.6934657187785,HIGH,CR02,3185.68741500496,1.095229680456456,3670.580602494717,SYNTHETIC
BLST_2024_0685,2024,2024-08-21 13:05:19.925163704,311,4290,0.5392054893769829,124.11121259192444,56.447396117323734,3.966995199067781,375.551530430864,3383.681105789189,MEDIUM,CR01,3345.6422149853784,0.9887581336377328,4132.152239484632,SYNTHETIC
BLST_2024_0686,2024,2024-08-21 21:17:00.392890552,40,4245,0.18486355201186033,84.92568832640121,46.206619497186125,4.1877691632407625,359.84012347576703,3185.412403396485,HIGH,CR02,2796.7912300538546,0.8779997299789948,3119.9653767055156,SYNTHETIC
BLST_2024_0687,2024,2024-08-22 05:28:40.860617400,180,3795,0.42289952151116067,134.3121229176062,49.123063431948225,2.314786186658604,344.3379136868776,2330.9502097128106,LOW,CR01,2674.1163081780924,1.1472215481203103,3062.898114736283,SYNTHETIC
BLST_2024_0688,2024,2024-08-22 13:40:21.328344244,178,4155,0.5576173655284585,89.00261759193408,42.30902236451101,3.4204362017120853,314.26670946208964,1834.1643741522985,HIGH,CR02,2042.3351445701628,1.1134962456754047,2541.780381260066,SYNTHETIC
BLST_2024_0689,2024,2024-08-22 21:52:01.796071092,151,3690,0.37399081441831983,153.00428716761274,76.91796915310007,3.7494811166094912,353.1783057167145,2362.3093913246503,MEDIUM,CR01,2733.160718124634,1.1569867724193532,3000.9296160587437,SYNTHETIC
BLST_2024_0690,2024,2024-08-23 06:03:42.263797940,45,3795,0.4196806646620248,177.8764506812287,68.80751166324873,3.772939524949526,368.66660041728,2500.6192316417137,HIGH,CR01,2370.5307173766787,0.9479774798901994,2787.249969666143,SYNTHETIC
BLST_2024_0691,2024,2024-08-23 14:15:22.731524788,217,3840,0.49702699058644856,171.70568799516474,32.37404387742322,2.4233857389206,329.4032770730204,2204.9504954127574,HIGH,CR01,2630.071358860556,1.1928029061569556,3197.4026850558666,SYNTHETIC
BLST_2024_0692,2024,2024-08-23 22:27:03.199251636,91,3735,0.3478746416517393,120.81156761509271,52.04549478906455,3.96434643570435,346.43866806719586,2588.846812754655,HIGH,CR02,2458.1295981002145,0.9495075513891256,2627.4537721858255,SYNTHETIC
BLST_2024_0693,2024,2024-08-24 06:38:43.666978484,305,3615,0.5583182914845177,195.49351978652322,34.70172555252397,3.6427113931114596,361.91822093524644,2768.7118987030503,HIGH,CR01,3182.8840638561555,1.1495901994523576,3803.123462254187,SYNTHETIC
BLST_2024_0694,2024,2024-08-24 14:50:24.134705332,136,4125,0.4700822125461672,109.5286275868442,63.49494778701507,3.765025393296229,352.21987290142516,2474.343455350622,HIGH,CR01,2790.7610811781465,1.1278794280330362,3170.1888605100075,SYNTHETIC
BLST_2024_0695,2024,2024-08-24 23:02:04.602432180,210,4125,0.49690358867460893,206.80143710338282,54.190334355775526,5.193155664873,332.45455117718865,3015.7592406416998,HIGH,CR01,3421.3941593872096,1.1345050736408249,3820.046713096419,SYNTHETIC
BLST_2024_0696,2024,2024-08-25 07:13:45.070159028,78,3960,0.44381878090969507,133.68060725882444,88.65139640387135,3.480396492086391,373.8170208851618,2635.479652766135,HIGH,CR01,2567.1517587859967,0.9740738298212914,2959.3631484054945,SYNTHETIC
BLST_2024_0697,2024,2024-08-25 15:25:25.537885872,86,4125,0.5067446430370459,220.9483042647662,47.94715573092209,2.132214036537622,337.5393221016457,2990.6095757184435,HIGH,CR01,3135.5408070856283,1.04846210369415,3330.1777935268165,SYNTHETIC
BLST_2024_0698,2024,2024-08-25 23:37:06.005612720,58,3945,0.6139939006865598,76.73622776413885,54.13691457513483,1.52948418050721,393.30285189531344,2554.181346002518,MEDIUM,CR02,2279.9160887599223,0.8926210710637908,2725.4242794695406,SYNTHETIC
BLST_2024_0699,2024,2024-08-26 07:48:46.473339568,81,3765,0.42139625377628864,142.00874471371054,81.44510126342547,2.639973742728218,331.14941465544604,2146.630432561322,HIGH,CR01,2368.931668620896,1.103558224409559,2788.8173076798485,SYNTHETIC
BLST_2024_0700,2024,2024-08-26 16:00:26.941066416,467,3900,0.30767411756464846,205.4851459267599,39.643486332566304,5.712183984524966,375.7726136335168,2912.68911324709,HIGH,CR02,3221.0668278555636,1.1058738858211652,3794.382040571277,SYNTHETIC
BLST_2024_0701,2024,2024-08-27 00:12:07.408793264,223,3765,0.3284950472926127,116.35351724239594,54.958780550180926,2.2751926124868866,333.65376595084206,2637.5355019827884,HIGH,CR02,2711.199052568842,1.0279289323425889,3218.851069904186,SYNTHETIC
BLST_2024_0702,2024,2024-08-27 08:23:47.876520112,31,3765,0.5216465204310409,174.7123205809959,58.08346310081658,4.178804410846361,346.70016499729644,1621.6097342376347,HIGH,CR01,2203.9949523235114,1.359140183849274,2352.2520436465456,SYNTHETIC
BLST_2024_0703,2024,2024-08-27 16:35:28.344246960,157,4005,0.43408037654116194,154.02671534208338,51.66819350819584,2.920960160663929,375.94607520961,2876.2671042327133,HIGH,CR01,2952.104562821764,1.0263666258524629,3595.0342919529685,SYNTHETIC
BLST_2024_0704,2024,2024-08-28 00:47:08.811973808,237,3750,0.2888191732398572,102.04642951673137,57.17734792408175,4.1692491232417215,335.5820426469119,2161.4324965721676,MEDIUM,CR01,2673.1994350621612,1.2367721126158735,2928.00333251923,SYNTHETIC
BLST_2024_0705,2024,2024-08-28 08:58:49.279700652,16,4020,0.3365541071753991,90.40431737007766,31.620871655232612,3.129304664603232,349.2248867191024,3537.9092720487715,HIGH,CR02,3007.3646524215637,0.850040072022544,3626.7595790526975,SYNTHETIC
BLST_2024_0706,2024,2024-08-28 17:10:29.747427500,248,3870,0.4327890568551629,147.42436539381112,45.45958350273434,1.1747473377879376,324.61590857274757,3013.5392457170005,LOW,CR01,2735.942224112925,0.9078833892743853,3460.2325939968728,SYNTHETIC
BLST_2024_0707,2024,2024-08-29 01:22:10.215154348,133,3765,0.4497095066402605,153.15860949695164,44.54804277284238,4.117246755611526,336.27806714518397,2617.080881446127,MEDIUM,CR01,2576.550914586348,0.984513292215339,2867.1570902565268,SYNTHETIC
BLST_2024_0708,2024,2024-08-29 09:33:50.682881196,55,3900,0.4386129447604719,199.0571291533416,46.0401319218085,3.8896014085776103,331.1390961051814,2548.631504841425,HIGH,CR01,2758.5717697279915,1.0823737227165875,3262.066138048032,SYNTHETIC
BLST_2024_0709,2024,2024-08-29 17:45:31.150608044,62,3945,0.45747654158948725,148.5451011222649,52.63628905115961,1.634061753327635,333.9457125255717,2495.5972379062955,HIGH,CR02,2622.111341616897,1.050694920554064,3123.293340128367,SYNTHETIC
BLST_2024_0710,2024,2024-08-30 01:57:11.618334892,28,4275,0.2625984225069661,181.70415701192826,26.842434997185876,4.156837987039377,321.69184183354037,2310.0346556955,LOW,CR01,2951.2909989483555,1.2775959839701139,3607.626436032138,SYNTHETIC
BLST_2024_0711,2024,2024-08-30 10:08:52.086061740,40,3615,0.3683330666377278,76.78436734347606,60.03785611744909,2.5409341777280345,353.0960617994932,2699.747798884089,LOW,CR01,2186.623201321503,0.8099360992998381,2590.0566805473245,SYNTHETIC
BLST_2024_0712,2024,2024-08-30 18:20:32.553788588,224,3660,0.4287661794790736,167.79430961812815,43.47499778606913,3.397078567174958,336.7882626964622,2377.9529518554086,HIGH,CR02,2543.2104247121283,1.0694956865011886,3002.070865776669,SYNTHETIC
BLST_2024_0713,2024,2024-08-31 02:32:13.021515432,298,4110,0.4117287767377046,129.32613344318764,78.66794904073879,3.6982879070739454,352.9172086164942,2433.1658189002483,HIGH,CR01,2721.4620217258152,1.118486048335116,3007.739049152135,SYNTHETIC
BLST_2024_0714,2024,2024-08-31 10:43:53.489242280,422,3630,0.3837384849825987,140.07039996720903,50.60664183139638,6.7509087087717194,308.62646092228346,2337.642664902613,HIGH,CR01,2995.4455173811707,1.281395810555144,3412.088530070128,SYNTHETIC
BLST_2024_0715,2024,2024-08-31 18:55:33.956969128,142,3735,0.4680870226415653,186.14677999338684,55.536758297180846,2.887464459475358,367.5491164430728,3087.158861246895,LOW,CR01,3192.347774924217,1.0340730485229506,4146.463293283788,SYNTHETIC
BLST_2024_0716,2024,2024-09-01 03:07:14.424695976,303,3930,0.4608698900015069,191.51166792906986,65.01850483424002,3.5280292927972434,367.9478125064996,2046.962466444158,HIGH,CR02,2436.2198218091316,1.190163406386813,2931.0977500077897,SYNTHETIC
BLST_2024_0717,2024,2024-09-01 11:18:54.892422824,336,3690,0.5458512859057483,142.0532517235068,90.0,1.3531384307506071,332.7465811149234,2521.856666683405,HIGH,CR02,2637.2702325667974,1.0457653154551316,2997.4360061441184,SYNTHETIC
BLST_2024_0718,2024,2024-09-01 19:30:35.360149672,205,3600,0.5154009640149337,119.4168877794828,69.49273256222392,2.558564676724046,323.4162173639986,3231.623118997988,MEDIUM,CR02,2864.004754921435,0.8862434292181514,3640.425373931872,SYNTHETIC
BLST_2024_0719,2024,2024-09-02 03:42:15.827876520,173,4155,0.2981612030132396,111.41715911783069,63.377058511169935,2.4963632599255927,390.7992832014392,1907.4825339921008,HIGH,CR01,2197.457685573169,1.152019820057901,2686.6525272836543,SYNTHETIC
BLST_2024_0720,2024,2024-09-02 11:53:56.295603368,57,3795,0.33316780851413985,141.31525686738112,55.050008363956394,4.098751397838274,390.3622111351157,2202.743564152978,HIGH,CR01,2310.7617852061435,1.0490380372963215,2546.714732430042,SYNTHETIC
BLST_2024_0721,2024,2024-09-02 20:05:36.763330216,63,4005,0.519555242129421,114.23802485810128,52.6146586859872,2.025241965483511,334.3403220936325,2182.740068187398,HIGH,CR02,2377.003403798506,1.0889997569762988,2835.5097002462644,SYNTHETIC
BLST_2024_0722,2024,2024-09-03 04:17:17.231057060,96,3780,0.5030563123131647,107.0062446857242,41.380670779484895,4.768221468406816,332.76758982151614,1948.1211966131548,LOW,CR01,2064.144949864009,1.0595567429031436,2492.698723779655,SYNTHETIC
BLST_2024_0723,2024,2024-09-03 12:28:57.698783908,373,4020,0.5171356974948126,242.40904526049346,74.25467771872098,4.771376408560067,341.54681858985623,2429.2347872705886,HIGH,CR02,3162.515139098571,1.301856516986517,3808.480244295562,SYNTHETIC
BLST_2024_0724,2024,2024-09-03 20:40:38.166510756,36,3690,0.43138461925458627,228.09118994915605,39.36124566012179,5.4059453932024715,321.877020483687,2603.370518220394,MEDIUM,CR01,3045.625010877622,1.1698776603491474,3404.1024541439974,SYNTHETIC
BLST_2024_0725,2024,2024-09-04 04:52:18.634237604,142,3825,0.31966333900839844,202.6371152669656,49.26377992864022,2.8782755683707295,342.23285782097605,2620.840419805974,LOW,CR01,2850.52903791777,1.0876392993545179,3259.006194185996,SYNTHETIC
BLST_2024_0726,2024,2024-09-04 13:03:59.101964452,97,3675,0.35416123250157316,137.39907229987818,64.89076954502468,2.055863011927509,357.4039091410041,2604.6213159213285,MEDIUM,CR02,2596.339786225396,0.996820447699898,2778.9285419361463,SYNTHETIC
BLST_2024_0727,2024,2024-09-04 21:15:39.569691300,69,3630,0.6351084216506819,84.22384176726223,67.0137061255236,2.901542804899285,371.42625688745215,2595.9896327355978,HIGH,CR01,2560.84446089202,0.9864617441455101,2834.1492641500904,SYNTHETIC
BLST_2024_0728,2024,2024-09-05 05:27:20.037418148,113,3765,0.4467372977491092,194.203589775693,54.29459813684238,2.9843990140632255,372.1307863718489,2545.6678431023365,HIGH,CR01,3033.4853312963587,1.1916265272061308,3526.217599672631,SYNTHETIC
BLST_2024_0729,2024,2024-09-05 13:39:00.505144996,91,4290,0.4599925656601902,45.0,66.24719468509738,3.3212151675942603,341.94350657778364,2358.6815479718075,MEDIUM,CR02,2334.299489263184,0.9896628441725891,2843.9869348008037,SYNTHETIC
BLST_2024_0730,2024,2024-09-05 21:50:40.972871840,67,4230,0.314061358150614,151.68308439726593,51.44505656439248,3.4380986898888373,354.654366181585,2948.553747613039,HIGH,CR02,2629.965262790662,0.891950931849119,3075.7259199458726,SYNTHETIC
BLST_2024_0731,2024,2024-09-06 06:02:21.440598688,82,3870,0.4904055848120096,150.08278023457973,66.36660993263065,6.022776676774867,334.69575910823954,3226.0461549698193,HIGH,CR01,3186.3583637520874,0.9876976988823946,3653.2069584540527,SYNTHETIC
BLST_2024_0732,2024,2024-09-06 14:14:01.908325536,168,3645,0.5099088946165252,85.83051575395612,47.36379626729715,2.643194735703929,372.8615117701131,2980.9856379243292,HIGH,CR01,2912.03706796143,0.9768705460751872,3539.0400023521465,SYNTHETIC
BLST_2024_0733,2024,2024-09-06 22:25:42.376052384,82,4035,0.46232332301515455,149.07960181739827,52.604504585813906,0.2,346.3527808139442,2263.468978038959,HIGH,CR01,2345.5953464526,1.0362834079947472,2731.4787778909417,SYNTHETIC
BLST_2024_0734,2024,2024-09-07 06:37:22.843779232,54,3765,0.2533107749121952,181.6912506624259,54.78457428060238,4.307009887397679,345.1507720535249,2041.4145092161502,HIGH,CR01,2481.6790372903297,1.2156664048808146,3024.013085854315,SYNTHETIC
BLST_2024_0735,2024,2024-09-07 14:49:03.311506080,137,3900,0.3419122250234306,139.5403414099642,75.35605085890936,1.946952618944317,365.05493142996676,3197.3922159953227,HIGH,CR01,3173.720176115685,0.9925964541474719,3949.095445661905,SYNTHETIC
BLST_2024_0736,2024,2024-09-07 23:00:43.779232928,20,3855,0.49744294398434197,176.38912970284605,49.38555584922288,2.3525524310117345,349.4142438173873,2573.5405574441215,MEDIUM,CR01,3018.4153015131665,1.1728648661790924,3481.4972435201958,SYNTHETIC
BLST_2024_0737,2024,2024-09-08 07:12:24.246959776,49,3615,0.5336198115680868,83.2873425641752,57.4494118039575,3.988260213488471,352.1643520326107,2351.7517624215534,HIGH,CR02,2463.6317273825084,1.0475730333229365,3052.5829933942423,SYNTHETIC
BLST_2024_0738,2024,2024-09-08 15:24:04.714686620,198,4185,0.606999539338114,99.26356222081665,66.62834366791046,4.1366638271873315,375.6258071233941,2478.728870042175,HIGH,CR01,2727.923124657075,1.1005330827532822,2992.2616380598943,SYNTHETIC
BLST_2024_0739,2024,2024-09-08 23:35:45.182413468,180,3960,0.4971733588850135,131.79485901140464,60.74963017462212,3.2654158235715873,348.0533858092298,2679.400544495914,HIGH,CR02,2766.7659748348087,1.0326063344722247,3464.4043186678296,SYNTHETIC
BLST_2024_0740,2024,2024-09-09 07:47:25.650140316,161,3660,0.5029415643227751,225.76508694846663,60.19616794486365,3.203435091112476,349.9361143421787,2857.423762121726,LOW,CR01,2933.0146757791695,1.026454218887476,3553.941583834539,SYNTHETIC
BLST_2024_0741,2024,2024-09-09 15:59:06.117867164,110,3795,0.528044818061007,139.8679830961599,50.633111161115224,3.806067615439552,327.3897200698963,2554.7845612502006,MEDIUM,CR01,2541.0178635529214,0.9946114056323628,3081.871508480625,SYNTHETIC
BLST_2024_0742,2024,2024-09-10 00:10:46.585594012,55,3840,0.21656043371062292,185.99064880654785,67.21452369918757,5.902288940235746,340.7132864783873,3230.0786174251166,LOW,CR01,3541.6966041913365,1.0964738087442059,4170.839184440072,SYNTHETIC
BLST_2024_0743,2024,2024-09-10 08:22:27.053320860,178,4005,0.47711662968367763,143.46366410167062,51.20735753549521,2.543468044222818,334.50870068354266,2605.332421341791,LOW,CR02,2949.667968078058,1.132165686004448,3280.8110816567664,SYNTHETIC
BLST_2024_0744,2024,2024-09-10 16:34:07.521047708,43,4095,0.49245121344313414,276.74962576949986,74.46071411522942,2.5346644297919445,364.55173814887365,2548.2419826346595,HIGH,CR02,2844.89951122269,1.116416545449625,3341.502749812644,SYNTHETIC
BLST_2024_0745,2024,2024-09-11 00:45:47.988774556,160,4095,0.48229552929000447,203.07068585093157,48.18263194338169,1.1516359942586574,309.12683827653746,2559.9895569622195,HIGH,CR02,2835.900598713889,1.1077781903450716,3523.7237979341908,SYNTHETIC
BLST_2024_0746,2024,2024-09-11 08:57:28.456501404,26,3615,0.545680126991487,130.29393563841376,63.1757118011082,2.6742554345448197,348.76850247899006,3562.3404852890317,HIGH,CR01,3535.0112067506698,0.9923282800587927,4297.118517224176,SYNTHETIC
BLST_2024_0747,2024,2024-09-11 17:09:08.924228248,37,3870,0.42931289269056094,177.78257819011682,61.3964370378795,3.627145616302172,335.9682298489002,2536.3663509834682,HIGH,CR02,2733.865067657487,1.0778667942024382,3023.354481654258,SYNTHETIC
BLST_2024_0748,2024,2024-09-12 01:20:49.391955096,135,3810,0.4959744699448822,190.25466211819628,34.9295248211159,3.0897823097299066,351.0403221852465,2822.178917422034,MEDIUM,CR02,2611.2402913593983,0.925256820267327,3208.220900451454,SYNTHETIC
BLST_2024_0749,2024,2024-09-12 09:32:29.859681944,273,3990,0.32367473821873016,81.14129490138808,55.93933892263584,4.676669571118042,396.71991907894534,2324.423829760235,HIGH,CR01,2414.629040155448,1.0388075570557704,2855.290680763372,SYNTHETIC
BLST_2024_0750,2024,2024-09-12 17:44:10.327408792,129,3600,0.5469035879353654,273.68473269593824,51.56061680275697,2.6066449312327657,386.28509766696936,1924.4125610209435,HIGH,CR02,2518.044168172529,1.3084741906052884,2687.0493779977955,SYNTHETIC
BLST_2024_0751,2024,2024-09-13 01:55:50.795135640,134,4035,0.4945006561141012,86.32209818172059,47.558382793079915,3.196158195162427,344.7813075320936,2928.7161341553897,HIGH,CR02,2859.7407673373395,0.9764485994345294,3163.54803272965,SYNTHETIC
BLST_2024_0752,2024,2024-09-13 10:07:31.262862488,280,4185,0.5532013097679421,227.97678218545795,84.28853574003243,3.8151878388365303,290.0,2212.712639403025,HIGH,CR01,2946.1665418800603,1.3314727314410406,3260.866034074864,SYNTHETIC
BLST_2024_0753,2024,2024-09-13 18:19:11.730589336,170,3750,0.5630477842787571,48.47264878155184,63.3689069222458,0.9400059185278118,373.65449721434817,2426.636743255493,HIGH,CR01,2451.659317807757,1.010311627655771,2928.5426132548,SYNTHETIC
BLST_2024_0754,2024,2024-09-14 02:30:52.198316184,52,4290,0.42887567203887206,86.07022033057451,34.21090788971804,3.05368601999961,355.44603461103503,2811.4469017607616,HIGH,CR02,2648.1060711665905,0.941901506127726,3161.76690306975,SYNTHETIC
BLST_2024_0755,2024,2024-09-14 10:42:32.666043028,262,4185,0.5235984104865591,197.12221449581926,65.48822638829803,3.7304214796499355,313.5077072590562,2632.838228510959,HIGH,CR01,3023.2351237369817,1.1482798642918586,3672.5915351465383,SYNTHETIC
BLST_2024_0756,2024,2024-09-14 18:54:13.133769876,215,4215,0.4886857934371401,102.684998678426,57.86032058468697,1.590731914450659,312.4342991527336,2794.3832724707686,HIGH,CR02,2714.8545869401273,0.9715398076154662,3349.304325475994,SYNTHETIC
BLST_2024_0757,2024,2024-09-15 03:05:53.601496724,86,4035,0.28052415003948067,85.88227060357936,49.258880018977685,1.3983457694278378,352.35326352267947,2645.4995952113354,LOW,CR01,2736.467003373462,1.0343857199323667,3227.0754449548162,SYNTHETIC
BLST_2024_0758,2024,2024-09-15 11:17:34.069223572,185,3615,0.4588926870438042,136.51665378647905,40.82247099075978,2.185801367447697,347.64387824918157,2099.310882633828,LOW,CR02,2300.361528777697,1.0957698299032432,2517.9206894037725,SYNTHETIC
BLST_2024_0759,2024,2024-09-15 19:29:14.536950420,112,3900,0.4308680399943841,140.42208635116225,68.9834403410308,2.660400152938495,341.3936407505556,2387.1299320926205,HIGH,CR01,2564.7851108956506,1.0744220816867278,3037.807282450432,SYNTHETIC
BLST_2024_0760,2024,2024-09-16 03:40:55.004677268,191,3810,0.3804102112849959,144.40859691278342,35.629428939668315,3.8476814207076213,364.9424647645955,2451.469465921368,HIGH,CR02,2487.3481077454667,1.014635565452827,2932.57865131992,SYNTHETIC
BLST_2024_0761,2024,2024-09-16 11:52:35.472404116,216,3975,0.49975782746941955,141.74815994763773,50.66750067806879,3.8762386528368964,343.07420719345686,2696.454839167828,HIGH,CR01,2845.4144356176557,1.055242755890471,3394.182385429103,SYNTHETIC
BLST_2024_0762,2024,2024-09-16 20:04:15.940130964,73,4035,0.4617365751096313,158.40543074528608,64.68892282986792,3.9645828983725844,310.4562791210082,1756.6420806420806,MEDIUM,CR02,1893.1437356384206,1.0777060145037893,2144.4286881747494,SYNTHETIC
BLST_2024_0763,2024,2024-09-17 04:15:56.407857808,20,3900,0.2707233170899822,183.55093611852675,51.65648286747988,4.1906304888548895,329.15081977812423,2647.1141679036987,HIGH,CR01,2983.932207137638,1.1272397100653473,3889.4605462443637,SYNTHETIC
BLST_2024_0764,2024,2024-09-17 12:27:36.875584656,144,3600,0.39275008240187953,145.69112416426037,64.15341858082928,1.3244229780331014,378.697861489005,2281.8597329472072,HIGH,CR01,2542.4834186371745,1.1142154716729018,3043.323503986237,SYNTHETIC
BLST_2024_0765,2024,2024-09-17 20:39:17.343311504,57,3780,0.43737556205652195,158.23250409658212,65.90321393861271,5.553742188516377,349.17405369318874,2287.4983005962217,HIGH,CR01,2432.1147215218007,1.0632203402677438,2906.4134244604793,SYNTHETIC
BLST_2024_0766,2024,2024-09-18 04:50:57.811038352,99,3735,0.5733154926316337,150.92534238301567,39.170886149247096,3.1299569056779526,325.31765836921556,2701.639796783868,HIGH,CR01,2799.593192405814,1.0362570153647253,3345.1649803803925,SYNTHETIC
BLST_2024_0767,2024,2024-09-18 13:02:38.278765200,35,3645,0.47623884365307284,173.17873000132434,45.30147307300338,1.224819566799581,339.88161917034694,2736.188201327523,HIGH,CR01,3088.136723956863,1.1286273080406473,3469.8098743844494,SYNTHETIC
BLST_2024_0768,2024,2024-09-18 21:14:18.746492048,53,4155,0.4500474986366523,186.85087780886488,53.392826725479836,4.734997883558392,352.5621224987088,2915.800057245623,LOW,CR01,3016.1742786647187,1.0344242470157274,3643.196891772447,SYNTHETIC
BLST_2024_0769,2024,2024-09-19 05:25:59.214218896,51,3930,0.4301107463114934,162.59933621987838,57.40572355793311,4.1439196815925445,320.89605161094033,2648.7477539179395,HIGH,CR01,2667.7339074671454,1.0071679734399481,2984.3016185607626,SYNTHETIC
BLST_2024_0770,2024,2024-09-19 13:37:39.681945744,30,3780,0.40487043290666214,65.42731275374041,53.012472740315296,4.603077469969717,346.69046893144815,2509.462102700163,HIGH,CR01,2613.1338879882346,1.0413123534228794,2743.7905823876463,SYNTHETIC
BLST_2024_0771,2024,2024-09-19 21:49:20.149672592,44,3630,0.273654939435109,181.728818287973,89.99919338231395,2.2612087630708597,350.1443691345035,3278.079676145687,HIGH,CR02,3240.261601890388,0.988463345009428,3806.5373382872845,SYNTHETIC
BLST_2024_0772,2024,2024-09-20 06:01:00.617399436,151,4170,0.5759777856903573,144.2341960409151,53.580232688341766,4.444561926410343,371.6793248772619,2769.5423241967733,HIGH,CR01,2952.2749221837066,1.0659793484253504,3349.4184852001977,SYNTHETIC
BLST_2024_0773,2024,2024-09-20 14:12:41.085126284,65,3900,0.32192825632816213,126.81418250586043,57.73038187894718,1.952869244922123,374.45382965141783,2495.515492015553,HIGH,CR02,2578.0192257858516,1.0330607980732922,3183.4883033654155,SYNTHETIC
BLST_2024_0774,2024,2024-09-20 22:24:21.552853132,83,4155,0.26627976531858166,185.40813895854768,75.85014572388,3.710027112794448,339.42933587699804,2677.2039360906447,HIGH,CR01,3057.922024418819,1.1422073541712006,3596.756049531259,SYNTHETIC
BLST_2024_0775,2024,2024-09-21 06:36:02.020579980,158,4125,0.5399123483999112,202.2392563538729,55.62295133497919,3.4115324428738236,320.5545876833263,2585.8044839709632,HIGH,CR01,2957.6880996246814,1.1438173759690542,3750.466902806633,SYNTHETIC
BLST_2024_0776,2024,2024-09-21 14:47:42.488306828,144,3825,0.49003944000457245,187.32683369815413,69.25549379412607,2.9680999918018003,364.9041395526281,1840.199257462624,LOW,CR02,2291.1766869574562,1.2450698899404333,2827.8741434804447,SYNTHETIC
BLST_2024_0777,2024,2024-09-21 22:59:22.956033676,90,4185,0.44913016299911657,146.6861994587292,54.824923787842295,3.701550926051317,339.0823283239428,2060.2980909296466,LOW,CR02,2212.0372189007135,1.0736491135137631,2398.9767980360393,SYNTHETIC
BLST_2024_0778,2024,2024-09-22 07:11:03.423760524,100,3810,0.6587714036295154,168.4652821669041,65.7937208708549,3.8611787431348046,335.0428234510618,2766.751952062401,HIGH,CR02,2792.6897019994567,1.0093748013506312,3132.1142802231157,SYNTHETIC
BLST_2024_0779,2024,2024-09-22 15:22:43.891487372,391,3825,0.6641272215454015,207.6115060333949,78.01556794860889,3.8051702022159253,342.8725388686716,2589.337556010839,HIGH,CR02,2828.087516987687,1.0922050353854478,3209.0303926183537,SYNTHETIC
BLST_2024_0780,2024,2024-09-22 23:34:24.359214216,701,3720,0.5503662488737792,146.97998395939675,42.649729573339926,3.1870371326799956,350.39935833072036,2506.999778379512,HIGH,CR02,2939.2349017901333,1.172411312971879,3537.486847607151,SYNTHETIC
BLST_2024_0781,2024,2024-09-23 07:46:04.826941064,227,3735,0.3602292601024749,121.37870177498192,29.260127514233243,3.704015316406598,363.78124958030565,2694.312950191078,HIGH,CR02,2760.7753527411855,1.0246676625094326,3648.2595916406194,SYNTHETIC
BLST_2024_0782,2024,2024-09-23 15:57:45.294667912,184,4095,0.19890711349528611,170.07176452800067,35.23549380068724,1.8531915550969327,384.59747789153244,2607.212105666458,HIGH,CR02,2713.1129599432697,1.0406184268808238,2948.8949560753827,SYNTHETIC
BLST_2024_0783,2024,2024-09-24 00:09:25.762394760,299,3720,0.2741929339996387,230.28045889296348,59.70840797654429,2.5224242405457247,377.6061145546161,2457.8940166947095,HIGH,CR01,2845.569147560699,1.1577265448521339,3139.652228099815,SYNTHETIC
BLST_2024_0784,2024,2024-09-24 08:21:06.230121608,18,4215,0.556231238527213,133.86488330030195,68.10160575432946,3.29456268856693,342.85611843838564,2637.082367237384,LOW,CR02,2416.03815260098,0.9161784943153025,2702.150142965153,SYNTHETIC
BLST_2024_0785,2024,2024-09-24 16:32:46.697848456,78,3915,0.4661670924057231,82.77948418363708,61.829316969761535,0.9136354765222321,322.97496511807293,2461.404894847192,HIGH,CR01,2756.2622467958518,1.1197922993351994,3074.1143229717827,SYNTHETIC
BLST_2024_0786,2024,2024-09-25 00:44:27.165575304,49,3780,0.40119441357696206,118.46544645244659,48.70534671039592,4.188879770764327,394.9862539654171,2246.021356594272,HIGH,CR02,2272.051859277316,1.0115896060411975,2571.710917272656,SYNTHETIC
BLST_2024_0787,2024,2024-09-25 08:56:07.633302152,322,3630,0.5182946793138326,86.17125442425939,40.56763205433447,2.4901446575010304,374.66120549645547,2886.02883423762,HIGH,CR02,2871.858699536953,0.9950900924715085,3525.716448571838,SYNTHETIC
BLST_2024_0788,2024,2024-09-25 17:07:48.101028996,63,3765,0.4619627015872815,173.33877826283253,44.926180577064954,3.121631921401423,354.96239118356596,1775.2439667531848,HIGH,CR02,2134.377742784096,1.2023010824184044,2461.9600818889708,SYNTHETIC
BLST_2024_0789,2024,2024-09-26 01:19:28.568755844,148,4065,0.46821897008835406,129.9591624996533,55.44642401391978,6.341808108296496,359.00490034075096,2595.2600772440546,LOW,CR02,2870.7066120123473,1.1061344630480323,3519.6044453181444,SYNTHETIC
BLST_2024_0790,2024,2024-09-26 09:31:09.036482692,23,4050,0.5394570990114761,208.4107782586588,61.68028595154084,3.062465169199613,331.91749386880514,2984.3598402220437,HIGH,CR01,2942.6225057844968,0.9860146441206495,3618.4125854858225,SYNTHETIC
BLST_2024_0791,2024,2024-09-26 17:42:49.504209540,223,4065,0.4156346723576958,135.1973770969262,55.227365256162976,3.2471441858846606,348.652579055393,2145.5761672643544,HIGH,CR01,2422.510628053214,1.1290723046863238,3015.7554656456246,SYNTHETIC
BLST_2024_0792,2024,2024-09-27 01:54:29.971936388,184,3645,0.4000214658756396,135.30622218086296,63.444289327444324,1.4548486441771897,347.9528053202049,2463.599633216017,HIGH,CR02,2420.7195252957335,0.9825945306444508,2785.6463751809138,SYNTHETIC
BLST_2024_0793,2024,2024-09-27 10:06:10.439663236,261,3960,0.41142169400792356,104.56745563123117,56.97762451115918,3.1890554569684695,403.9150356559783,2922.1415681174904,LOW,CR01,2558.896655660562,0.8756922264067655,2901.8449312539788,SYNTHETIC
BLST_2024_0794,2024,2024-09-27 18:17:50.907390084,194,4245,0.33555961879501084,130.30551045666388,57.28887640215907,2.1256642761309523,370.73590865000415,2915.730790677813,MEDIUM,CR01,3268.2931456070264,1.1209173206444256,3699.296953026953,SYNTHETIC
BLST_2024_0795,2024,2024-09-28 02:29:31.375116932,69,4125,0.32718269554494667,223.91807323076122,56.15735277556068,3.003996077357764,317.3033260074487,2446.523321625827,HIGH,CR02,2702.389815414798,1.1045837133565257,3110.7866796445296,SYNTHETIC
BLST_2024_0796,2024,2024-09-28 10:41:11.842843780,92,4035,0.45074796464290473,174.3270148692101,60.0982759820106,5.568393073019429,331.14661295707845,1778.3718019622538,HIGH,CR01,2340.9540676647366,1.3163468207726472,2766.1029847213968,SYNTHETIC
BLST_2024_0797,2024,2024-09-28 18:52:52.310570624,669,3720,0.45793478840517193,86.29878189585118,61.41780663422921,4.859737449283087,366.26594707840417,2020.8223855578897,HIGH,CR01,2568.1288362616656,1.2708335253088958,3060.486606298399,SYNTHETIC
BLST_2024_0798,2024,2024-09-29 03:04:32.778297472,35,4275,0.4381272689099633,186.42630439880355,51.98689885800626,2.9571754883054213,348.9732399492641,2772.554030831964,LOW,CR01,2938.6611685863295,1.059911235599806,3453.6034041939997,SYNTHETIC
BLST_2024_0799,2024,2024-09-29 11:16:13.246024320,149,4095,0.6348781907754044,183.21422309667352,48.58149750471598,2.7715608207762084,370.19947299078115,1973.9695205934574,HIGH,CR02,2345.109585021366,1.1880171201003795,3048.5548376708057,SYNTHETIC
BLST_2024_0800,2024,2024-09-29 19:27:53.713751168,90,3630,0.30710618330538325,96.19570431485853,65.3688940258605,3.1329570441458667,358.57172331423163,2235.189036134594,MEDIUM,CR01,2441.4279632761677,1.0922691207801516,2791.7830291907608,SYNTHETIC
BLST_2024_0801,2024,2024-09-30 03:39:34.181478016,328,4110,0.5630974427806271,134.08798652933424,52.37253564864737,2.561274312054347,344.3885522389128,2815.794801058166,LOW,CR02,2786.107702977747,0.9894569383858289,2925.4130881266346,SYNTHETIC
BLST_2024_0802,2024,2024-09-30 11:51:14.649204864,168,3930,0.579719309069374,118.62017064845637,50.34666462001142,2.7022234143607653,353.1982247863503,2406.3718031087406,HIGH,CR02,2489.7375104683965,1.034643735125203,2879.5770440740102,SYNTHETIC
BLST_2024_0803,2024,2024-09-30 20:02:55.116931712,327,4065,0.46752058564044724,189.45787643197377,70.9583049141113,2.8861537863491087,361.6808081851065,2785.8756753148323,HIGH,CR02,2944.5707579797113,1.0569641653685586,3432.0087394702496,SYNTHETIC
BLST_2024_0804,2024,2024-10-01 04:14:35.584658560,70,3765,0.5294717032306644,98.04601723314593,50.23451481891023,2.770565003524098,339.43778929223,3078.7705481402827,LOW,CR01,3101.354800436403,1.0073354775690453,3629.5653168277945,SYNTHETIC
BLST_2024_0805,2024,2024-10-01 12:26:16.052385404,310,3780,0.3658340368896404,144.10044457175195,72.65094152510642,1.9941357100161885,375.04504894931245,2275.3010853085693,MEDIUM,CR01,2717.7492267718294,1.1944569641003167,3201.1822604602457,SYNTHETIC
BLST_2024_0806,2024,2024-10-01 20:37:56.520112252,81,3900,0.580491101784433,203.8181358480685,72.09444851120925,1.7774340396227797,342.8412949160471,2899.254369443204,HIGH,CR01,3198.7223694986697,1.1032913852650252,3878.2200885302345,SYNTHETIC
BLST_2024_0807,2024,2024-10-02 04:49:36.987839100,156,3690,0.3791964717041507,190.18196640887493,59.818187549872654,2.512434241352751,358.2046968884324,2442.7377070212074,HIGH,CR01,2872.258065395526,1.1758356442199014,3306.496087692247,SYNTHETIC
BLST_2024_0808,2024,2024-10-02 13:01:17.455565948,126,4020,0.40132092832416233,147.41023895161953,48.90029010229004,2.0294929755471935,385.41135218073964,1960.7442062350215,MEDIUM,CR01,2027.1627139853754,1.0338741318419546,2182.6830842303257,SYNTHETIC
BLST_2024_0809,2024,2024-10-02 21:12:57.923292796,157,4275,0.4408318404953467,128.3851046661763,55.08734081895169,0.47337943947697836,370.55459550294216,2324.685479470131,HIGH,CR01,2447.1422766783544,1.0526767161793151,2762.2019787588,SYNTHETIC
BLST_2024_0810,2024,2024-10-03 05:24:38.391019644,196,4140,0.6092713733782777,225.6550564465206,58.56579213191462,3.052224452840946,349.67904751833305,2037.6955634918895,HIGH,CR01,2496.1506363474664,1.2249870299908525,2854.0444763971286,SYNTHETIC
BLST_2024_0811,2024,2024-10-03 13:36:18.858746492,380,4035,0.5411250800983846,181.58687982805213,61.56895288244365,2.0283519317777605,322.84613451372417,3468.5298523568263,HIGH,CR01,3882.290032944387,1.1192897850674157,5023.192790594405,SYNTHETIC
BLST_2024_0812,2024,2024-10-03 21:47:59.326473340,45,3705,0.5289556254196912,86.10479429648925,59.0143994317611,3.3944153023857435,368.2141502665033,2266.8364123568467,HIGH,CR02,2189.139477173638,0.9657245071767545,2653.724243706966,SYNTHETIC
BLST_2024_0813,2024,2024-10-04 05:59:39.794200184,88,3825,0.5294539718159355,174.29725767061137,62.92051722870975,3.282564350834077,318.5920185727863,2336.9625271624855,HIGH,CR02,2375.3762456505096,1.016437455903354,2744.956591683319,SYNTHETIC
BLST_2024_0814,2024,2024-10-04 14:11:20.261927032,256,3900,0.3964332728767935,160.98641549624142,71.38258448883042,3.5620096625716617,352.67433615493024,3100.0671904000114,HIGH,CR01,3244.8826223769806,1.0467136429898745,3508.202774899665,SYNTHETIC
BLST_2024_0815,2024,2024-10-04 22:23:00.729653880,335,4215,0.5096933231399734,141.29067037509074,27.607280485076352,5.354125358884197,337.2866598100551,1828.5230518828012,HIGH,CR01,2304.5848164859517,1.260353165421107,2578.614687105346,SYNTHETIC
BLST_2024_0816,2024,2024-10-05 06:34:41.197380728,119,3795,0.45007737092347416,181.07349244419072,73.50473903440361,4.4539655587360425,370.4104394751267,2597.9167141212165,HIGH,CR01,2804.3490412903325,1.079460717907943,3173.4697147081347,SYNTHETIC
BLST_2024_0817,2024,2024-10-05 14:46:21.665107576,141,4095,0.6215257102662572,114.70626137184065,52.005575491463745,3.9440206569122935,315.4930705148195,2284.565429844346,MEDIUM,CR02,2472.24075675024,1.0821492457402198,2799.845351108967,SYNTHETIC
BLST_2024_0818,2024,2024-10-05 22:58:02.132834424,63,3750,0.44812400405763697,124.58741262964784,67.31752910017047,4.347668319610363,333.6756154675891,2463.922073951319,HIGH,CR02,2474.5423021620795,1.0043102938696957,2843.8825555572134,SYNTHETIC
BLST_2024_0819,2024,2024-10-06 07:09:42.600561272,427,3840,0.4958980768866641,165.49496950572535,71.46411146456519,4.803591374573751,339.87045770229696,2938.4929638752774,HIGH,CR02,3495.513768722974,1.1895600267536794,4189.7443820803455,SYNTHETIC
BLST_2024_0820,2024,2024-10-06 15:21:23.068288120,195,4020,0.5021175751813856,150.83785914153904,54.63570985536164,3.5530926135902803,373.0877579928885,2671.9780343443335,HIGH,CR01,2879.8807845354813,1.0778085551298944,3169.665284890729,SYNTHETIC
BLST_2024_0821,2024,2024-10-06 23:33:03.536014968,177,3930,0.4803731830839407,132.27070823212435,70.57672598179279,3.5318610289310404,347.6510424945533,3247.70981430037,HIGH,CR01,3460.9222317150934,1.0656500825522968,4107.552859301694,SYNTHETIC
BLST_2024_0822,2024,2024-10-07 07:44:44.003741812,76,3915,0.33427861969831113,137.744428935833,63.505574957061974,3.2540129305896173,346.2904004819149,3131.6609138110052,MEDIUM,CR01,3035.434176162528,0.9692729384512525,3550.237707200698,SYNTHETIC
BLST_2024_0823,2024,2024-10-07 15:56:24.471468660,65,3975,0.38593450914975663,77.96994464161354,64.52136288735437,2.8959931072974023,344.44248585687467,3436.8423191502434,HIGH,CR02,3068.7016142276266,0.8928840282048088,3822.2657272932197,SYNTHETIC
BLST_2024_0824,2024,2024-10-08 00:08:04.939195508,64,4185,0.36843685663534487,132.0599170518168,64.4277401397674,3.7990407909662833,318.61122211891484,2892.877895619258,HIGH,CR02,2828.97826341509,0.9779113967095077,3137.6002871128217,SYNTHETIC
BLST_2024_0825,2024,2024-10-08 08:19:45.406922356,160,3660,0.34336664281208484,161.39316227044932,75.54288399389958,3.6446430439803095,359.165624265803,2989.3335796715724,HIGH,CR02,2820.534408724696,0.9435328422044414,3345.203912321328,SYNTHETIC
BLST_2024_0826,2024,2024-10-08 16:31:25.874649204,132,3930,0.4634795604145148,137.89857942208312,80.41981438441289,0.6510095989773972,378.5878528020264,3020.772818485675,HIGH,CR02,2871.0645921883997,0.9504404219406594,3270.067754782258,SYNTHETIC
BLST_2024_0827,2024,2024-10-09 00:43:06.342376052,444,3630,0.4284906288613357,100.59229275803764,56.55740584270707,3.8191930852214884,329.99591600028447,2652.741509267998,HIGH,CR01,2836.556504194554,1.0692924637716692,3126.8881211080497,SYNTHETIC
BLST_2024_0828,2024,2024-10-09 08:54:46.810102900,152,3660,0.3575265762499893,166.57406175642691,68.27107526179428,2.8086197383392624,368.37692976829,2779.0147295046304,HIGH,CR02,2657.141767106699,0.9561452621664744,3044.5832605178502,SYNTHETIC
BLST_2024_0829,2024,2024-10-09 17:06:27.277829748,165,4005,0.3940608340356814,124.91646819986599,68.5885496788695,0.402776364574168,346.5729070824373,2973.946454795436,LOW,CR01,3131.8466604882105,1.0530945018993747,3894.1879555441615,SYNTHETIC
BLST_2024_0830,2024,2024-10-10 01:18:07.745556592,92,3900,0.5776112040946416,160.94840850009996,38.74069542649712,2.653876145766372,360.4530962172884,2393.11994151547,HIGH,CR02,2621.581069843343,1.0954658077786095,3214.961811730108,SYNTHETIC
BLST_2024_0831,2024,2024-10-10 09:29:48.213283440,120,3600,0.3657040134154109,219.45827961774611,75.11252661566058,4.012709156423855,329.59552186458814,2316.306058100777,HIGH,CR02,2421.8343714538887,1.0455588815580088,2929.648448364116,SYNTHETIC
BLST_2024_0832,2024,2024-10-10 17:41:28.681010288,77,3750,0.434669628466182,126.60578228222212,47.67275583379362,3.5598228130088945,358.86082348511815,2792.1191387289687,HIGH,CR01,2721.3998879773035,0.974671836251279,3247.4386946042637,SYNTHETIC
BLST_2024_0833,2024,2024-10-11 01:53:09.148737136,254,4095,0.5898443650383655,150.85732815471482,69.23731508469368,4.367751047661493,358.51180500736535,2397.3404983362443,HIGH,CR02,2477.7112278733357,1.0335249538364988,3122.8678426777756,SYNTHETIC
BLST_2024_0834,2024,2024-10-11 10:04:49.616463984,126,3780,0.6047019907055494,183.51785408118218,41.810898382348185,2.091984329048439,355.8087103136709,2762.4767652012224,HIGH,CR02,3008.957441659124,1.089224524731866,3719.2485315565505,SYNTHETIC
BLST_2024_0835,2024,2024-10-11 18:16:30.084190832,49,3690,0.33082775569132794,223.6399214342195,70.55992440298283,3.0170297007900966,371.0801728012185,1934.2456598593499,HIGH,CR02,2268.3200845976453,1.1727156129499021,3102.087352268937,SYNTHETIC
BLST_2024_0836,2024,2024-10-12 02:28:10.551917680,250,3855,0.5907439113917228,112.6431417371211,81.03728678458245,4.2173113874932255,354.9637056818432,2238.3723503790243,HIGH,CR02,2495.689412096875,1.1149572195503037,2987.8972913556713,SYNTHETIC
BLST_2024_0837,2024,2024-10-12 10:39:51.019644528,125,4260,0.28235867975397594,168.3914076858991,49.86834735742921,3.276888606704449,303.58062533459463,3130.6277113875926,HIGH,CR01,3147.7861573464634,1.0054808324530116,3871.3262129570207,SYNTHETIC
BLST_2024_0838,2024,2024-10-12 18:51:31.487371372,131,4245,0.4740388822504599,235.9790588691481,64.5349587427446,3.562656156295994,324.2900887573277,2774.4849410275847,HIGH,CR01,3058.5623172617566,1.1023892298110503,3613.3115687389345,SYNTHETIC
BLST_2024_0839,2024,2024-10-13 03:03:11.955098220,149,3690,0.3814172319193261,136.0262512309415,81.91188236095397,4.524828662938015,340.6086697805525,2218.2998241663877,LOW,CR01,2468.145626929314,1.112629411065664,2621.2003025381,SYNTHETIC
BLST_2024_0840,2024,2024-10-13 11:14:52.422825068,119,3780,0.6486264680489529,195.4519208733522,57.04638767050193,2.752794604656342,350.13172312199106,2734.3711311127668,HIGH,CR02,2984.1971049985577,1.0913650568656066,3260.7195543932417,SYNTHETIC
BLST_2024_0841,2024,2024-10-13 19:26:32.890551916,34,3960,0.3887674110696302,104.25248194410574,50.13534681569692,4.700564048277285,364.3651225094817,2355.931630798174,HIGH,CR01,2588.7404359660086,1.0988181499515588,3137.20433612833,SYNTHETIC
BLST_2024_0842,2024,2024-10-14 03:38:13.358278764,60,4125,0.34820854543446567,232.27739977965786,49.71550413738882,2.0489589197887104,369.8885593947311,2865.1325475131102,HIGH,CR01,2836.8196829269677,0.9901181309706883,3232.5974337937355,SYNTHETIC
BLST_2024_0843,2024,2024-10-14 11:49:53.826005612,17,3900,0.5514089124709765,152.197628162721,60.34452070781977,2.5719866980692827,356.86383603509273,2780.0987546789383,MEDIUM,CR01,2951.0784885009225,1.0615013166471958,3563.4694790966714,SYNTHETIC
BLST_2024_0844,2024,2024-10-14 20:01:34.293732460,344,4020,0.3534749481268464,188.24334322175383,73.01683906053297,3.6993285779404554,333.7736534085199,2706.686500057554,HIGH,CR01,3085.278421253518,1.1398728375775746,3432.606959477449,SYNTHETIC
BLST_2024_0845,2024,2024-10-15 04:13:14.761459308,515,3990,0.6820230375142855,66.86208545391929,20.0,3.04186181245409,385.9355904758285,2075.5175855876787,HIGH,CR02,2280.8850193190397,1.0989475758516456,2511.8780644380654,SYNTHETIC
BLST_2024_0846,2024,2024-10-15 12:24:55.229186156,31,3840,0.4163119076604842,147.336696371097,61.28512562048917,3.9958596676451394,350.72403941325257,2455.29055253443,MEDIUM,CR02,2272.071939046163,0.9253780318182129,2769.5531507003247,SYNTHETIC
BLST_2024_0847,2024,2024-10-15 20:36:35.696913000,334,4275,0.6160378818972971,76.41294896137508,57.17984361511307,1.7014144018567001,338.4235655682635,2408.078703802938,LOW,CR01,2447.5938497780307,1.0164094080117434,2899.3286901712913,SYNTHETIC
BLST_2024_0848,2024,2024-10-16 04:48:16.164639848,54,3870,0.4013835805827291,170.16623189101236,40.714817883731,3.8648434636574294,356.9890244656828,2598.5293924122448,HIGH,CR01,2833.502257157322,1.090425324966961,3452.7009820430444,SYNTHETIC
BLST_2024_0849,2024,2024-10-16 12:59:56.632366696,219,3705,0.5432066808976111,217.8110487781249,57.557340906983974,3.3967483921308665,340.19224780472973,2839.13264263329,LOW,CR02,3038.5464569870514,1.0702375829009545,3365.3371309263084,SYNTHETIC
BLST_2024_0850,2024,2024-10-16 21:11:37.100093544,157,3975,0.4099713369818486,86.55081305585838,71.29022493781426,0.2,386.8103182448516,3151.0758663122842,MEDIUM,CR02,3017.2174680314442,0.957519779288115,3249.578180074877,SYNTHETIC
BLST_2024_0851,2024,2024-10-17 05:23:17.567820392,33,3930,0.4118460683549878,157.69694902237495,82.21017265223361,1.7171110028026122,331.4328841835277,2580.2798163526973,HIGH,CR02,2591.5384214227934,1.004363327185968,2971.6289131656076,SYNTHETIC
BLST_2024_0852,2024,2024-10-17 13:34:58.035547240,145,3645,0.41407933083478554,135.10026654887685,41.56221052423956,2.8895245489217602,334.84406587193314,2313.4446276829335,HIGH,CR02,2384.416923851167,1.0306781910052962,2792.9914156408586,SYNTHETIC
BLST_2024_0853,2024,2024-10-17 21:46:38.503274088,103,3735,0.34405967230080037,244.05819686128976,44.296827528313436,2.1026629200937297,371.1410787994448,3456.62196529836,HIGH,CR01,3782.107127115565,1.094162788145423,4460.511671607643,SYNTHETIC
BLST_2024_0854,2024,2024-10-18 05:58:18.971000936,266,4050,0.5839879786444175,130.29487122877012,71.76910251264417,2.180359029079777,338.2509806958176,2768.576714706165,MEDIUM,CR02,2718.3137722184706,0.9818452050756957,3138.005491125167,SYNTHETIC
BLST_2024_0855,2024,2024-10-18 14:09:59.438727780,139,4215,0.4922980738356826,145.20004167062496,51.39633491586028,4.148013318334199,335.84725137801405,1528.833605677543,HIGH,CR01,2243.4114146948837,1.4674006421389834,2536.539406950382,SYNTHETIC
BLST_2024_0856,2024,2024-10-18 22:21:39.906454628,219,4065,0.5782761852835352,92.75434186368024,61.991047107131436,3.443483997287852,370.8281801545386,2075.994656320797,HIGH,CR01,2373.6851705569507,1.1433965705690876,2615.7688216285705,SYNTHETIC
BLST_2024_0857,2024,2024-10-19 06:33:20.374181476,305,3705,0.48516041890267,159.97843814074622,66.46646196513888,1.8330509369139203,354.10399235907886,2842.5628303400567,HIGH,CR02,3121.3983317545913,1.0980929949686205,4067.2396308667635,SYNTHETIC
BLST_2024_0858,2024,2024-10-19 14:45:00.841908324,221,4260,0.3975032652100742,45.0,66.69192934327197,0.9558144601498944,323.739506764915,2852.5864714290424,HIGH,CR01,2554.732407268086,0.8955845625911062,2959.4817758227246,SYNTHETIC
BLST_2024_0859,2024,2024-10-19 22:56:41.309635172,532,3885,0.40287056209696004,221.40404472261872,63.612893102053704,1.7873394640718931,381.12208476771065,2334.385117097256,HIGH,CR01,2994.258278445225,1.2826753634243964,3490.986117727807,SYNTHETIC
BLST_2024_0860,2024,2024-10-20 07:08:21.777362020,57,4080,0.4396746369539081,126.53988795362133,76.05959097624986,2.74262661552659,352.8105129370715,1831.7108943448902,MEDIUM,CR01,2328.9877091059716,1.2714821516301196,2664.6162406327585,SYNTHETIC
BLST_2024_0861,2024,2024-10-20 15:20:02.245088868,89,4170,0.538805093581327,155.52721437063198,47.936271755958,2.955538663276451,333.99270877816235,2441.052310588954,LOW,CR01,2505.1737776460163,1.0262679610670007,3120.757172158145,SYNTHETIC
BLST_2024_0862,2024,2024-10-20 23:31:42.712815716,104,3600,0.6245345018802468,70.65779215639098,53.14303825382484,3.6459108993743636,361.35778308223223,2480.648523397498,HIGH,CR02,2435.9574310076864,0.9819841094099849,3052.8509506431014,SYNTHETIC
BLST_2024_0863,2024,2024-10-21 07:43:23.180542560,113,3840,0.41712973748640253,195.53935041687032,67.53313223980433,3.5296683781397844,330.2740969085513,2177.1519088320324,HIGH,CR02,2513.006031981455,1.1542630634945437,2903.0974832860597,SYNTHETIC
BLST_2024_0864,2024,2024-10-21 15:55:03.648269408,155,3945,0.3033403034512996,171.79477875881005,67.54642375013515,2.2610341689738904,351.6856170254699,2619.181253387414,HIGH,CR02,2658.9355364371004,1.0151781336241132,3215.9955375892014,SYNTHETIC
BLST_2024_0865,2024,2024-10-22 00:06:44.115996256,23,4275,0.484780868217258,73.32719379605044,87.56440539413921,2.920309809057169,321.7033568475257,3382.69075490425,HIGH,CR01,3103.8432319591143,0.9175663567410469,3301.734633116363,SYNTHETIC
BLST_2024_0866,2024,2024-10-22 08:18:24.583723104,31,3690,0.38589046172591523,145.07629730970606,73.26459149337396,4.559474206269635,381.90227717594786,2905.247896002961,HIGH,CR02,2835.353331939226,0.9759419620749417,3357.509010411494,SYNTHETIC
BLST_2024_0867,2024,2024-10-22 16:30:05.051449952,181,3765,0.60860829917212,147.20873127603173,40.26869586838809,5.1516028426588125,367.0387666491118,1445.3439902034265,HIGH,CR01,2011.759972269001,1.39189008699988,2608.364520945435,SYNTHETIC
BLST_2024_0868,2024,2024-10-23 00:41:45.519176800,194,3630,0.5538348004249328,198.26695135638653,77.50654047703262,5.191058824599827,374.03039354469564,1560.6499511578531,MEDIUM,CR02,2163.074415892783,1.3860087038018924,2633.098300451643,SYNTHETIC
BLST_2024_0869,2024,2024-10-23 08:53:25.986903648,201,3825,0.633814851476607,147.40488301293615,45.46646549276181,1.997913508073569,387.4869273976028,2493.186576242175,HIGH,CR01,2680.4924908699154,1.075127114999173,3266.3261628315745,SYNTHETIC
BLST_2024_0870,2024,2024-10-23 17:05:06.454630496,154,3765,0.6142817667848469,174.48309858750054,65.00728915438552,3.8331278178671093,390.72036424342303,1907.7230724232288,HIGH,CR01,2443.251932040083,1.2807162461670154,2790.372265162478,SYNTHETIC
BLST_2024_0871,2024,2024-10-24 01:16:46.922357340,111,3630,0.40364393601443227,183.20298019701042,60.82007291042081,2.142582548616659,340.88185159650686,2663.7419458900263,HIGH,CR01,2930.352774422426,1.100088835160539,3630.0362009797864,SYNTHETIC
BLST_2024_0872,2024,2024-10-24 09:28:27.390084188,148,3735,0.4324896278604351,220.291916981112,55.86155376705204,3.236157235101961,372.6606163744329,2307.4589517839067,HIGH,CR01,2765.8839392905197,1.1986709177002706,3118.95964887105,SYNTHETIC
BLST_2024_0873,2024,2024-10-24 17:40:07.857811036,29,4290,0.39643910847409053,190.9649770321317,52.063433241898935,4.908582616333294,378.21406806377314,3358.589492658887,HIGH,CR02,3315.21875120388,0.9870866202762184,4067.5461237479753,SYNTHETIC
BLST_2024_0874,2024,2024-10-25 01:51:48.325537884,137,3945,0.43800128301657126,215.16681763374083,58.2254982344362,1.710362979703317,350.04929522199416,2238.23353059378,LOW,CR02,2769.1732668260865,1.23721373528501,3307.2015878569227,SYNTHETIC
BLST_2024_0875,2024,2024-10-25 10:03:28.793264732,178,4245,0.5609830762240031,148.76417312690742,57.94093636168513,3.4607859529772584,355.4387950677218,2322.425482460452,HIGH,CR02,2566.389674756325,1.1050471561470336,3201.4363044920838,SYNTHETIC
BLST_2024_0876,2024,2024-10-25 18:15:09.260991580,215,3750,0.4929881573161483,160.4858046983308,67.92301928153242,1.454646158716437,328.49471797078274,3295.3678434667313,MEDIUM,CR01,3404.242143970646,1.0330385880046031,3840.5679679702043,SYNTHETIC
BLST_2024_0877,2024,2024-10-26 02:26:49.728718428,85,3675,0.5566812026266753,133.2828421632471,45.510326528951836,5.723767440068601,356.9107324999149,2721.27138250232,HIGH,CR01,3057.7571993504757,1.12365022430756,3664.39987561074,SYNTHETIC
BLST_2024_0878,2024,2024-10-26 10:38:30.196445276,65,3765,0.4965402827311587,162.68861899283598,62.46379707455262,4.504033776121756,364.9381723543362,3566.7941765767114,HIGH,CR01,3524.2316212727237,0.9880669998892849,4461.313810723222,SYNTHETIC
BLST_2024_0879,2024,2024-10-26 18:50:10.664172124,52,3930,0.40894400861655983,124.42299221756939,73.87325038493918,2.6513057538306906,342.53711454107514,2277.9229254790907,HIGH,CR01,2388.300345888667,1.0484552919569752,2851.205689336212,SYNTHETIC
BLST_2024_0880,2024,2024-10-27 03:01:51.131898968,602,4245,0.4351265409232793,232.25447333218182,77.66228480663725,4.297582860888721,337.5386186008624,3036.3570820834266,LOW,CR02,3698.586119901693,1.218099854501919,4502.603796213427,SYNTHETIC
BLST_2024_0881,2024,2024-10-27 11:13:31.599625816,107,3690,0.4467986944836601,188.048214073375,74.39134256608554,4.256192460881049,333.32302614987987,2499.106302022058,HIGH,CR01,2845.214742979267,1.1384928847072926,3446.090594899882,SYNTHETIC
BLST_2024_0882,2024,2024-10-27 19:25:12.067352664,99,4020,0.4192571709083434,165.21798954282656,46.30416116873117,3.720684983671526,335.53159456661484,2338.322054487309,HIGH,CR01,2535.878470640118,1.0844864015945506,2955.4224647144665,SYNTHETIC
BLST_2024_0883,2024,2024-10-28 03:36:52.535079512,117,3855,0.40819491359430304,122.99221230069577,36.449161074489275,1.356111385172295,323.63163447389724,2746.424918468985,MEDIUM,CR02,2460.467170592019,0.8958800053283906,2861.6308637399275,SYNTHETIC
BLST_2024_0884,2024,2024-10-28 11:48:33.002806360,61,4275,0.6195771930627441,139.55562192602483,55.960525751249904,3.7152350100719334,339.38292785045513,2721.414634849798,HIGH,CR02,2752.4083920649955,1.0113888405016636,3015.700359838299,SYNTHETIC
BLST_2024_0885,2024,2024-10-28 20:00:13.470533208,148,4245,0.4896930328005616,116.83529547336519,71.96360563304337,2.589924335159833,317.91815996622876,2355.2112975748464,MEDIUM,CR01,2502.866200270534,1.0626928474942896,3285.4427674226563,SYNTHETIC
BLST_2024_0886,2024,2024-10-29 04:11:53.938260056,37,3660,0.29673255431528855,289.3555602108943,46.10272902514687,4.598259658490434,345.12154484704104,2496.0667152108513,MEDIUM,CR01,2969.971904967732,1.1898607865202226,3449.7414992785566,SYNTHETIC
BLST_2024_0887,2024,2024-10-29 12:23:34.405986904,134,4005,0.3016778791103817,131.1818431338828,62.24907272149521,4.1846659283256065,335.0317131665123,3008.663950553049,MEDIUM,CR02,3141.985206367186,1.0443124449939416,3666.84507547588,SYNTHETIC
BLST_2024_0888,2024,2024-10-29 20:35:14.873713748,59,3780,0.44061114941114915,168.8593318714354,54.13747154192481,2.871161284609138,361.0325612418068,2183.509667310261,MEDIUM,CR01,2565.918927661276,1.175135134996715,2694.21487404434,SYNTHETIC
BLST_2024_0889,2024,2024-10-30 04:46:55.341440596,88,4080,0.39392838847327694,106.64500102489072,73.64235689921826,2.670880684948524,349.02755029493454,2296.455167062092,HIGH,CR01,2457.693488250504,1.070211830607905,2837.8435544757263,SYNTHETIC
BLST_2024_0890,2024,2024-10-30 12:58:35.809167444,270,4215,0.45606368975902806,136.97286700457445,44.867950241752986,1.8154595113753629,356.1320101957165,3012.748634681505,HIGH,CR01,3230.1350977869893,1.0721555262204825,4000.46207108778,SYNTHETIC
BLST_2024_0891,2024,2024-10-30 21:10:16.276894292,197,4140,0.34543084991104434,181.75744821213783,86.40533597951818,2.8381740789472483,319.31880233557075,2675.953415591051,HIGH,CR02,2719.7178963235306,1.016354724442321,3090.5806718251392,SYNTHETIC
BLST_2024_0892,2024,2024-10-31 05:21:56.744621140,82,3960,0.4812373286920075,100.93330766382698,32.43394617644462,5.801017371874593,359.0882661183712,3064.187886301313,HIGH,CR01,2858.3262202905657,0.9328168918978279,3228.6074216165753,SYNTHETIC
BLST_2024_0893,2024,2024-10-31 13:33:37.212347988,44,3810,0.41973097680496385,59.62258249818984,54.06727102041502,2.7630027555987113,338.9783638435804,2594.1663114994944,HIGH,CR01,2544.120556432939,0.9807083474776804,2956.2491603336516,SYNTHETIC
BLST_2024_0894,2024,2024-10-31 21:45:17.680074836,203,3930,0.5182767512307893,142.61209180694635,52.0066886283925,0.6117261358310597,325.3389791978174,2576.2640333901836,HIGH,CR01,2752.5418856263236,1.0684238299923672,3438.303425921123,SYNTHETIC
BLST_2024_0895,2024,2024-11-01 05:56:58.147801684,86,4230,0.2718860999773822,202.46167774415775,62.29501143008045,3.6753723012089368,343.64950012266894,2773.279644337417,MEDIUM,CR02,2778.1414151216145,1.001753076287898,3322.3559001213603,SYNTHETIC
BLST_2024_0896,2024,2024-11-01 14:08:38.615528528,190,4140,0.28859805670560584,149.38274854314238,68.7612303330109,1.154161839034971,304.33311310750946,3036.2235673179057,HIGH,CR01,3162.388261256853,1.041553163376041,3901.7851678073202,SYNTHETIC
BLST_2024_0897,2024,2024-11-01 22:20:19.083255376,75,3870,0.6193828127622052,131.33099838354403,56.42638064538996,4.932439163537188,365.87616979682724,2265.508029003399,HIGH,CR02,2401.918912307098,1.0602120502586372,2777.9237251820728,SYNTHETIC
BLST_2024_0898,2024,2024-11-02 06:31:59.550982224,157,3690,0.5043687391033018,147.64960669639225,43.473695430808775,4.430009382679494,378.59124795095653,2138.9399648437775,HIGH,CR02,2223.520013488347,1.0395429745737381,2463.885896679917,SYNTHETIC
BLST_2024_0899,2024,2024-11-02 14:43:40.018709072,149,3735,0.37073725653548395,209.9242690627343,60.93245546397145,2.907404899374114,322.481296986786,2289.2549503175023,HIGH,CR02,2745.6095478889506,1.199346340829428,3305.1897248018486,SYNTHETIC
BLST_2024_0900,2024,2024-11-02 22:55:20.486435920,170,4290,0.3396773235110471,174.52459484556175,53.193678671931735,2.529389639686248,368.9517913482908,2027.27516827379,HIGH,CR02,2258.455550374221,1.1140350287510694,2688.865833494599,SYNTHETIC
BLST_2024_0901,2024,2024-11-03 07:07:00.954162768,53,3825,0.4177688155747989,149.54722480445986,25.136915478289588,1.3182606330385342,397.50236292549863,1988.138730997478,HIGH,CR01,2310.235468654005,1.1620091860968509,2971.3448664031525,SYNTHETIC
BLST_2024_0902,2024,2024-11-03 15:18:41.421889616,47,4230,0.38417106093738956,140.82064247158795,51.3619193437881,3.298621222481308,364.4853867743549,2844.8995779677457,MEDIUM,CR01,2890.580441117427,1.0160571091870714,3373.64484393392,SYNTHETIC
BLST_2024_0903,2024,2024-11-03 23:30:21.889616464,83,4185,0.4778398465872821,113.84887577608947,73.58246915073133,2.9496812023599617,332.40935973369307,1859.9464847217027,HIGH,CR01,2186.6081110744244,1.1756295834509447,2628.8243546038366,SYNTHETIC
BLST_2024_0904,2024,2024-11-04 07:42:02.357343312,200,4140,0.421269461765989,140.63385866777892,64.9835238977612,2.946274885666282,388.0693521725111,2170.494371194132,HIGH,CR02,2268.612982857791,1.0452056512865673,2766.090012098838,SYNTHETIC
BLST_2024_0905,2024,2024-11-04 15:53:42.825070156,195,3615,0.38848864910746644,133.5646634876041,42.17280091279262,0.8354801554358993,360.5243729590465,2847.424074412069,HIGH,CR02,2647.864503645537,0.929915753484055,3087.3218598000985,SYNTHETIC
BLST_2024_0906,2024,2024-11-05 00:05:23.292797004,121,3930,0.3565843137758007,133.95466227648365,42.5252402289112,2.4093518265332716,323.72150599525173,2517.2481892043406,HIGH,CR01,2419.241046098748,0.9610657608074112,2764.2324436178046,SYNTHETIC
BLST_2024_0907,2024,2024-11-05 08:17:03.760523852,64,3735,0.5003408055816455,123.02293740319018,77.47067041573717,2.172005534046093,370.73277169182023,2934.1789198036713,HIGH,CR01,2818.6434719864455,0.9606242662853851,3523.8800744728364,SYNTHETIC
BLST_2024_0908,2024,2024-11-05 16:28:44.228250700,68,4020,0.3891732425287502,136.92804168377236,59.83868514984896,1.5366712675748584,332.49387239120557,2959.784135838926,HIGH,CR01,2998.6717748044553,1.013138674031884,3450.1777351734313,SYNTHETIC
BLST_2024_0909,2024,2024-11-06 00:40:24.695977548,174,3705,0.43854776134108875,162.67462159286092,44.61534426090855,4.494107031707106,343.4772978059009,2159.3033700562773,HIGH,CR02,2260.027214464876,1.0466464535763558,2522.900485536544,SYNTHETIC
BLST_2024_0910,2024,2024-11-06 08:52:05.163704396,122,4260,0.3625500047491218,84.37415230073546,62.57745686729716,2.528889416156302,327.1025454873231,2585.2314260947246,MEDIUM,CR02,2360.748843657266,0.9131673164067312,2802.6989829386093,SYNTHETIC
BLST_2024_0911,2024,2024-11-06 17:03:45.631431244,157,3885,0.3144876600295028,178.2620442467134,47.00167999807357,5.035224144928177,355.3067233071031,3212.912488939469,MEDIUM,CR01,3424.3008986826367,1.0657933916565974,3935.092194624111,SYNTHETIC
BLST_2024_0912,2024,2024-11-07 01:15:26.099158092,107,4170,0.44560192702290496,169.06899578961273,52.64261325498313,4.579644539561386,374.9845906744024,1777.3698931137924,HIGH,CR01,2363.8637592906775,1.3299785083843187,2901.981997586219,SYNTHETIC
BLST_2024_0913,2024,2024-11-07 09:27:06.566884936,84,3960,0.3244054144564734,58.72334226574229,45.22671362006283,4.860927015807109,367.64922300131616,2748.20220188631,HIGH,CR02,2323.320299459593,0.8453964187441934,2662.211982116477,SYNTHETIC
BLST_2024_0914,2024,2024-11-07 17:38:47.034611784,263,4290,0.4257084288374894,121.64119152683064,45.03142866597225,4.657741371859424,337.4818754210172,2187.423537272071,HIGH,CR01,2456.4536102865613,1.1229894752572687,2718.2746331891667,SYNTHETIC
BLST_2024_0915,2024,2024-11-08 01:50:27.502338632,137,4170,0.33839612848002415,155.70510287715206,37.862167741870536,1.0602611757277414,325.2103082379394,3036.431385249589,HIGH,CR01,2965.2260360321247,0.9765496597211561,3416.6494463557383,SYNTHETIC
BLST_2024_0916,2024,2024-11-08 10:02:07.970065480,132,4290,0.49001529638867086,147.961856814743,64.62031972938625,2.915218314720128,355.61229753903467,2437.925825718725,MEDIUM,CR02,2716.875785005061,1.114421019845466,3029.5791703245322,SYNTHETIC
BLST_2024_0917,2024,2024-11-08 18:13:48.437792328,122,4230,0.3392220551916021,121.74705412029175,63.801259932778095,1.5497750994700763,356.87815124980256,2705.493318199449,HIGH,CR02,2739.795593358094,1.0126787506470256,3294.40998656355,SYNTHETIC
BLST_2024_0918,2024,2024-11-09 02:25:28.905519176,50,3690,0.4383073958221342,189.14607596610546,71.32343002674634,3.12426117040427,381.82811623444474,2338.4488248114567,HIGH,CR01,2702.629994563747,1.1557362153442265,3173.2433463253606,SYNTHETIC
BLST_2024_0919,2024,2024-11-09 10:37:09.373246024,34,3900,0.5288448550292376,170.8745541719879,57.49618486970982,5.410699707769396,338.09035427114,2205.4570644479,HIGH,CR01,2706.3459041883184,1.2271133942323234,3108.3268962927646,SYNTHETIC
BLST_2024_0920,2024,2024-11-09 18:48:49.840972872,256,4050,0.4917964275849497,157.45613576844858,46.49241366294866,3.891094001495812,375.7044723384359,2508.380667381153,HIGH,CR02,2833.882479136235,1.1297657153827925,3208.9404124686425,SYNTHETIC
BLST_2024_0921,2024,2024-11-10 03:00:30.308699716,140,3810,0.4013503617402234,200.47936389137553,74.34462571474731,3.651947581615392,352.18375452610724,3005.6935047352626,HIGH,CR01,3355.4112167917874,1.1163517542642218,4076.170491166878,SYNTHETIC
BLST_2024_0922,2024,2024-11-10 11:12:10.776426564,43,4065,0.5987783597165345,159.09034955714742,43.776660442950174,2.2036950527032713,386.49969832433646,3340.8069441156263,LOW,CR02,3451.2009894673715,1.0330441259247827,4187.73894221968,SYNTHETIC
BLST_2024_0923,2024,2024-11-10 19:23:51.244153412,82,4215,0.5231958729312111,177.6742541680175,67.56820076086282,2.3100823921683222,379.17233694594034,2688.197550880589,HIGH,CR02,2829.3468395465766,1.0525070371482745,3228.34287844287,SYNTHETIC
BLST_2024_0924,2024,2024-11-11 03:35:31.711880260,297,3930,0.5776754814912999,136.06004707901582,58.239831523362724,2.4678499507903213,367.0635231656803,3032.0419968441747,MEDIUM,CR01,3152.4823329624733,1.039722515797491,3827.772931716658,SYNTHETIC
BLST_2024_0925,2024,2024-11-11 11:47:12.179607108,99,3750,0.44581407959349556,159.58211786698345,60.75208387310755,4.110555477797792,359.00026900919005,2629.2269957135013,HIGH,CR01,2803.475023467046,1.0662734819160256,3342.3466024444297,SYNTHETIC
BLST_2024_0926,2024,2024-11-11 19:58:52.647333956,111,3720,0.49385894255396384,155.32864135847746,57.94377857053808,2.1031542889119477,317.0155632348254,2377.467984791773,HIGH,CR01,2712.407363743041,1.1408807105264147,2918.011837979777,SYNTHETIC
BLST_2024_0927,2024,2024-11-12 04:10:33.115060804,70,3750,0.5536943410250951,213.35249507381226,90.0,4.633630958068437,360.4994845622838,2217.137957216931,HIGH,CR02,2429.5134914343885,1.0957881459411043,2690.357940418322,SYNTHETIC
BLST_2024_0928,2024,2024-11-12 12:22:13.582787652,53,4020,0.3374283458801775,152.58860969304493,59.311155298756944,3.1815152755391787,336.5853818796519,2959.8035115306693,HIGH,CR01,2925.255920204552,0.9883277416248989,3262.0160990536606,SYNTHETIC
BLST_2024_0929,2024,2024-11-12 20:33:54.050514500,71,3825,0.6356059881316704,182.7607846866066,41.18269140568143,2.8440418829023995,330.38474204643416,2792.623764124137,HIGH,CR02,3008.4303161003213,1.0772773456806377,3603.2812571749005,SYNTHETIC
BLST_2024_0930,2024,2024-11-13 04:45:34.518241344,152,4020,0.44083048177171763,136.8855899272025,58.867933579147504,3.2976439327444833,323.61777089351966,2721.286448067637,HIGH,CR01,2754.406133560386,1.0121705987681917,3200.5000060529096,SYNTHETIC
BLST_2024_0931,2024,2024-11-13 12:57:14.985968192,273,3840,0.41435976597488083,106.42621037901753,33.73164851909053,2.3952888177051967,321.1753333327196,2455.464018871229,MEDIUM,CR02,2701.745942550445,1.1002995449277366,3167.523865245469,SYNTHETIC
BLST_2024_0932,2024,2024-11-13 21:08:55.453695040,82,4290,0.36751883704693467,161.14847110071145,63.51656441983427,5.523323360363017,292.50368133755916,2850.5949830768,MEDIUM,CR02,2871.680075040313,1.0073967336954879,3179.12740543551,SYNTHETIC
BLST_2024_0933,2024,2024-11-14 05:20:35.921421888,219,3870,0.4088573111373731,140.10642133566938,41.800769291536525,3.8247601019054307,337.45764231336574,1953.7186990658993,HIGH,CR02,2277.268713884436,1.1656072672965818,2714.77174071561,SYNTHETIC
BLST_2024_0934,2024,2024-11-14 13:32:16.389148736,107,4050,0.6565195238088322,111.6085154947602,48.50505835249359,2.726390113833276,323.0232735916638,2519.6778746293835,HIGH,CR01,2648.094931410059,1.0509656643310266,3295.3904170140727,SYNTHETIC
BLST_2024_0935,2024,2024-11-14 21:43:56.856875584,261,3630,0.5907498373948328,145.1492612356744,68.59017067701213,5.372853995502052,347.26692231781715,2420.4308691887964,HIGH,CR02,2717.8851909092837,1.1228931284536867,3068.9248317811043,SYNTHETIC
BLST_2024_0936,2024,2024-11-15 05:55:37.324602432,61,3930,0.2606787696779195,153.11604006975682,41.47511010473205,3.274743450188735,338.36701311935536,2636.7758336435704,HIGH,CR01,2965.3448179578672,1.1246101318595108,3600.8610555700284,SYNTHETIC
BLST_2024_0937,2024,2024-11-15 14:07:17.792329280,118,3735,0.3768163167697745,182.09891127035021,72.625695365939,5.428552823531728,334.0579113173699,3158.3288705069576,HIGH,CR01,3299.948223797069,1.0448399641381803,3844.7036319449326,SYNTHETIC
BLST_2024_0938,2024,2024-11-15 22:18:58.260056124,132,3750,0.2920986702429756,108.8058332195636,66.92309937014008,3.82907394287654,333.38439340012815,3230.7211608855105,HIGH,CR02,2969.8454384150573,0.9192515511307854,3489.166307525492,SYNTHETIC
BLST_2024_0939,2024,2024-11-16 06:30:38.727782972,102,4215,0.3959374511434778,252.6882921020432,58.92554304361346,3.798801076756333,336.947453458643,1937.7881100664144,HIGH,CR02,2455.9392134319996,1.2673930656679622,2719.4854770459197,SYNTHETIC
BLST_2024_0940,2024,2024-11-16 14:42:19.195509820,97,3645,0.4184511518081303,113.58893729639159,58.460742486182255,0.2,348.1942004930005,2282.0003235769113,LOW,CR01,2292.317496106211,1.004521109143897,2672.2712883622285,SYNTHETIC
BLST_2024_0941,2024,2024-11-16 22:53:59.663236668,121,4155,0.5245639203700658,151.5742229419154,75.00587321557865,6.16761896470817,371.75987533943544,2301.267951155825,HIGH,CR01,2832.3024144949923,1.2307573366554088,3476.776027535165,SYNTHETIC
BLST_2024_0942,2024,2024-11-17 07:05:40.130963516,32,3615,0.2874730848388892,78.50048753855138,61.797550385799944,1.3475029754644448,353.8575737805045,2697.1432344696163,HIGH,CR01,2599.6031988869117,0.9638357969513305,3096.0831543569075,SYNTHETIC
BLST_2024_0943,2024,2024-11-17 15:17:20.598690364,75,4035,0.33035603860530033,192.74466006421034,56.83994192594098,3.7292908162053946,346.4334488640803,2170.2690090423175,MEDIUM,CR01,2413.4738595531758,1.1120620759442987,2768.897728363696,SYNTHETIC
BLST_2024_0944,2024,2024-11-17 23:29:01.066417212,38,3675,0.37149471361989217,96.23916329032579,56.203713658689836,3.959766077819413,348.1878743467765,2274.3065743304296,HIGH,CR01,2317.4180810649773,1.018955890653062,2654.5723631532787,SYNTHETIC
BLST_2024_0945,2024,2024-11-18 07:40:41.534144060,61,3735,0.4554809859823302,107.22460015670352,64.87940488881061,3.0378670444034257,375.49282312390795,2194.671126117208,HIGH,CR02,2330.583908755124,1.061928541830489,2781.6423579784,SYNTHETIC
BLST_2024_0946,2024,2024-11-18 15:52:22.001870904,348,3900,0.3634802255167341,82.491904120727,77.01435045609318,3.8179329164862894,338.2917955636095,2687.627148551736,HIGH,CR01,2804.506856774956,1.0434880665222488,3086.34122099411,SYNTHETIC
BLST_2024_0947,2024,2024-11-19 00:04:02.469597752,48,3690,0.4934984602131794,208.62548196716796,57.64431362942179,2.8332237405843586,349.60722075009915,2876.2149381581066,HIGH,CR01,3037.9694090159537,1.0562386589096269,3630.0428995437082,SYNTHETIC
BLST_2024_0948,2024,2024-11-19 08:15:42.937324600,99,4035,0.7052709054150155,90.95722470207528,66.64783067310408,3.204099060810215,342.2473125964717,2638.3551395945888,HIGH,CR01,2754.7434055029494,1.0441139496960385,3239.418931568607,SYNTHETIC
BLST_2024_0949,2024,2024-11-19 16:27:23.405051448,142,3615,0.40264446786916186,219.18718742277736,42.93167937970459,3.7125451002177465,346.2132747484396,2135.4928042047263,HIGH,CR02,2484.7535998486073,1.1635504436990824,2750.8573435769595,SYNTHETIC
BLST_2024_0950,2024,2024-11-20 00:39:03.872778296,366,3660,0.23033644495009648,169.05350625269028,68.93841296774676,3.768841196689184,363.90713401955577,2338.2625385243323,HIGH,CR02,2657.2611429806584,1.136425486531399,2878.8714937813234,SYNTHETIC
BLST_2024_0951,2024,2024-11-20 08:50:44.340505144,187,4050,0.5574037087987614,97.69556230420898,54.28408377576379,3.387517317845853,333.60773680280573,2630.711784157957,HIGH,CR02,2605.813904208845,0.9905356869197736,2901.5087516860417,SYNTHETIC
BLST_2024_0952,2024,2024-11-20 17:02:24.808231992,431,4200,0.35993290199480277,124.03406571928582,73.5916384686623,2.384571404206076,354.6725270248863,2664.1366176439187,MEDIUM,CR01,3128.5833502245346,1.1743329262863997,3713.7340573779534,SYNTHETIC
BLST_2024_0953,2024,2024-11-21 01:14:05.275958840,26,3975,0.46599315767258964,163.61616177415357,35.989713126289885,3.6702052999165886,367.85794653966843,2600.805073495144,MEDIUM,CR01,2936.813612601441,1.1291940493851564,3413.8759538968548,SYNTHETIC
BLST_2024_0954,2024,2024-11-21 09:25:45.743685688,41,3615,0.6517362737225639,174.39382780677488,53.105632825709094,5.177061930729881,367.4787650837201,2419.3172391986704,HIGH,CR02,2456.950594580036,1.0155553619722193,2851.798196081759,SYNTHETIC
BLST_2024_0955,2024,2024-11-21 17:37:26.211412532,115,4140,0.6654198233356936,146.67528843981404,36.65224175477161,4.5819100475883765,375.61975358345245,2567.3170054087286,HIGH,CR02,2611.8296543344018,1.0173381973600828,3093.3248472333385,SYNTHETIC
BLST_2024_0956,2024,2024-11-22 01:49:06.679139380,55,4185,0.3652098194225196,135.89179559139444,72.39494756835089,4.608423260894715,344.77030773525155,2402.1649927470366,HIGH,CR01,2711.7218233755652,1.1288657654920404,3069.0138130449104,SYNTHETIC
BLST_2024_0957,2024,2024-11-22 10:00:47.146866228,178,3990,0.4403081430370735,159.26935245469497,88.2404977720856,3.5825970612450484,361.49429454231984,3007.659221139513,HIGH,CR01,3118.897761113273,1.0369850876694784,3632.3381443028434,SYNTHETIC
BLST_2024_0958,2024,2024-11-22 18:12:27.614593076,74,3660,0.4596996177138232,68.18137056640532,53.48007114297877,3.492315190453607,341.77861054226366,2519.325220286313,MEDIUM,CR02,2415.978960130824,0.9589785950129359,2859.275305126091,SYNTHETIC
BLST_2024_0959,2024,2024-11-23 02:24:08.082319924,115,3885,0.6921047036286818,166.2433664213821,61.3988845160459,3.000548103702715,347.18595226631385,2171.8950092813657,HIGH,CR02,2345.254111287775,1.0798192828224096,2863.916067505224,SYNTHETIC
BLST_2024_0960,2024,2024-11-23 10:35:48.550046772,30,3945,0.4037060132840806,132.39385449937888,45.19573429396935,1.0987000009463328,367.4667062542458,2311.461778260944,HIGH,CR01,2537.908462558902,1.0979668737885548,3074.518469384158,SYNTHETIC
BLST_2024_0961,2024,2024-11-23 18:47:29.017773620,100,4155,0.604378673118355,150.9198850098651,58.81998375556438,3.1862426940078348,350.0503063291818,3340.7125895141403,HIGH,CR02,3121.3658431750155,0.9343413297427583,3783.1212804133193,SYNTHETIC
BLST_2024_0962,2024,2024-11-24 02:59:09.485500468,168,4230,0.40372346153332683,178.76408602764673,38.658730905991426,3.395554545589983,407.2452715456904,2470.450879521272,MEDIUM,CR01,2575.3835722630683,1.0424751180489493,3240.667915731682,SYNTHETIC
BLST_2024_0963,2024,2024-11-24 11:10:49.953227312,159,4140,0.5133952933209529,121.76321318283239,62.371889782117776,3.9796625976867843,350.3950084611872,2402.9862578000134,HIGH,CR02,2567.462970572263,1.0684467970794107,3095.058925708554,SYNTHETIC
BLST_2024_0964,2024,2024-11-24 19:22:30.420954160,161,4095,0.2713472041615154,120.6942628351248,56.124207859647555,4.104536982481997,314.3849560925608,2573.694242050857,MEDIUM,CR01,2515.932309680907,0.9775568008716053,2983.965048941198,SYNTHETIC
BLST_2024_0965,2024,2024-11-25 03:34:10.888681008,81,4080,0.3392782499507599,144.0451352858518,61.971903113833406,1.6485557251871015,343.9749765415755,2382.1910525748535,MEDIUM,CR01,2683.453430765007,1.1264644067336773,3099.244722751805,SYNTHETIC
BLST_2024_0966,2024,2024-11-25 11:45:51.356407856,82,4065,0.3102613402936526,149.58585240516504,68.88719856777557,2.0798929546392007,343.80424872402784,2668.716691896558,HIGH,CR02,2491.3521758046786,0.9335393986816064,2967.045646049847,SYNTHETIC
BLST_2024_0967,2024,2024-11-25 19:57:31.824134704,85,3915,0.5649811603865358,93.99450788570937,70.54943680008282,2.4418463924874896,350.56941582218855,2231.732161727716,MEDIUM,CR02,1858.9482109991352,0.832962056504134,2066.765256149043,SYNTHETIC
BLST_2024_0968,2024,2024-11-26 04:09:12.291861552,52,3690,0.4734620165089654,79.83369105969894,57.303177797814,1.8532830953431625,349.6119842860035,2703.186237662936,MEDIUM,CR01,2724.929140476268,1.0080434350065832,3356.087079533889,SYNTHETIC
BLST_2024_0969,2024,2024-11-26 12:20:52.759588400,151,3855,0.5401358582746894,273.57093127322014,42.15535174556655,2.566693066508815,365.05442609721985,2402.8561601119877,HIGH,CR01,2721.8752143350976,1.1327666048092706,3471.365116405674,SYNTHETIC
BLST_2024_0970,2024,2024-11-26 20:32:33.227315248,95,3885,0.5072120151581303,69.59188368334586,61.335390545255486,2.523797265026182,356.3414090493769,3073.2755565537577,HIGH,CR01,2928.715066955451,0.9529620800549331,3424.2243021370596,SYNTHETIC
BLST_2024_0971,2024,2024-11-27 04:44:13.695042092,568,4035,0.4607578809566768,196.5504738082056,59.95618698611199,1.6685932539336819,402.22152456818526,2758.030217517122,HIGH,CR02,3214.196654342228,1.1653957356695548,3374.9064870593397,SYNTHETIC
BLST_2024_0972,2024,2024-11-27 12:55:54.162768940,64,4215,0.5052189485434653,147.34226547214487,52.01881803812951,2.879642941899814,327.0306005124998,2941.490200607245,HIGH,CR02,2769.758956263587,0.9416176044685768,3455.1663041616594,SYNTHETIC
BLST_2024_0973,2024,2024-11-27 21:07:34.630495788,61,4020,0.3814979231360557,131.68117592593347,50.56822415129287,5.772730325883357,306.9006955899979,1901.0450198531107,HIGH,CR01,2340.0053425381675,1.2309047487570675,3080.833206904415,SYNTHETIC
BLST_2024_0974,2024,2024-11-28 05:19:15.098222636,60,4290,0.3841842763785395,117.56055036185934,79.11235660751566,2.7577237396085224,341.6585239569186,2628.927489444364,HIGH,CR01,2656.119549593249,1.0103434043951636,3250.6637462042545,SYNTHETIC
BLST_2024_0975,2024,2024-11-28 13:30:55.565949484,100,3945,0.4572625853469225,101.76671184278236,37.1509619816629,3.451483697027739,338.91374577573663,2387.002899257572,MEDIUM,CR01,2755.0735945029874,1.1541978417202157,3122.025496893348,SYNTHETIC
BLST_2024_0976,2024,2024-11-28 21:42:36.033676332,76,3855,0.31887047649564815,122.4031998117155,57.79678251067703,3.154405276294801,353.36997589531245,2952.473569682236,HIGH,CR02,2667.005472985865,0.9033122261862975,3148.6619224468886,SYNTHETIC
BLST_2024_0977,2024,2024-11-29 05:54:16.501403180,208,4275,0.4951052682043626,242.25499294031604,74.64168049663093,1.7875141932197094,340.3370685007777,3130.3283067354396,LOW,CR01,3035.0440939879472,0.9695609522673797,3518.6145302702,SYNTHETIC
BLST_2024_0978,2024,2024-11-29 14:05:56.969130028,147,3735,0.5029511759086702,171.92381011640285,60.81255419873191,3.685432969814853,344.5063714209076,2670.9598972990007,LOW,CR02,2843.662533378686,1.064659389403162,3362.7839625961856,SYNTHETIC
BLST_2024_0979,2024,2024-11-29 22:17:37.436856876,153,3795,0.3994284798040849,145.84784223071878,52.340372471629564,3.4504142292385183,347.0897014104557,2593.2114930350876,HIGH,CR01,2866.0319108098206,1.1052056180174585,3345.4763697028197,SYNTHETIC
BLST_2024_0980,2024,2024-11-30 06:29:17.904583720,47,4290,0.31015747992841525,160.04772139590995,45.08799114982502,4.127924290787928,370.90815230648934,2797.956048503298,HIGH,CR01,2911.134058705369,1.0404502459081204,3364.1893630441928,SYNTHETIC
BLST_2024_0981,2024,2024-11-30 14:40:58.372310568,266,4215,0.2643309756811615,124.01551801883883,56.34619471882166,2.6177735825994306,375.4413577335441,2316.123297434283,HIGH,CR01,2465.3278329847653,1.06441994505032,3023.0932759819575,SYNTHETIC
BLST_2024_0982,2024,2024-11-30 22:52:38.840037416,15,3915,0.38796805674783397,130.4867419213096,51.16954441268968,1.8757285628289204,350.1762478301372,2606.2746667803463,HIGH,CR01,2561.2291839850595,0.9827165250963615,3008.276206381313,SYNTHETIC
BLST_2024_0983,2024,2024-12-01 07:04:19.307764264,48,3705,0.34473158278834687,85.16960060813895,57.91850334330583,2.0590592655173925,355.220230259962,2923.150861007577,HIGH,CR01,2942.7508124995716,1.0067050769611112,3634.901608701834,SYNTHETIC
BLST_2024_0984,2024,2024-12-01 15:15:59.775491112,61,4110,0.511633639854101,179.92519699538462,54.296640170512894,5.000689573225949,355.98931047708,1930.7401862391316,LOW,CR02,1985.4600819061338,1.0283414081589044,2498.3335517419514,SYNTHETIC
BLST_2024_0985,2024,2024-12-01 23:27:40.243217960,47,4290,0.42823829001905495,120.3571157761811,68.46080656572009,5.889829866963602,361.00826379382585,2727.2982073876615,MEDIUM,CR01,2563.914359182386,0.9400931486836664,3025.337486198351,SYNTHETIC
BLST_2024_0986,2024,2024-12-02 07:39:20.710944808,105,3780,0.42582285042012435,79.60986926645931,54.348515031598865,4.745740661397242,346.57316934030007,3305.579066274794,HIGH,CR01,2933.1827842169387,0.8873431024968568,3350.4194854585894,SYNTHETIC
BLST_2024_0987,2024,2024-12-02 15:51:01.178671656,190,3930,0.404779460694234,159.95763101359708,47.76031336849149,2.6244908179417923,349.03669635419254,2134.470876852908,HIGH,CR02,2413.2705920958665,1.1306177180801007,3002.2268498751605,SYNTHETIC
BLST_2024_0988,2024,2024-12-03 00:02:41.646398500,329,3780,0.40996456309095275,149.82785098606774,31.341773985364995,3.0327167005533626,331.3307928398698,2293.8754159397786,HIGH,CR01,2831.3500738253415,1.2343085653870896,3526.513407614226,SYNTHETIC
BLST_2024_0989,2024,2024-12-03 08:14:22.114125348,159,3630,0.4645506552631617,133.24075032377746,51.596330555248485,4.1714546186601495,351.8557972528208,2160.1874321457194,HIGH,CR01,2653.535266150197,1.228381957353781,3130.893843457721,SYNTHETIC
BLST_2024_0990,2024,2024-12-03 16:26:02.581852196,50,3930,0.38746542072284784,206.74098961673062,52.473152232210964,4.339469358853798,334.68672606445386,2453.551097604907,HIGH,CR01,2868.3678529834424,1.169067909685463,3445.1896292327674,SYNTHETIC
BLST_2024_0991,2024,2024-12-04 00:37:43.049579044,64,3930,0.6387798244955419,151.99940475223798,50.86593422272601,3.6187718680028715,342.58590794225154,2183.0905475236113,HIGH,CR01,2518.554050737824,1.1536644934836742,2946.929098309372,SYNTHETIC
BLST_2024_0992,2024,2024-12-04 08:49:23.517305892,44,4260,0.4599009622702343,142.8728465033857,46.23759891139656,4.417007914697958,345.43802085313524,2690.758778698631,MEDIUM,CR01,3015.1370567903623,1.1205527157096613,3398.6284888697724,SYNTHETIC
BLST_2024_0993,2024,2024-12-04 17:01:03.985032740,459,3900,0.6356216567395285,130.30132232693012,46.00098647411849,4.7766638311621215,345.57548698697843,2638.843666554518,HIGH,CR02,3159.2922673857197,1.1972260075227343,3327.4012834073915,SYNTHETIC
BLST_2024_0994,2024,2024-12-05 01:12:44.452759588,121,3870,0.38439508095996,56.04951109821049,53.31310873341987,5.417658549092664,365.8153101312922,2244.606948059548,MEDIUM,CR02,2260.494532241535,1.0070781141418643,2434.6026260389845,SYNTHETIC
BLST_2024_0995,2024,2024-12-05 09:24:24.920486436,29,4140,0.4633157579683051,193.09432022185985,58.78882826148188,3.640809729732419,393.8400788859286,2249.2111774674886,HIGH,CR02,2486.8166543884386,1.1056394700956818,3187.2333857284775,SYNTHETIC
BLST_2024_0996,2024,2024-12-05 17:36:05.388213280,133,4260,0.48788096053579455,138.46515507521426,59.81314036605051,4.666851515199354,374.40765380053875,2627.5539272049614,HIGH,CR01,2831.3209480602372,1.0775500813686558,3334.3925153690693,SYNTHETIC
BLST_2024_0997,2024,2024-12-06 01:47:45.855940128,220,4170,0.5926078122212682,114.7374675218312,73.58247066807455,2.764595359239815,350.2548673040812,2471.939065093839,HIGH,CR02,2507.9047499284316,1.0145495839045804,3014.582201984494,SYNTHETIC
BLST_2024_0998,2024,2024-12-06 09:59:26.323666976,47,3930,0.4686478717724747,192.85362306150634,67.0125339796984,3.5684595900379845,360.94631118242603,2655.6771463021496,HIGH,CR02,2796.5347523157,1.0530401845757815,3269.0241962939763,SYNTHETIC
BLST_2024_0999,2024,2024-12-06 18:11:06.791393824,72,4095,0.5295716225385855,209.43050391920008,48.469098775169904,1.526277127627998,321.5921228689222,2385.5587256662825,HIGH,CR01,2753.395473050847,1.1541931218992851,3327.1017031211677,SYNTHETIC
BLST_2024_1000,2024,2024-12-07 02:22:47.259120672,38,3960,0.48070529070456536,105.19693702805796,54.46154430739331,1.6731165704983502,340.7508412393116,1968.5494247242118,HIGH,CR02,2106.5446671329305,1.0700999632905084,2548.8536424680606,SYNTHETIC
BLST_2024_1001,2024,2024-12-07 10:34:27.726847520,113,3870,0.514652574585949,162.72670919862088,61.06810566946227,0.28533162908796195,352.99884392440504,2405.561751872717,HIGH,CR01,2617.035086503561,1.087910166706888,2916.7071489271448,SYNTHETIC
BLST_2024_1002,2024,2024-12-07 18:46:08.194574368,63,3750,0.35716093432109414,115.99649915926253,64.94608366753576,2.444750561267303,368.13438859080367,1959.8510523312325,HIGH,CR01,2300.4647019118133,1.1737956816541864,2682.583950842468,SYNTHETIC
BLST_2024_1003,2024,2024-12-08 02:57:48.662301216,87,4065,0.4066933794073023,127.78058630158868,60.18047918030771,2.5665220072089827,361.998008679658,2464.0709506526214,HIGH,CR01,2817.116719606893,1.1432774364150375,3204.946546301145,SYNTHETIC
BLST_2024_1004,2024,2024-12-08 11:09:29.130028064,191,4290,0.3600789752654174,122.5829907888373,54.442000856920274,1.0762441878546518,319.95545166841526,2850.1437136276127,HIGH,CR01,2920.5888742263724,1.0247163538673278,3663.538137396239,SYNTHETIC
BLST_2024_1005,2024,2024-12-08 19:21:09.597754908,242,3765,0.4402173567963902,86.8688752791598,65.90420066296713,3.3341056369297517,349.5460094012555,2834.3006312570838,HIGH,CR02,2766.0088483599648,0.9759052437331498,3460.37760662102,SYNTHETIC
BLST_2024_1006,2024,2024-12-09 03:32:50.065481756,136,4080,0.41555328229251837,152.40829138929826,43.30263606216748,1.132660254254794,378.97243769127846,2117.44705000646,HIGH,CR01,2192.0002079688493,1.035208983366154,2644.182515636063,SYNTHETIC
BLST_2024_1007,2024,2024-12-09 11:44:30.533208604,907,4155,0.34405120716420645,127.07357722234711,60.34065612823086,3.404145940589552,356.6370745355982,2589.213661750113,HIGH,CR01,3170.451042447302,1.2244841317206385,3707.351695042571,SYNTHETIC
BLST_2024_1008,2024,2024-12-09 19:56:11.000935452,113,4275,0.39356687249544364,179.2994468689356,49.18581203923375,3.490475697655685,338.65966089836877,2034.9460874951455,MEDIUM,CR01,2530.685811454425,1.2436131979149851,3249.095544820813,SYNTHETIC
BLST_2024_1009,2024,2024-12-10 04:07:51.468662300,164,4080,0.46579079115198746,99.09392520035436,41.33945338409973,2.2980495480243186,354.51885388178107,2837.9192091185855,HIGH,CR01,2778.3164051833696,0.978997709397891,3248.283048786168,SYNTHETIC
BLST_2024_1010,2024,2024-12-10 12:19:31.936389148,87,4185,0.4458658403644898,113.96777100829689,43.26917616313003,3.9626534854906783,332.07546903660085,2158.061432438152,LOW,CR01,2461.919265951443,1.140801289966058,3301.5878429431777,SYNTHETIC
BLST_2024_1011,2024,2024-12-10 20:31:12.404115996,67,4035,0.5233689731403035,151.09448236549073,49.355318662656614,1.5879199017381807,363.5870835673264,2781.3630503907393,HIGH,CR02,2762.4155773349185,0.9931877023198539,3388.063048704982,SYNTHETIC
BLST_2024_1012,2024,2024-12-11 04:42:52.871842844,46,3825,0.3991864888100573,114.89484632508555,56.108024299285276,4.210460802673817,358.79482791206357,2475.602930451392,HIGH,CR01,2620.8650416177275,1.0586774677713962,2903.5865452696894,SYNTHETIC
BLST_2024_1013,2024,2024-12-11 12:54:33.339569688,69,3615,0.4430503045213507,194.12051819137153,41.63257697150809,1.9148597136500791,392.6666146086439,2455.913900120923,HIGH,CR01,2766.183901634054,1.1263358627913846,3166.253776459736,SYNTHETIC
BLST_2024_1014,2024,2024-12-11 21:06:13.807296536,38,3780,0.5399093506622551,139.9721988151065,36.40346526394927,3.170676518160414,351.1485154955937,2361.9094419201188,HIGH,CR02,2515.5542144324745,1.065051085272537,2959.367209986012,SYNTHETIC
BLST_2024_1015,2024,2024-12-12 05:17:54.275023384,29,3990,0.4645998758564154,134.57692395482104,38.883363838817424,2.879505331882009,384.30842195598467,2286.271267737136,LOW,CR02,2033.6598120329475,0.8895094124354659,2374.51517746851,SYNTHETIC
BLST_2024_1016,2024,2024-12-12 13:29:34.742750232,101,4095,0.29027419772943386,177.76333535023502,55.645369159721554,4.060400521658719,382.083642402922,2457.341138588357,HIGH,CR02,2572.4805647434987,1.046855287752715,3017.6491650443945,SYNTHETIC
BLST_2024_1017,2024,2024-12-12 21:41:15.210477080,92,3690,0.5907948882597378,165.7353925721627,63.94781906265163,4.470033814187682,356.63643093553407,2448.737199492538,HIGH,CR02,2758.156978709981,1.1263589164576606,3325.5738043419587,SYNTHETIC
BLST_2024_1018,2024,2024-12-13 05:52:55.678203928,235,3630,0.5365362959326895,176.13321885538326,57.581424291766105,3.6954278215970677,349.53253716008214,2626.1183448395345,HIGH,CR02,2824.156947864,1.0754111494684244,3193.0008451373674,SYNTHETIC
BLST_2024_1019,2024,2024-12-13 14:04:36.145930776,250,3750,0.38178737301554266,140.86927210198692,50.68427819287923,2.315588643338371,360.5948564811965,2077.8736758258165,HIGH,CR02,2483.431940932558,1.1951794614971285,2874.213362685027,SYNTHETIC
BLST_2024_1020,2024,2024-12-13 22:16:16.613657624,131,3765,0.4074269929450883,159.39594535312426,63.54427125499373,2.408530527628676,367.0910391666615,2494.765654358968,MEDIUM,CR02,2419.169515336453,0.9696981001440237,2811.7148012103344,SYNTHETIC
BLST_2024_1021,2024,2024-12-14 06:27:57.081384468,112,3870,0.4741711222383205,158.15850121305854,61.320240446528445,2.8751474947546685,358.3380247816768,1944.640923507534,HIGH,CR02,2201.17509978141,1.1319185321941942,2651.514787256862,SYNTHETIC
BLST_2024_1022,2024,2024-12-14 14:39:37.549111316,77,3855,0.5648407747487341,178.1352884188206,69.41597485500971,2.9640467619529285,374.04347662861795,2435.791184899747,HIGH,CR02,2885.344511788373,1.1845615213962313,3298.18829875364,SYNTHETIC
BLST_2024_1023,2024,2024-12-14 22:51:18.016838164,144,3660,0.5344474702963763,187.26857852365418,75.42503532934734,2.815954694549947,378.53948327328726,3442.1125861951546,HIGH,CR02,3130.498913122549,0.9094702264178239,3660.4924460725956,SYNTHETIC
BLST_2024_1024,2024,2024-12-15 07:02:58.484565012,108,4005,0.5055738301599405,277.7930210193957,80.33144558836358,1.4726629559592417,365.9786217411848,2458.537571053971,MEDIUM,CR01,3000.138547839826,1.2202939597761249,3297.7622451300517,SYNTHETIC
BLST_2024_1025,2024,2024-12-15 15:14:38.952291860,51,3945,0.37056238601461555,162.2364621745216,59.29223286376297,2.3497247414992772,348.20441500657586,2116.841671283818,HIGH,CR02,2474.0874043912777,1.1687635584435552,2816.1318860203924,SYNTHETIC
BLST_2024_1026,2024,2024-12-15 23:26:19.420018708,213,4035,0.2809387596923994,179.6943597493506,47.83935753107245,5.512877304792507,384.30960479360493,2401.1959197763176,HIGH,CR02,2820.42539825486,1.17459195021354,3473.240185785032,SYNTHETIC
BLST_2024_1027,2024,2024-12-16 07:37:59.887745556,80,3780,0.6618428511193978,180.20376132102928,82.27716164425001,2.135249945407013,357.7140497193713,2243.388707126914,HIGH,CR01,2588.158104254331,1.1536824162625654,2750.392395502132,SYNTHETIC
BLST_2024_1028,2024,2024-12-16 15:49:40.355472404,178,4065,0.3864205455385572,109.87462673727838,67.72198753375667,2.9374804546527353,343.49332129862916,2439.5705575806433,HIGH,CR01,2538.621955381279,1.0406019811531364,3014.713107428049,SYNTHETIC
BLST_2024_1029,2024,2024-12-17 00:01:20.823199252,206,4230,0.5072138259896508,107.14250262774988,54.249438984405614,3.8952059245050656,345.4007133519321,2528.716097822172,LOW,CR01,2521.435502988474,0.9971208334379774,2937.2825024413546,SYNTHETIC
BLST_2024_1030,2024,2024-12-17 08:13:01.290926096,85,4020,0.6734733237285995,143.43463599403756,78.07379401568642,2.855673877755754,339.7743375275851,2618.5656831460465,HIGH,CR01,2783.6719935422,1.0630521935954604,3149.827303772512,SYNTHETIC
BLST_2024_1031,2024,2024-12-17 16:24:41.758652944,47,3825,0.39223306152548704,168.3823158478205,64.03524445773058,2.6457448794356946,370.511167114354,3642.8291128265437,MEDIUM,CR01,3290.349806789235,0.9032402302934784,3833.7888823927083,SYNTHETIC
BLST_2024_1032,2024,2024-12-18 00:36:22.226379792,258,4080,0.2915276981787079,172.47836540551626,58.36047283204519,4.75551009552417,364.71926407445557,2392.702871352821,HIGH,CR01,2693.280439687965,1.1256226052694955,3182.01276150733,SYNTHETIC
BLST_2024_1033,2024,2024-12-18 08:48:02.694106640,117,3945,0.46299311289949996,112.89771020454268,41.35463083168947,2.5035063657642294,334.86175551391017,2506.9471814166727,HIGH,CR02,2477.294397781394,0.9881717557294039,3075.3509173017233,SYNTHETIC
BLST_2024_1034,2024,2024-12-18 16:59:43.161833488,51,4005,0.6567762506513906,165.23341445059486,47.232614857275955,5.149326419949681,353.29647261411947,2513.4927864486,HIGH,CR01,2649.9472586334364,1.0542887860751085,3014.1098338780826,SYNTHETIC
BLST_2024_1035,2024,2024-12-19 01:11:23.629560336,45,3735,0.36015411404225633,252.10679515052448,54.34493134372253,2.168413024635175,372.8004422408656,2457.8140886685037,HIGH,CR01,2619.048197368635,1.0656006121225705,2913.1264195650256,SYNTHETIC
BLST_2024_1036,2024,2024-12-19 09:23:04.097287184,219,3765,0.44640603980387017,157.74937777344883,82.29483125096375,5.54999152737382,349.6485647893667,2839.2993115107774,LOW,CR02,2630.4301708735243,0.9264363782323058,2868.686164220354,SYNTHETIC
BLST_2024_1037,2024,2024-12-19 17:34:44.565014032,185,3840,0.3769622108800595,200.54215429061668,37.701771102136675,5.5399547584473865,384.74699813565076,1826.4832750595215,HIGH,CR02,2459.126990920074,1.346372575374355,3108.611785439046,SYNTHETIC
BLST_2024_1038,2024,2024-12-20 01:46:25.032740876,165,3645,0.41486169408845713,116.95657066443889,56.433152972049655,3.329394976929026,313.62217209218295,2410.7060480290706,HIGH,CR01,2593.337122096096,1.0757583340433978,3009.1879679891003,SYNTHETIC
BLST_2024_1039,2024,2024-12-20 09:58:05.500467724,58,3600,0.522082309668523,129.37784249370011,76.31632538556548,1.8322672918374707,350.9411044180705,2159.0738510870788,MEDIUM,CR02,2217.41986508738,1.0270236305121867,2615.7943983343976,SYNTHETIC
BLST_2024_1040,2024,2024-12-20 18:09:45.968194572,308,4065,0.25877573444811625,174.212438677169,86.24518610705897,3.533828035234846,373.2603816167736,2689.201483695351,MEDIUM,CR02,3124.0066408399935,1.161685600644232,3591.620316464305,SYNTHETIC
BLST_2024_1041,2024,2024-12-21 02:21:26.435921420,553,3915,0.561300020604651,130.05388379458873,58.03498074339102,4.011181777224745,367.9041165777248,2853.1991692258935,MEDIUM,CR01,3210.095428747234,1.125086346361923,3478.3565618678813,SYNTHETIC
BLST_2024_1042,2024,2024-12-21 10:33:06.903648268,166,4080,0.404729752070081,151.78057736643422,60.0677474747032,2.548971344090796,334.2580827810141,3169.083246651384,HIGH,CR02,3141.728979405594,0.9913683973828413,3771.225600411076,SYNTHETIC
BLST_2024_1043,2024,2024-12-21 18:44:47.371375116,95,4290,0.597817344442331,93.73331373728293,37.90460525200835,6.831981910034079,376.8036513378243,2371.1309318741837,HIGH,CR02,2366.759592393287,0.998156432686979,2606.4533459395975,SYNTHETIC
BLST_2024_1044,2024,2024-12-22 02:56:27.839101964,133,3630,0.524912317193658,190.31130541080674,45.38937597891372,2.82222073981103,338.58057209625326,3106.9976846404234,HIGH,CR02,3184.2051623219795,1.0248495446466648,3805.9171625098516,SYNTHETIC
BLST_2024_1045,2024,2024-12-22 11:08:08.306828812,73,4260,0.43852512583097714,131.85906732420975,43.26255193023187,1.3263960877972736,366.32519229174386,2275.4471870113457,HIGH,CR01,2556.221786301758,1.123393151417938,2734.635775306239,SYNTHETIC
BLST_2024_1046,2024,2024-12-22 19:19:48.774555656,211,3960,0.3752263205771671,178.18152274580967,33.684057062190256,3.990007354893933,363.8261386018552,3241.408284192517,HIGH,CR02,3185.5153682354176,0.9827565949560646,3759.5116729765205,SYNTHETIC
BLST_2024_1047,2024,2024-12-23 03:31:29.242282504,142,3795,0.4675285208643925,145.61139385471193,42.717134891961194,3.78879151449679,317.669356517917,2311.742326957375,MEDIUM,CR02,2518.859540847249,1.0895935552482068,3087.803665929164,SYNTHETIC
BLST_2024_1048,2024,2024-12-23 11:43:09.710009352,168,4230,0.5007633424506691,142.68158806737273,71.44758202095151,3.3475095413687854,358.07258345595807,3039.3853265535777,MEDIUM,CR01,3063.5708905213214,1.0079573865664373,3497.1396278722436,SYNTHETIC
BLST_2024_1049,2024,2024-12-23 19:54:50.177736200,64,3615,0.29507372421712896,123.07573947467162,44.32150138275749,0.6463370368423504,389.7081272222305,2529.10325801017,MEDIUM,CR01,2642.104181274522,1.0446802331642473,3109.794981282934,SYNTHETIC
BLST_2024_1050,2024,2024-12-24 04:06:30.645463048,66,3675,0.3351331634094984,234.47171821266562,78.2492776722176,3.529086383237095,330.85669309501696,2551.9609361419407,HIGH,CR01,3079.3725455842814,1.2066691546774546,3669.853224862003,SYNTHETIC
BLST_2024_1051,2024,2024-12-24 12:18:11.113189896,59,3915,0.49629659995461306,220.0458408597613,45.278543968755585,3.262187993120439,332.743987856472,2422.7062170802756,HIGH,CR01,2957.373896173573,1.220690265837371,3829.391186256267,SYNTHETIC
BLST_2024_1052,2024,2024-12-24 20:29:51.580916744,1,3600,0.44029697576447796,129.80667485028155,58.02270207485428,2.539733898275853,358.26465646007847,2437.3481934420292,HIGH,CR01,2521.649527681403,1.0345873168495976,2927.4994215528923,SYNTHETIC
BLST_2024_1053,2024,2024-12-25 04:41:32.048643592,53,4020,0.4635529463202997,187.01225732334586,34.980431623306245,5.089135830801516,362.2003515197303,2364.5918916531914,LOW,CR01,2491.6937713175507,1.053752142225057,2785.872713341048,SYNTHETIC
BLST_2024_1054,2024,2024-12-25 12:53:12.516370440,120,3960,0.411443279802475,130.4819949407254,65.90311132231797,0.3584945373665618,373.34274735223124,2843.6659704514323,HIGH,CR02,2677.870104458793,0.9416964342101266,2811.7636096817328,SYNTHETIC
BLST_2024_1055,2024,2024-12-25 21:04:52.984097284,19,4035,0.2168187812963592,199.40413764552846,50.426164030348986,2.6425467655985297,317.38324413774876,2125.0431724269934,HIGH,CR01,2295.483980459737,1.0802058095780165,2621.8229675398984,SYNTHETIC
BLST_2024_1056,2024,2024-12-26 05:16:33.451824132,131,3690,0.5091857319729954,70.82595689242876,55.930264963287335,3.8871302746078893,367.50474771084293,2047.6263524941623,MEDIUM,CR01,2223.1392914660446,1.0857153155692172,2611.670139952488,SYNTHETIC
BLST_2024_1057,2024,2024-12-26 13:28:13.919550980,169,4035,0.4829990165475089,127.26117641448434,20.0,4.594194824684808,320.31420424926984,2461.0517138736623,HIGH,CR02,2543.1716872806396,1.0333678373940878,2883.689975475158,SYNTHETIC
BLST_2024_1058,2024,2024-12-26 21:39:54.387277828,102,3705,0.4352513610007792,108.93294318419478,72.71268253787794,2.98534230827993,363.8492824055333,2214.0740999631967,MEDIUM,CR01,2466.0017085694826,1.1137846328677408,2681.8196280384063,SYNTHETIC
BLST_2024_1059,2024,2024-12-27 05:51:34.855004676,156,3915,0.49145483569750303,123.26011871438257,69.12114370191694,3.8559959922198908,317.86082702890883,2642.86159964265,HIGH,CR01,2676.0351818536283,1.012552145074666,3151.8025685088637,SYNTHETIC
BLST_2024_1060,2024,2024-12-27 14:03:15.322731524,145,4290,0.3591256677313778,204.93941157128788,62.79769128808529,2.7754209830243997,328.3149216482581,1902.850447282398,MEDIUM,CR02,2333.434644337631,1.2262837826641513,2705.3422681514126,SYNTHETIC
BLST_2024_1061,2024,2024-12-27 22:14:55.790458372,129,3660,0.41393007748228605,147.2399237595653,58.763366399178935,1.5337958383335548,353.5398281013597,3199.591816993256,HIGH,CR02,3101.468964958369,0.969332696904102,3941.6240223603427,SYNTHETIC
BLST_2024_1062,2024,2024-12-28 06:26:36.258185220,201,4215,0.4293072505015598,181.10729985578885,72.09659387068206,2.468336091984035,345.9445285847067,3030.558239058718,HIGH,CR02,3102.0878529867928,1.023602784795943,3823.640915983093,SYNTHETIC
BLST_2024_1063,2024,2024-12-28 14:38:16.725912064,258,3750,0.4634169783481213,192.18585722176326,71.20552274841629,4.012995615109596,364.2664666480993,2313.4007796678234,HIGH,CR01,2834.8606361699935,1.2254083516722276,3118.9960535622167,SYNTHETIC
BLST_2024_1064,2024,2024-12-28 22:49:57.193638912,136,4050,0.45825540386203184,137.02743148780388,58.51689247059188,2.3231163384406326,351.3311398087244,2025.4961352136374,HIGH,CR01,2277.7100259301337,1.1245195615689951,3000.378360941824,SYNTHETIC
BLST_2024_1065,2024,2024-12-29 07:01:37.661365760,96,3810,0.4090848350281546,105.80564591041863,45.20355703922097,4.577096557637962,322.7247238434006,2504.018894201146,HIGH,CR01,2702.49315444293,1.0792622854010465,3340.643569034561,SYNTHETIC
BLST_2024_1066,2024,2024-12-29 15:13:18.129092608,261,4140,0.6761173528608122,82.5608152968046,47.36664902146649,2.8928599944752516,385.96004940204426,3556.28110618784,HIGH,CR02,3261.1939169287584,0.9170236602653156,3686.083125191315,SYNTHETIC
BLST_2024_1067,2024,2024-12-29 23:24:58.596819456,107,3600,0.5274386786923432,217.6935935055909,54.83102739585403,3.0662022024272693,316.7294405193205,2220.9607070228794,HIGH,CR01,2651.3958403259103,1.1938058300365044,3035.3570882659046,SYNTHETIC
BLST_2024_1068,2024,2024-12-30 07:36:39.064546304,37,4065,0.3631385459146451,164.29096290048548,55.142332339958195,3.6448212115893877,363.63171738078853,2644.7443588166734,HIGH,CR02,2578.1953190228132,0.9748372504994638,3004.928288290968,SYNTHETIC
BLST_2024_1069,2024,2024-12-30 15:48:19.532273152,364,3840,0.4028071564208246,152.34082165569123,43.12275403013529,4.302582880142055,355.6751800870494,3335.6684878752876,HIGH,CR01,3426.10862319144,1.0271130466486373,4330.160971829986,SYNTHETIC
BLST_2024_1070,2024,2024-12-31 00:00:00.000000000,129,4290,0.4230859550761983,213.79982300808481,60.186264922157406,5.925759130166759,355.1408570592135,2426.9793179994986,HIGH,CR02,2548.938316920062,1.0502513548492416,2886.0851375069356,SYNTHETIC
BLST_2025_0001,2025,2025-01-01 00:00:00.000000000,60,4035,0.504110717114097,171.40211295661464,82.14235744782218,3.82426487818607,341.5700036007491,2718.0520095766014,HIGH,CR02,2797.4837377765784,1.0292237705239313,3784.987142098092,SYNTHETIC
BLST_2025_0002,2025,2025-01-01 08:24:58.265895953,159,4050,0.4295480738932569,164.79217384608896,61.53109797142566,2.926293149015357,351.8281954632297,1498.2402337485576,MEDIUM,CR02,1878.6927259074964,1.2539329031413453,2444.8246972213074,SYNTHETIC
BLST_2025_0003,2025,2025-01-01 16:49:56.531791907,212,3705,0.491926023653217,126.9004838065849,70.13085939521491,4.080161344821602,329.4532928756296,2789.236791202381,HIGH,CR02,2756.7542269689247,0.9883543181647716,3358.978573831744,SYNTHETIC
BLST_2025_0004,2025,2025-01-02 01:14:54.797687861,65,4020,0.37876575233030985,197.3520958952743,49.07683435253399,2.044174534952,338.92394806677953,2153.238041323853,HIGH,CR01,2391.20171671997,1.1105143373975561,2817.6084088871885,SYNTHETIC
BLST_2025_0005,2025,2025-01-02 09:39:53.063583815,109,3735,0.625212411066441,189.72992175264108,57.688684598858295,3.5259840835913137,346.8479401521576,2820.2940933004115,MEDIUM,CR01,2890.8714582214657,1.0250248245701432,3374.7046523465474,SYNTHETIC
BLST_2025_0006,2025,2025-01-02 18:04:51.329479768,58,3960,0.5605668788324186,125.52356700522745,54.74886125662136,4.279869591456899,368.5241172618134,2298.4241806449227,MEDIUM,CR01,2150.3138630256144,0.935560059423953,2584.8055502144985,SYNTHETIC
BLST_2025_0007,2025,2025-01-03 02:29:49.595375722,283,3840,0.6035531148593968,148.20995845694821,61.439504180196465,2.6586981154048877,359.24203315037016,1742.1857438813345,HIGH,CR01,2510.3065901436375,1.4408949211988398,3039.362544333385,SYNTHETIC
BLST_2025_0008,2025,2025-01-03 10:54:47.861271676,150,4035,0.34499585585554676,131.88864189708724,39.19239673108662,3.1490997442393844,343.41850461606964,2224.3917829018515,MEDIUM,CR01,2289.7162831347455,1.0293673536896788,2632.2329194451027,SYNTHETIC
BLST_2025_0009,2025,2025-01-03 19:19:46.127167630,137,3690,0.39652492226083014,143.63824688177215,48.81956645036775,1.4607201898296487,345.7366295013939,2342.5658641099944,HIGH,CR01,2625.0541601437617,1.1205892651138296,3204.9380050492914,SYNTHETIC
BLST_2025_0010,2025,2025-01-04 03:44:44.393063583,234,4185,0.35453376488260613,88.81653423536903,74.53075275447189,3.662535098733306,355.55410112984845,2283.908649085216,LOW,CR01,2563.7098589192997,1.1225098078883995,3188.1789171356413,SYNTHETIC
BLST_2025_0011,2025,2025-01-04 12:09:42.658959537,109,3990,0.47498893942792586,140.92946873123458,62.45340807215472,5.133432722523466,331.2461852146625,2534.920844329396,HIGH,CR02,2696.624832781312,1.063790547469617,3254.51573992349,SYNTHETIC
BLST_2025_0012,2025,2025-01-04 20:34:40.924855491,170,3825,0.33251298634259724,166.25019495604943,45.16952122035147,3.6646380268443823,342.81423109944484,2405.6328168055684,HIGH,CR02,2553.6123061504754,1.0615137473645744,2875.54113947192,SYNTHETIC
BLST_2025_0013,2025,2025-01-05 04:59:39.190751445,112,4215,0.4995613835219245,229.25314160522655,61.96121696304762,3.6009351595802457,367.4361702448225,2550.723576202379,HIGH,CR02,2908.9787284412328,1.1404523624516925,3054.4276648632945,SYNTHETIC
BLST_2025_0014,2025,2025-01-05 13:24:37.456647398,196,4125,0.5710350432492944,221.76865347796274,60.82276477417077,1.5043922595094805,336.12247001870577,3427.401664977107,MEDIUM,CR02,3822.980549946187,1.1154165527231026,4180.303051115643,SYNTHETIC
BLST_2025_0015,2025,2025-01-05 21:49:35.722543352,349,3945,0.4074620568408135,153.26865700775448,52.47129233320241,4.564620072687159,372.7724716569266,1658.6813699051731,MEDIUM,CR01,2274.698401710278,1.3713896128466931,2751.782942797803,SYNTHETIC
BLST_2025_0016,2025,2025-01-06 06:14:33.988439306,143,4140,0.3602136071306862,185.33345650678118,61.46879784276661,3.9935777919357385,357.7759733376247,2704.7172590909636,LOW,CR02,2946.7109999230815,1.0894709936939768,3596.7754448797814,SYNTHETIC
BLST_2025_0017,2025,2025-01-06 14:39:32.254335260,97,3825,0.4112031927642254,159.21326957066577,63.5909515416305,2.317954598526392,323.2859432059601,2854.9397119818877,HIGH,CR01,2852.396047963839,0.9991090305664343,3412.2683882705032,SYNTHETIC
BLST_2025_0018,2025,2025-01-06 23:04:30.520231213,92,3795,0.489538608489638,196.69727766908414,45.940698028836785,0.2,332.26260736323536,3036.9260381976196,LOW,CR02,3279.352795404904,1.0798263619719768,4212.933473974776,SYNTHETIC
BLST_2025_0019,2025,2025-01-07 07:29:28.786127167,116,3765,0.32106735687676224,212.9205344158839,77.06082846228817,3.150958232842673,399.64540508964825,3284.810508089289,HIGH,CR01,3320.3994442464214,1.0108343954908479,4110.107796762289,SYNTHETIC
BLST_2025_0020,2025,2025-01-07 15:54:27.052023121,63,4005,0.5572024676601108,137.76137757795993,56.72065591590025,3.7551305219662234,328.1171415673937,1523.1154034832145,HIGH,CR02,2156.475121164618,1.4158317329290824,2636.0701829981103,SYNTHETIC
BLST_2025_0021,2025,2025-01-08 00:19:25.317919075,99,3705,0.2880181705778182,231.82649651033967,67.58544516270824,3.1736292421037127,331.3763209820389,2015.8588440145304,MEDIUM,CR02,2116.5279538484347,1.0499385709137374,2542.4368347345844,SYNTHETIC
BLST_2025_0022,2025,2025-01-08 08:44:23.583815028,42,3840,0.4708555914904957,181.5697273730768,37.61032617314052,4.824810882322712,340.731571025014,1732.5407452340894,LOW,CR01,2530.992471246105,1.460855958630938,2998.792106366878,SYNTHETIC
BLST_2025_0023,2025,2025-01-08 17:09:21.849710982,48,4050,0.5147955149330636,166.04461999622086,80.0733614372603,2.5966829959267477,332.391128339841,2430.1948183088784,HIGH,CR01,2709.6884635817287,1.1150087405203768,3179.5401077137903,SYNTHETIC
BLST_2025_0024,2025,2025-01-09 01:34:20.115606936,152,4095,0.314650842852698,167.7806451349481,61.4620772438128,2.1334632426889124,344.95224144588065,1921.6863122756608,MEDIUM,CR01,2097.3500761748314,1.0914112583188198,2527.3053398940533,SYNTHETIC
BLST_2025_0025,2025,2025-01-09 09:59:18.381502890,16,4155,0.5839640980170873,192.25930902997382,42.75534577953141,3.275786441651833,324.501356894122,2607.508535709243,HIGH,CR01,2825.6420766761266,1.0836559259460108,3276.104475284531,SYNTHETIC
BLST_2025_0026,2025,2025-01-09 18:24:16.647398844,350,3780,0.4970403968194563,147.1825242487602,27.409352890963802,3.0814464863725046,364.80167707164935,2983.899655988215,MEDIUM,CR02,3264.4366554310645,1.0940169012988947,3840.283551467634,SYNTHETIC
BLST_2025_0027,2025,2025-01-10 02:49:14.913294797,190,4185,0.4379013252410915,146.0073370601557,72.18584410335794,1.525451964960141,360.1947204735447,3069.8079640405576,HIGH,CR01,2863.4403938487603,0.9327750880155476,3640.566398883208,SYNTHETIC
BLST_2025_0028,2025,2025-01-10 11:14:13.179190751,146,4110,0.41786626448529324,204.0056442172278,70.07269829168584,3.916216191343495,359.79533851278256,2654.1760447985566,HIGH,CR02,3074.1264271548616,1.1582225049386947,3350.9044372442067,SYNTHETIC
BLST_2025_0029,2025,2025-01-10 19:39:11.445086705,23,3735,0.6087571506758042,120.6127966661231,84.56337996557413,4.804809645479533,367.688726111025,2964.9915900981455,HIGH,CR02,3028.812299015022,1.0215247520869912,3301.4838753028525,SYNTHETIC
BLST_2025_0030,2025,2025-01-11 04:04:09.710982659,128,3930,0.49652909354491,183.12381992963293,57.008715500338674,3.730457221202373,345.9517922282584,3215.6519888455587,HIGH,CR01,3341.5575837089577,1.039153986594364,3822.7430011928973,SYNTHETIC
BLST_2025_0031,2025,2025-01-11 12:29:07.976878612,84,3855,0.5473785487437647,173.64348949447555,67.61447640671598,2.2059777982663853,349.4722827736675,1700.5246403416959,HIGH,CR02,1954.3683780369781,1.1492737780290416,2408.078124366488,SYNTHETIC
BLST_2025_0032,2025,2025-01-11 20:54:06.242774566,541,4125,0.48896248678890114,166.99958676271027,58.569971430775425,2.5523650797610875,348.40859741264427,1717.4145901959125,HIGH,CR02,2441.3167392177374,1.421506928585745,2923.505290783716,SYNTHETIC
BLST_2025_0033,2025,2025-01-12 05:19:04.508670520,157,3615,0.4593450189543753,165.42506528927734,55.746326667607235,4.533743396519595,357.5193321565026,2423.242509010207,LOW,CR01,2623.8094462950407,1.0827680005360905,2931.9516875215386,SYNTHETIC
BLST_2025_0034,2025,2025-01-12 13:44:02.774566474,346,4275,0.4406849204096289,184.30010394216885,70.70224434559307,3.7453954194887813,344.4079198388747,3241.39812382728,HIGH,CR02,3357.5225489187487,1.0358254125705344,4379.39317183414,SYNTHETIC
BLST_2025_0035,2025,2025-01-12 22:09:01.040462427,345,3600,0.4267981978887217,82.69604487825298,36.058920217568755,2.7034258489130063,363.6519927535978,1964.5164531462115,HIGH,CR01,2353.9345009764565,1.1982259029730111,2779.5524242399647,SYNTHETIC
BLST_2025_0036,2025,2025-01-13 06:33:59.306358381,851,3780,0.43183495382507664,214.74871533670816,38.09070414448607,3.561572348856658,365.63509195009,2307.443752916452,HIGH,CR02,3096.803169752773,1.342092593086451,3913.106191223931,SYNTHETIC
BLST_2025_0037,2025,2025-01-13 14:58:57.572254335,154,3855,0.5064246899685179,166.4343774283565,58.28287793036525,3.0256076481746743,338.2321325418559,3377.2535088776585,HIGH,CR01,3447.169871588251,1.0207021363740703,4140.05728816404,SYNTHETIC
BLST_2025_0038,2025,2025-01-13 23:23:55.838150289,113,3975,0.7105986288359328,158.98599933927827,78.39626540054186,3.707082579418981,350.9970281713174,2718.8378496772434,HIGH,CR02,2997.9784084281127,1.1026690719286574,3410.928839794016,SYNTHETIC
BLST_2025_0039,2025,2025-01-14 07:48:54.104046242,149,4140,0.42284077102022155,173.98432747890908,54.94764892067063,2.252896527294541,380.8316024828329,2438.940575343067,MEDIUM,CR01,2912.1751652158214,1.1940328496138894,3280.5919676314584,SYNTHETIC
BLST_2025_0040,2025,2025-01-14 16:13:52.369942196,84,3615,0.36713590750979846,178.23293619902805,66.01203606126761,5.4238269994018165,362.21589551773656,2862.210900984424,LOW,CR01,2865.1214802791696,1.001016898962178,3331.4737155570956,SYNTHETIC
BLST_2025_0041,2025,2025-01-15 00:38:50.635838150,491,3630,0.5013766828090123,178.15888361604925,39.690972357305554,4.7519969909689355,388.2627974427121,1957.5999649364003,HIGH,CR02,2490.690707115183,1.2723185286714604,2974.7152586979623,SYNTHETIC
BLST_2025_0042,2025,2025-01-15 09:03:48.901734104,98,3735,0.5774776941714994,204.81783946484563,45.92795538738696,5.6250824005531745,345.92952739485713,2537.2947528392924,HIGH,CR01,2944.594951434729,1.1605253777235216,3249.100629846705,SYNTHETIC
BLST_2025_0043,2025,2025-01-15 17:28:47.167630057,143,3765,0.5454844886078886,94.50144875698938,49.74872960820436,4.786788409611394,352.44101256458214,1858.0975385059892,HIGH,CR01,2263.604342587216,1.2182376305214182,2895.384383310098,SYNTHETIC
BLST_2025_0044,2025,2025-01-16 01:53:45.433526011,32,3840,0.4610447737145279,122.81234992758834,64.11483228625087,4.088329168989861,370.06762627412064,2446.4200732542304,MEDIUM,CR01,2643.157542343732,1.080418514890536,3164.4983296694672,SYNTHETIC
BLST_2025_0045,2025,2025-01-16 10:18:43.699421965,377,4005,0.5274235441518795,142.23611033330326,64.86376211938315,4.410621008324151,364.37615142325956,2705.2136250001395,HIGH,CR02,3094.042661571493,1.1437332094508188,3732.440960308967,SYNTHETIC
BLST_2025_0046,2025,2025-01-16 18:43:41.965317919,219,3780,0.5462220572801958,184.1611471667665,83.05502916365688,4.896237399015693,332.2654873433471,2540.937485021587,HIGH,CR01,3018.115005792839,1.1877958523514003,3762.1335696648057,SYNTHETIC
BLST_2025_0047,2025,2025-01-17 03:08:40.231213872,14,3840,0.4336575150834801,148.5291919544528,50.66439299516813,2.2095622446910825,330.443474922071,2833.6807979362457,HIGH,CR02,2721.6911658508047,0.9604790941283852,2895.408262644401,SYNTHETIC
BLST_2025_0048,2025,2025-01-17 11:33:38.497109826,720,4275,0.45024618355876167,154.89988419020054,53.36172540268599,2.0806600807639355,339.11078219971523,2674.5530417451873,HIGH,CR01,3282.528854026517,1.2273186595262346,3978.3331668836486,SYNTHETIC
BLST_2025_0049,2025,2025-01-17 19:58:36.763005780,99,4275,0.48614378033648226,154.0357760351568,90.0,2.8550867661272474,333.4320296981892,2220.5370859366,HIGH,CR02,2681.2527584412173,1.2074793865963704,3259.661767165431,SYNTHETIC
BLST_2025_0050,2025,2025-01-18 04:23:35.028901734,308,3765,0.48970247610441686,140.395666132857,27.361195651163406,1.8695491958450658,354.75227721872903,3239.1881644424498,HIGH,CR01,3450.850242503977,1.0653441749340178,3968.1989486614057,SYNTHETIC
BLST_2025_0051,2025,2025-01-18 12:48:33.294797688,229,3645,0.6373621782697747,139.52289737878706,46.54315133648568,2.6872038959324467,372.24895726532355,2632.0378293136937,LOW,CR01,2580.350884211007,0.9803623851727981,3214.574432518889,SYNTHETIC
BLST_2025_0052,2025,2025-01-18 21:13:31.560693641,103,3660,0.5367400444378503,160.7644570206672,53.18298146141501,1.4432664149179624,373.7227022993182,2930.0022493889765,HIGH,CR02,3053.8699069494814,1.0422756185891449,3485.956256146146,SYNTHETIC
BLST_2025_0053,2025,2025-01-19 05:38:29.826589595,21,4020,0.5626212386347682,138.7644083116007,58.58640401577416,2.736041918763177,367.7162027915077,2504.198261696402,HIGH,CR02,2479.63080306229,0.9901894913793808,2924.6158240924824,SYNTHETIC
BLST_2025_0054,2025,2025-01-19 14:03:28.092485549,255,4005,0.3573525043228729,216.5970535536843,71.02955840938182,3.0901723197713484,380.81679376407635,2371.207347540485,MEDIUM,CR01,3104.1997069558515,1.3091220007291462,3567.9766767848632,SYNTHETIC
BLST_2025_0055,2025,2025-01-19 22:28:26.358381503,282,3975,0.3929278267688877,99.70409479104268,62.10455975053733,2.2851863063858593,335.9112904119667,2453.0812416821786,HIGH,CR02,2579.1281463613695,1.0513830942642386,3019.2935412538573,SYNTHETIC
BLST_2025_0056,2025,2025-01-20 06:53:24.624277456,37,4080,0.5218749599335979,253.85909921141715,55.97770464571043,3.92593714668364,348.7428675127145,2570.1634180474084,HIGH,CR02,2875.2814251914338,1.1187154112464288,3291.6480319273546,SYNTHETIC
BLST_2025_0057,2025,2025-01-20 15:18:22.890173410,336,4170,0.46703502599247143,72.18004695825827,77.44894626694922,5.793029621598956,363.30938354502007,2557.107346378892,HIGH,CR01,2895.6960092635045,1.1324108130869384,3342.830890274875,SYNTHETIC
BLST_2025_0058,2025,2025-01-20 23:43:21.156069364,159,3900,0.6696692756330447,147.0930980600548,69.80636890123158,2.9859044835678406,339.7529956592219,3512.104176523075,LOW,CR01,3589.766595809166,1.0221127891949309,4285.249570162631,SYNTHETIC
BLST_2025_0059,2025,2025-01-21 08:08:19.421965318,19,3705,0.48516977679156653,200.1244685553878,51.645091565524304,4.603520172418436,374.0051356204024,1463.8563496176876,HIGH,CR01,2139.924727135259,1.4618406564921067,2480.9847978330067,SYNTHETIC
BLST_2025_0060,2025,2025-01-21 16:33:17.687861271,267,3960,0.35873938078922085,179.8307147957456,65.8385974935529,2.8733086451500998,341.3422608205895,3039.304698652634,HIGH,CR01,3080.097464803437,1.0134217428640462,3368.8121001861223,SYNTHETIC
BLST_2025_0061,2025,2025-01-22 00:58:15.953757225,422,3945,0.4182807007635289,153.66467383264094,51.515723534600774,2.063110205313289,333.55553917544506,2774.3005545916635,HIGH,CR01,3194.9097923796735,1.1516091099401151,3661.2967579377946,SYNTHETIC
BLST_2025_0062,2025,2025-01-22 09:23:14.219653179,40,4050,0.24333607371459287,192.26332381651008,62.262321465103,4.1589521475177,340.14286672592226,2708.027898118582,HIGH,CR02,2972.6569743105774,1.0977202178662369,3811.7275409256467,SYNTHETIC
BLST_2025_0063,2025,2025-01-22 17:48:12.485549133,68,3885,0.39067508076182855,114.74557405118642,51.81448864804179,2.7101037098127607,331.6332450451791,2444.168980068381,LOW,CR02,2317.2742528273807,0.9480826701116833,2864.140331154121,SYNTHETIC
BLST_2025_0064,2025,2025-01-23 02:13:10.751445086,238,4245,0.4396877274352596,197.5892115992298,62.50646126890547,3.151154778875789,346.0011972402347,2414.5835755264643,HIGH,CR01,2767.337891110017,1.146093230799286,3136.4699748716916,SYNTHETIC
BLST_2025_0065,2025,2025-01-23 10:38:09.017341040,177,4155,0.55386046095271,141.84842893869506,43.28392690429882,4.701158140502159,310.25246998053,2730.033510586976,HIGH,CR02,2855.6665841867352,1.046018876000078,3564.709702816931,SYNTHETIC
BLST_2025_0066,2025,2025-01-23 19:03:07.283236994,44,3900,0.24737681760152616,197.12034197191227,61.13339648635727,1.5492311764364022,367.5631787804901,3244.0662903842026,HIGH,CR01,3199.474059005061,0.9862542169648881,3668.4019243945118,SYNTHETIC
BLST_2025_0067,2025,2025-01-24 03:28:05.549132948,271,4005,0.306557910099244,164.17167157565297,55.020681951856304,6.389024024612446,360.9582216299157,3001.4836972346257,HIGH,CR02,3129.22220123391,1.0425584533798982,3851.057858072969,SYNTHETIC
BLST_2025_0068,2025,2025-01-24 11:53:03.815028901,287,3840,0.5132309802091687,139.58817989253265,54.371893728424396,1.9040567764385894,355.6266874156382,2440.3036040323705,MEDIUM,CR01,2842.172863487144,1.1646800253832033,3341.9047848361333,SYNTHETIC
BLST_2025_0069,2025,2025-01-24 20:18:02.080924855,122,3600,0.585266409465542,197.91503174659465,76.39240762039705,3.6471132217950446,341.6783472055917,3043.7521420569574,LOW,CR02,3318.822059705622,1.0903719832662766,3858.372837389456,SYNTHETIC
BLST_2025_0070,2025,2025-01-25 04:43:00.346820809,460,3780,0.5260040643519751,146.43350330631614,49.09671026339855,5.2694041789864094,334.6815484522647,2110.5715408717215,HIGH,CR02,2546.7907996591825,1.2066830004763975,2979.7400818444994,SYNTHETIC
BLST_2025_0071,2025,2025-01-25 13:07:58.612716763,109,4035,0.6188304825323472,251.1605642835551,45.73709692122749,1.5091427226864813,376.42511199673913,2144.0629056317384,HIGH,CR01,2749.04426623486,1.2821658632375186,3266.421945258766,SYNTHETIC
BLST_2025_0072,2025,2025-01-25 21:32:56.878612716,64,3915,0.6355413502726657,50.757378328017396,47.018559629795575,5.379385293645138,344.7632607101538,2005.4785938424013,MEDIUM,CR01,2264.69270224798,1.1292529918800762,2753.9640953392063,SYNTHETIC
BLST_2025_0073,2025,2025-01-26 05:57:55.144508670,144,4290,0.5487305694079605,202.56393605783256,55.427771851384335,2.3378268438069765,359.90789230069083,3800.0,HIGH,CR02,3643.7787270741774,0.9588891387037309,4387.516728449601,SYNTHETIC
BLST_2025_0074,2025,2025-01-26 14:22:53.410404624,400,3930,0.29028928805815435,169.41930871144513,61.78198467818495,4.871432159853418,334.0423544288314,2855.0723974004713,HIGH,CR01,3159.7616483374695,1.1067185726058701,3972.6561709504745,SYNTHETIC
BLST_2025_0075,2025,2025-01-26 22:47:51.676300578,142,4215,0.5056037441346415,137.21964736796028,58.75547126374034,3.2476274389475925,359.4877714951095,1781.731368360131,HIGH,CR01,2172.6553659757733,1.219406811014076,2482.548602198516,SYNTHETIC
BLST_2025_0076,2025,2025-01-27 07:12:49.942196532,80,3720,0.4115916796397206,184.02907848083126,63.25333574432878,4.188806856490023,380.1672153656947,2430.2564028717725,HIGH,CR02,2680.694667443227,1.1030501408310325,3054.5292671847697,SYNTHETIC
BLST_2025_0077,2025,2025-01-27 15:37:48.208092485,144,3645,0.36521599292222723,186.39319220417107,59.04280851595652,3.0357986327865523,310.88348348166926,2295.187524990693,HIGH,CR01,2610.3317604299505,1.1373065302977958,2974.998302341494,SYNTHETIC
BLST_2025_0078,2025,2025-01-28 00:02:46.473988439,79,3675,0.4354929581078733,192.01673411993414,45.425886965257604,4.597451558052242,337.78915624025547,3076.8994406031843,LOW,CR01,2914.7843699410437,0.9473121972974325,3575.1808209679325,SYNTHETIC
BLST_2025_0079,2025,2025-01-28 08:27:44.739884393,142,4125,0.3633239750642983,167.06295990744096,65.13103444759211,0.7448158335114958,361.38729510803694,2809.2280041310137,MEDIUM,CR01,2718.3556541512826,0.96765219845235,3210.3417076290875,SYNTHETIC
BLST_2025_0080,2025,2025-01-28 16:52:43.005780347,194,3990,0.6322238226729584,187.53320484392822,33.94036768327045,4.218045685179422,405.94032020323476,3226.195965453144,HIGH,CR01,3472.735881985665,1.0764181466880895,4430.384529491991,SYNTHETIC
BLST_2025_0081,2025,2025-01-29 01:17:41.271676300,45,3885,0.3549664618163282,119.73667404713711,62.840592290649056,0.21250458179584752,349.8775870543629,2988.1057476106744,HIGH,CR01,2826.86476915977,0.9460390655250956,3391.613842157918,SYNTHETIC
BLST_2025_0082,2025,2025-01-29 09:42:39.537572254,540,3900,0.5859177883051915,157.5593779345765,67.5155944401146,2.7882047591201045,330.21457867797176,2513.784413413708,HIGH,CR02,2908.20578301765,1.1569034192030492,3381.1989242340264,SYNTHETIC
BLST_2025_0083,2025,2025-01-29 18:07:37.803468208,1267,3975,0.23834857475372848,200.97102755980518,40.57231377580392,3.7249311464734967,346.45399028329035,2801.44179054623,HIGH,CR01,3632.0603365156767,1.296496807027174,4333.947664502412,SYNTHETIC
BLST_2025_0084,2025,2025-01-30 02:32:36.069364162,109,4035,0.45977464329294193,168.66660894558353,33.239967340539835,1.1802459043444715,326.41515161408466,3132.7202489524925,HIGH,CR01,3118.2049638780763,0.9953665556063394,4019.0084082327444,SYNTHETIC
BLST_2025_0085,2025,2025-01-30 10:57:34.335260115,98,3795,0.42023799631712294,193.66443384740813,56.04904369465172,2.9666632983927825,363.6220450500049,3058.868169093554,HIGH,CR02,2982.844431609948,0.9751464485289882,3558.141175806958,SYNTHETIC
BLST_2025_0086,2025,2025-01-30 19:22:32.601156069,575,3975,0.41952788190075735,136.06668079576588,86.24050908202696,2.6731347903050446,336.7173280308822,2453.7860589407014,HIGH,CR01,2838.980706031916,1.1569797194371145,3277.710561691398,SYNTHETIC
BLST_2025_0087,2025,2025-01-31 03:47:30.867052023,107,4080,0.3997558298042117,156.00802574455017,58.76693227849172,2.7668059138816683,331.6085394023539,2981.3344767572207,LOW,CR01,3253.91449848679,1.0914288630996052,3756.758121619665,SYNTHETIC
BLST_2025_0088,2025,2025-01-31 12:12:29.132947977,101,3855,0.4777053338389994,139.64962161198483,74.18119965582554,2.085940915362395,348.63067732859673,2404.6721528485023,HIGH,CR02,2499.380876507772,1.0393852956408551,3068.193258568016,SYNTHETIC
BLST_2025_0089,2025,2025-01-31 20:37:27.398843930,73,4125,0.4892096805259782,156.86815743660753,35.8549305261965,3.9659724297724783,350.6509006352385,3282.638085238793,HIGH,CR01,3052.3931582241808,0.9298597892804673,3903.5565105058936,SYNTHETIC
BLST_2025_0090,2025,2025-02-01 05:02:25.664739884,255,3840,0.5178640946881716,195.55605795719276,37.160567447874,1.9437700455580813,347.9499792860273,2304.0889066982577,HIGH,CR02,2676.5532774832773,1.1616536452661275,3124.98216287607,SYNTHETIC
BLST_2025_0091,2025,2025-02-01 13:27:23.930635838,105,3885,0.33959208979930516,213.91345416876493,78.37501837968846,1.9535564543069794,343.04453715155813,2048.5188845094,MEDIUM,CR01,2578.6137144399568,1.2587698038514834,3035.1445423352047,SYNTHETIC
BLST_2025_0092,2025,2025-02-01 21:52:22.196531792,220,4290,0.5946863067680864,256.3493069443345,51.17235772926101,5.167936271389457,360.081870131693,2501.854920591322,MEDIUM,CR01,3009.318927000314,1.202835105358168,3554.623891740871,SYNTHETIC
BLST_2025_0093,2025,2025-02-02 06:17:20.462427745,162,3660,0.3440574897953227,196.36937113866477,73.21031592687024,2.7413855403385594,357.0336283294157,2867.628338601022,HIGH,CR02,3018.1394743907654,1.052486277166298,3518.862676252521,SYNTHETIC
BLST_2025_0094,2025,2025-02-02 14:42:18.728323699,47,3915,0.5007506857277028,182.64758942138894,56.62113202459474,3.684227493835196,356.95033678277815,2338.5425135237797,MEDIUM,CR01,2505.880815588554,1.0715566645023804,2950.531082414893,SYNTHETIC
BLST_2025_0095,2025,2025-02-02 23:07:16.994219653,425,4215,0.5912261872647157,165.1220124494164,69.80682660084251,4.625014248984184,323.7039667388563,2330.624412777756,LOW,CR01,2923.802701120158,1.254514749390882,3408.261955101422,SYNTHETIC
BLST_2025_0096,2025,2025-02-03 07:32:15.260115607,135,3750,0.6843357172587103,142.21443391171036,64.28307969162253,1.6044530638495613,350.419870867686,2317.891481323329,HIGH,CR01,2683.7232912545146,1.1578295674663446,3182.910488284129,SYNTHETIC
BLST_2025_0097,2025,2025-02-03 15:57:13.526011561,319,3645,0.46187197555330484,220.16566981776649,38.603273982668426,4.339248596237628,329.63346603254115,2466.5682945140243,HIGH,CR02,2657.8489879139647,1.0775493197676198,3164.453778037644,SYNTHETIC
BLST_2025_0098,2025,2025-02-04 00:22:11.791907514,261,3930,0.4765187356317182,173.55160194934822,77.70188490761963,4.769159249017537,395.5420722482327,2846.3782729869095,HIGH,CR01,3085.064665192066,1.083856174167141,3870.5236411820783,SYNTHETIC
BLST_2025_0099,2025,2025-02-04 08:47:10.057803468,248,4245,0.31830291035198616,144.93798055889638,62.62349411258996,2.967849964446102,373.24159475981526,2377.9099226274398,MEDIUM,CR02,2617.000264870962,1.100546425231845,3287.0372518873496,SYNTHETIC
BLST_2025_0100,2025,2025-02-04 17:12:08.323699422,39,4050,0.5593234091856517,210.2323634011783,65.41440695143761,3.482202600790168,399.71944229184106,2814.9618359559327,HIGH,CR02,2929.3722735039178,1.0406436904708984,3545.605398537954,SYNTHETIC
BLST_2025_0101,2025,2025-02-05 01:37:06.589595376,969,4035,0.5420946443071544,146.59215785499657,70.99421594651095,2.2817520520777155,353.6721832878069,1643.7479880016308,HIGH,CR02,2677.811122477692,1.6290886084874925,3227.3858620104475,SYNTHETIC
BLST_2025_0102,2025,2025-02-05 10:02:04.855491329,77,3735,0.2695597577220134,163.5301294227204,36.61934157114269,2.746254952241217,363.1472965241727,2976.678085167774,HIGH,CR01,3071.388208164095,1.0318173884734945,3802.6105153611516,SYNTHETIC
BLST_2025_0103,2025,2025-02-05 18:27:03.121387283,276,4125,0.5593237182354693,95.57352847005497,53.34171503352344,5.139502083119309,363.24570812948843,2504.8218928463994,LOW,CR01,2813.468828554335,1.1232211106863166,3507.3843275817576,SYNTHETIC
BLST_2025_0104,2025,2025-02-06 02:52:01.387283237,196,4110,0.5304183833106008,88.4009868542484,59.35994166250586,0.9040061695203825,336.1398450386657,2722.1460254888784,HIGH,CR01,2846.4607932357517,1.0456679276507759,3398.5146081122302,SYNTHETIC
BLST_2025_0105,2025,2025-02-06 11:16:59.653179191,450,4020,0.5766758821897002,127.91180894305059,64.74965027730424,2.8567071879242687,355.61954413660857,2816.6999312275016,HIGH,CR01,3159.1039108555024,1.1215621074264674,3717.0776339940726,SYNTHETIC
BLST_2025_0106,2025,2025-02-06 19:41:57.919075144,103,3975,0.3087900308415966,145.6969375716685,63.664781766593016,3.1947804807871845,344.53566333606113,2119.8303488115685,HIGH,CR02,2299.11836513217,1.0845765871882695,2656.178841830182,SYNTHETIC
BLST_2025_0107,2025,2025-02-07 04:06:56.184971098,49,3705,0.5633190978841891,195.44502370943565,61.62232679520642,4.907683190348857,379.93364992418304,2578.23348695349,MEDIUM,CR02,2576.4519017637167,0.9993089899736435,3140.297003979639,SYNTHETIC
BLST_2025_0108,2025,2025-02-07 12:31:54.450867052,288,3600,0.45752030649504194,213.759147517978,47.980655430818615,3.9888566299177257,386.94120466015227,3061.6946322028366,HIGH,CR02,3062.7455910235917,1.0003432604968834,3640.6151711378848,SYNTHETIC
BLST_2025_0109,2025,2025-02-07 20:56:52.716763006,185,3750,0.4866026019144081,159.24339954601868,65.15310401810166,3.060451417991251,357.84423338655625,2531.3765202160175,HIGH,CR02,2785.214647370726,1.1002767170855512,3441.730311960466,SYNTHETIC
BLST_2025_0110,2025,2025-02-08 05:21:50.982658959,180,3975,0.3905229786428692,169.08831480487734,62.62521424617773,4.10022183825755,337.2844189602168,3095.370695601596,HIGH,CR02,3155.0605213262024,1.0192835791233095,3921.566454121738,SYNTHETIC
BLST_2025_0111,2025,2025-02-08 13:46:49.248554913,317,4155,0.34977668639827575,128.57649586043627,44.78451847406596,5.6666732525116,324.4136136382431,2732.7626597518138,HIGH,CR01,3072.887051887385,1.1244617387177198,3994.9795876373773,SYNTHETIC
BLST_2025_0112,2025,2025-02-08 22:11:47.514450867,244,4140,0.5300081337761733,130.70565280509618,78.91447146498913,4.326948518606941,338.2026260898536,2223.6054776182555,LOW,CR02,2533.7280917029484,1.1394683621740629,2900.8762667450655,SYNTHETIC
BLST_2025_0113,2025,2025-02-09 06:36:45.780346821,297,3600,0.40891788439902554,109.05335439064542,47.60261211517489,2.446637077915202,349.6852662695795,3242.364493162974,LOW,CR02,3153.7340731292966,0.9726648807619969,3773.820031916292,SYNTHETIC
BLST_2025_0114,2025,2025-02-09 15:01:44.046242774,272,3960,0.4056489628822512,84.36835025835703,71.9305944928098,2.2083044685363173,356.8087064340717,2812.0762033525352,MEDIUM,CR01,2905.4670291015022,1.0332106312188933,3378.0123691090484,SYNTHETIC
BLST_2025_0115,2025,2025-02-09 23:26:42.312138728,69,3855,0.6674771741816685,167.68892765569603,67.00275793117177,2.3536046087510054,328.24725597833725,2847.3875234442567,HIGH,CR01,2968.5535297888164,1.0425533951198869,3421.9840353074874,SYNTHETIC
BLST_2025_0116,2025,2025-02-10 07:51:40.578034682,203,4275,0.5148537734720983,204.91037260194102,42.338863670422505,4.380276678420584,342.3821773664131,2225.8817995806294,HIGH,CR01,2618.2277931075846,1.1762654214616768,2918.2085737949947,SYNTHETIC
BLST_2025_0117,2025,2025-02-10 16:16:38.843930636,290,4245,0.4174446842835974,165.16447940140722,52.910284988573416,2.9714821596427745,315.06111729646267,2803.49953594771,MEDIUM,CR02,3107.7161153343823,1.1085131548929732,3764.5234995975043,SYNTHETIC
BLST_2025_0118,2025,2025-02-11 00:41:37.109826589,313,4275,0.46330189956836704,229.3042652248065,44.94069211721026,2.406675539727536,354.87533620384863,2578.3956954868463,MEDIUM,CR01,3121.5705966695327,1.210663903191215,3286.503222294553,SYNTHETIC
BLST_2025_0119,2025,2025-02-11 09:06:35.375722543,223,3600,0.6261776380570226,135.9604228988208,40.60468979918778,3.699426414408287,355.30047148340566,2210.4125607857595,HIGH,CR02,2467.106962032647,1.1161296338072009,2748.2072738119,SYNTHETIC
BLST_2025_0120,2025,2025-02-11 17:31:33.641618497,131,3645,0.24883277604571305,191.95011858134893,49.30958473538921,1.227520627025731,336.6862981282936,2698.5220091842316,HIGH,CR02,2695.045919026741,0.9987118540646843,3271.985102631791,SYNTHETIC
BLST_2025_0121,2025,2025-02-12 01:56:31.907514451,235,3795,0.39776663257726286,189.29248694245246,49.468004413660864,1.8865289179297187,338.1739445663646,2633.8292291592807,HIGH,CR01,3083.510672141019,1.1707329533757498,3786.7089991342573,SYNTHETIC
BLST_2025_0122,2025,2025-02-12 10:21:30.173410404,142,3750,0.35351728780371333,160.52795781595313,76.8356808398464,1.927798526158447,372.4859054737707,2770.5772199215535,HIGH,CR01,2978.5925015483344,1.0750801241456358,3436.3782875714037,SYNTHETIC
BLST_2025_0123,2025,2025-02-12 18:46:28.439306358,65,3645,0.4209910753398497,168.50507316309267,60.67560145619861,5.020096119987141,343.85701102404175,2186.552238595822,HIGH,CR02,2427.1706005297697,1.1100446436571165,2636.7306573869905,SYNTHETIC
BLST_2025_0124,2025,2025-02-13 03:11:26.705202312,117,3660,0.61029048928423,110.72801850971507,58.4738730996918,2.5899906625501474,318.5712557245198,2209.0209914410425,HIGH,CR02,2398.792343140923,1.0859074460745999,2518.731960297969,SYNTHETIC
BLST_2025_0125,2025,2025-02-13 11:36:24.971098266,379,3840,0.4329353022579584,211.95383252236863,82.5408915078206,2.702603011804369,333.26268485430717,2439.286448880942,HIGH,CR02,3014.9967892158134,1.2360158810372546,3552.450006032177,SYNTHETIC
BLST_2025_0126,2025,2025-02-13 20:01:23.236994219,73,3720,0.2684570970652247,155.34427418101248,75.9502271576365,2.719379481984058,342.7998149336506,2197.8166838432057,HIGH,CR01,2475.180057681736,1.1261995032968444,2995.859627159472,SYNTHETIC
BLST_2025_0127,2025,2025-02-14 04:26:21.502890173,151,4020,0.34931983671558753,185.6819001141281,70.5688699652864,3.823545117122372,328.7014663851498,1990.4016781258929,MEDIUM,CR01,2368.6822854657225,1.190052395703368,2978.613759642037,SYNTHETIC
BLST_2025_0128,2025,2025-02-14 12:51:19.768786127,164,3765,0.4841961152061046,75.46456874700046,55.087265311437115,3.7763280178948473,356.6844517427989,2381.6843353533345,HIGH,CR01,2477.600730392112,1.0402725053085373,3153.2504826468835,SYNTHETIC
BLST_2025_0129,2025,2025-02-14 21:16:18.034682081,105,4275,0.5185439301761694,206.61468683995543,73.78221126214277,3.9921396474156237,329.1795375388973,2527.4483321748367,MEDIUM,CR01,2703.5763805187776,1.0696861123140686,3253.13896938987,SYNTHETIC
BLST_2025_0130,2025,2025-02-15 05:41:16.300578035,215,3885,0.4933724585566409,163.68126135966986,63.59997203064295,5.333731687250658,337.6293139168308,2342.933911798776,HIGH,CR02,2739.279590159316,1.1691663927712956,3242.971952849824,SYNTHETIC
BLST_2025_0131,2025,2025-02-15 14:06:14.566473988,241,3600,0.33518451771529095,60.468685002377526,38.481484978625375,5.294925026838161,364.6461960397786,1802.1253296118343,HIGH,CR02,2007.8886325233332,1.114178131526412,2567.3400275529198,SYNTHETIC
BLST_2025_0132,2025,2025-02-15 22:31:12.832369942,58,4080,0.5568342976951434,171.17139189345474,74.85707961744555,2.440163763486102,368.0260519031746,2795.4923229323986,HIGH,CR01,2897.268134172147,1.03640711527084,3267.569658553204,SYNTHETIC
BLST_2025_0133,2025,2025-02-16 06:56:11.098265896,173,3915,0.4987882019652804,170.4076059966952,55.03162792748906,3.7176802372160234,328.8048789142333,2164.8544765554334,HIGH,CR02,2382.766709536897,1.1006590675453578,2685.7957130494156,SYNTHETIC
BLST_2025_0134,2025,2025-02-16 15:21:09.364161850,90,4065,0.5486238283017926,90.59909958114865,84.29983755461413,3.5466516600309066,367.36665634660466,3262.188543811446,HIGH,CR02,2889.782859415549,0.8858417656139552,3382.829800769112,SYNTHETIC
BLST_2025_0135,2025,2025-02-16 23:46:07.630057803,114,3900,0.648351571333356,127.2278730205546,82.34312111690967,2.9918399630987427,391.7165432688641,1837.6465969663993,HIGH,CR01,2466.217065144491,1.342051877230225,3259.0760397593335,SYNTHETIC
BLST_2025_0136,2025,2025-02-17 08:11:05.895953757,56,3810,0.4649663135167543,164.58978581484027,61.83291169579955,3.200074645532437,365.0436513030684,2686.5703672434042,HIGH,CR02,2769.3569931053767,1.0308149851094044,3152.723817096666,SYNTHETIC
BLST_2025_0137,2025,2025-02-17 16:36:04.161849711,319,4080,0.5660449637876718,139.36998477957727,72.430552402717,2.999910152571988,354.1203249788431,2490.043643268048,HIGH,CR01,2708.27517712431,1.0876416501559165,3250.7010726184117,SYNTHETIC
BLST_2025_0138,2025,2025-02-18 01:01:02.427745665,583,4155,0.39631814749191635,196.61571792754145,40.421736890087715,1.3772237573084287,377.69324715985755,2906.6595044522833,LOW,CR01,3072.2900198307825,1.056983115884332,3499.2174125756924,SYNTHETIC
BLST_2025_0139,2025,2025-02-18 09:26:00.693641618,184,3990,0.5150756898675428,197.52685847425585,44.35127566151783,4.10379927389792,326.40638370474136,2942.9594418310076,LOW,CR01,3249.8815511171265,1.1042902953141491,3501.3168770413195,SYNTHETIC
BLST_2025_0140,2025,2025-02-18 17:50:58.959537572,49,3900,0.3954546843471108,181.7231254401304,78.5347241952778,2.397450559823422,345.8226646825478,2605.09663089698,HIGH,CR01,2866.1611783226326,1.100212999521543,3188.572231280619,SYNTHETIC
BLST_2025_0141,2025,2025-02-19 02:15:57.225433526,1282,4140,0.42205325315606296,148.9799761136657,80.20417715433068,1.52210862948079,324.5070845537875,2238.2695403052253,MEDIUM,CR02,3230.552257283791,1.443325836817335,3789.4282637876136,SYNTHETIC
BLST_2025_0142,2025,2025-02-19 10:40:55.491329480,163,3600,0.18,168.88110226043008,68.65435873205354,4.058308864214162,348.466623887581,3107.928978201862,HIGH,CR01,3349.4407450198705,1.077708264413989,3877.016741225674,SYNTHETIC
BLST_2025_0143,2025,2025-02-19 19:05:53.757225433,10,3840,0.480732733660105,109.48582722835054,67.91055859237562,2.7903541762897897,347.753863472605,1958.7708634862406,LOW,CR01,2222.203617147449,1.1344888054911886,2707.7513236406776,SYNTHETIC
BLST_2025_0144,2025,2025-02-20 03:30:52.023121387,4,4290,0.5969783855032499,146.49447351560167,52.882702156733615,2.5730461322490417,363.80649794227634,3228.05730340844,HIGH,CR02,2953.23245091737,0.9148637007772793,3525.5946717112265,SYNTHETIC
BLST_2025_0145,2025,2025-02-20 11:55:50.289017341,511,4125,0.4577576607115686,147.63137542830225,76.16644402792625,4.126533654528819,372.9067886106821,2766.206991774346,HIGH,CR01,3212.6749489563867,1.1614007767711048,3907.005294673825,SYNTHETIC
BLST_2025_0146,2025,2025-02-20 20:20:48.554913295,158,3810,0.5686129841454202,144.0629099112718,63.205990352563965,3.772594551676803,365.2301066481349,1829.6302788119792,HIGH,CR01,2281.1204238300907,1.2467657811780828,2711.810643799524,SYNTHETIC
BLST_2025_0147,2025,2025-02-21 04:45:46.820809248,47,3795,0.5733471855881369,170.20356654033716,70.49701400112116,4.054597832886864,396.56896595905823,2530.973666861022,HIGH,CR01,2839.110940157546,1.1217465346759943,3430.0125590982207,SYNTHETIC
BLST_2025_0148,2025,2025-02-21 13:10:45.086705202,74,4050,0.6350416868058113,217.79068238396962,36.10655038320792,5.016605589595681,361.3614132654043,2807.67449127436,HIGH,CR02,3005.646742038862,1.0705111120892954,3672.531013600415,SYNTHETIC
BLST_2025_0149,2025,2025-02-21 21:35:43.352601156,21,3825,0.3475651334739868,181.3200800073379,69.67906966385081,4.143978403982777,366.6453608701576,2852.698086601423,HIGH,CR02,3018.0813847444033,1.0579743432786506,3395.2277218597933,SYNTHETIC
BLST_2025_0150,2025,2025-02-22 06:00:41.618497110,133,4065,0.44008038799124377,128.07135762398596,75.9298762815094,5.168571865290621,373.421230453237,2537.499699763617,HIGH,CR02,2635.9736714214746,1.0388074811071035,3226.4763802345515,SYNTHETIC
BLST_2025_0151,2025,2025-02-22 14:25:39.884393064,36,3930,0.5023804446137012,244.9970584604814,51.49982423674614,4.224591488847817,346.72468182594093,2596.2409899901154,HIGH,CR02,2914.094659164354,1.122428414927479,3562.7404173552004,SYNTHETIC
BLST_2025_0152,2025,2025-02-22 22:50:38.150289017,163,3870,0.4636521782618431,142.84476164607693,44.39010617210801,5.322016869908335,367.8720170029803,3222.362164425738,HIGH,CR01,3155.0619309438835,0.9791146277023619,3735.039267022417,SYNTHETIC
BLST_2025_0153,2025,2025-02-23 07:15:36.416184971,194,3825,0.5282414156260329,142.26884788663122,28.18592164141332,1.8081170746669606,356.9533277909545,2181.3851793367285,HIGH,CR01,2432.819040990303,1.1152633950369213,2976.110915419487,SYNTHETIC
BLST_2025_0154,2025,2025-02-23 15:40:34.682080925,215,3795,0.37411984804776494,141.34482768352225,56.81617289154309,6.27143414799885,354.5311733253276,2501.4315891460333,LOW,CR02,2326.3894001996505,0.9300231956348881,2661.236191339574,SYNTHETIC
BLST_2025_0155,2025,2025-02-24 00:05:32.947976879,58,4080,0.44112446888538837,145.29355088283697,69.84000546679704,2.232388304606169,319.72317917366365,2406.358550274121,MEDIUM,CR01,2718.104567875905,1.1295509422593202,3020.587834720535,SYNTHETIC
BLST_2025_0156,2025,2025-02-24 08:30:31.213872832,211,3630,0.41792472440260175,101.30424486075614,54.80061307997462,4.97814569052947,322.6816035151019,2469.407216075585,MEDIUM,CR01,2474.267106819906,1.001968039419616,3019.247242045091,SYNTHETIC
BLST_2025_0157,2025,2025-02-24 16:55:29.479768786,435,4095,0.35623384906527444,156.08119238706809,51.090132761786656,3.4728199760693323,366.81688801654093,2681.1780079490486,HIGH,CR02,2893.489271139964,1.0791858140569046,3534.016401626067,SYNTHETIC
BLST_2025_0158,2025,2025-02-25 01:20:27.745664740,115,3705,0.4158678287810837,45.0,61.30515817161633,1.106488601809303,347.836519565066,2778.666443673738,HIGH,CR01,2731.3048887419295,0.9829552931624314,3096.1855146433577,SYNTHETIC
BLST_2025_0159,2025,2025-02-25 09:45:26.011560694,198,3750,0.2993699434789284,90.16325261622144,51.79928632256018,4.8176934000648295,343.19765281373185,2534.892787465943,HIGH,CR02,2484.663157346384,0.980184712202455,2860.372419908093,SYNTHETIC
BLST_2025_0160,2025,2025-02-25 18:10:24.277456647,297,3870,0.5488722800721966,155.39151574982455,61.512171715307936,2.1370161828564873,355.4212716857702,2117.0787303232732,HIGH,CR02,2507.0010654864172,1.184179421189312,2926.207268891928,SYNTHETIC
BLST_2025_0161,2025,2025-02-26 02:35:22.543352601,52,4275,0.4737722074823827,155.36766582922996,52.042854012728114,2.5808436434334037,366.3917491874543,2598.830937695846,HIGH,CR02,2656.7748309013978,1.0222961379923103,3192.119770700852,SYNTHETIC
BLST_2025_0162,2025,2025-02-26 11:00:20.809248555,363,4005,0.3599026630109689,116.1612266121385,40.244021238415286,3.2394613119820947,340.07517763146507,1832.8515112184982,HIGH,CR01,2207.5503211715295,1.2044348970222514,2705.296640460112,SYNTHETIC
BLST_2025_0163,2025,2025-02-26 19:25:19.075144509,80,4155,0.3738543456312626,142.31843895341612,31.51007203806457,2.650152049406185,354.94548434531043,2613.096298219228,HIGH,CR02,2761.7790733241904,1.0568990799176772,3164.7258049467246,SYNTHETIC
BLST_2025_0164,2025,2025-02-27 03:50:17.341040463,95,3930,0.6346521144894782,198.59088561390823,60.16081312899574,2.9036015113493407,361.55461094765366,2293.8941298453296,HIGH,CR01,2858.5057631875043,1.2461367444975522,3408.5389311918007,SYNTHETIC
BLST_2025_0165,2025,2025-02-27 12:15:15.606936416,111,3945,0.4951374358902682,191.96368998786693,65.14830979838166,4.260770690758333,361.09781166860455,2834.036099531138,HIGH,CR02,2809.8629937595038,0.9914704312426954,3367.7968552406574,SYNTHETIC
BLST_2025_0166,2025,2025-02-27 20:40:13.872832370,121,3870,0.4841757681357645,150.87859296888988,50.57318270771489,3.3629070456127805,330.87332594010815,1988.5578355649848,HIGH,CR01,2229.833420207082,1.1213319423387786,2516.9395776164724,SYNTHETIC
BLST_2025_0167,2025,2025-02-28 05:05:12.138728324,89,3630,0.39806647699024045,161.3485070526317,71.28993053300026,2.2471175578420493,337.14716267066325,2582.5730215634962,HIGH,CR01,2566.7443431604997,0.993870965788447,2844.843062285432,SYNTHETIC
BLST_2025_0168,2025,2025-02-28 13:30:10.404624278,14,3675,0.28853658220790634,213.87114592881065,50.012800848903076,2.8079916246980017,344.75227927668163,1976.4131117368647,HIGH,CR01,2374.113889993977,1.2012235073200936,2578.5414024593624,SYNTHETIC
BLST_2025_0169,2025,2025-02-28 21:55:08.670520231,289,3960,0.3971351291345905,113.3433560046012,66.51358505371246,4.262082255974084,364.5166438754341,2611.7042008488706,HIGH,CR02,2961.1052606688863,1.1337827843239106,3299.7966908714147,SYNTHETIC
BLST_2025_0170,2025,2025-03-01 06:20:06.936416185,193,4035,0.39136229017707963,209.80851177883454,45.38115557542618,2.509855198137608,347.34437522927755,2873.1834494895998,HIGH,CR01,3244.109707217395,1.1290993994113698,3459.0361819148816,SYNTHETIC
BLST_2025_0171,2025,2025-03-01 14:45:05.202312139,318,4260,0.5826866956819776,178.2165982420767,44.23895147756592,3.8716423403644034,349.0194697106898,2831.369792008144,MEDIUM,CR02,3352.76148069229,1.1841482134039263,3777.997522665233,SYNTHETIC
BLST_2025_0172,2025,2025-03-01 23:10:03.468208093,31,3750,0.49434177187857986,200.78653666525486,59.49966329452142,1.103244400390298,330.42382727354203,2566.4858710590142,HIGH,CR02,2817.2277672192804,1.0976985297241484,3183.234450985863,SYNTHETIC
BLST_2025_0173,2025,2025-03-02 07:35:01.734104046,272,3705,0.4638097686645394,161.7963975722384,61.85542013966163,3.657257704879396,334.7968097136795,2793.160860843349,MEDIUM,CR02,2933.6373465541706,1.0502930166608475,3537.2601729734756,SYNTHETIC
BLST_2025_0174,2025,2025-03-02 16:00:00.000000000,229,3645,0.37310627941206764,169.4440251439186,47.45851165147691,0.5826130223232608,323.1101927694695,3012.693028209367,HIGH,CR02,3038.758397476009,1.0086518503619781,3924.5280792700673,SYNTHETIC
BLST_2025_0175,2025,2025-03-03 00:24:58.265895954,58,3960,0.3425490716670708,185.0358549675769,72.11418766296545,2.76931727405485,341.0208021839824,3351.850258992175,MEDIUM,CR02,3047.266338468763,0.9091296158871389,3671.987207516267,SYNTHETIC
BLST_2025_0176,2025,2025-03-03 08:49:56.531791908,226,3645,0.35090808922354766,90.59333817902171,43.41288051933125,2.9187734140841024,345.4382019336298,2127.733190197154,HIGH,CR02,2188.395897534791,1.0285104860031893,2411.0947339089907,SYNTHETIC
BLST_2025_0177,2025,2025-03-03 17:14:54.797687861,114,3810,0.6229202119619373,192.34624161987188,62.58756897343359,4.641723261194505,340.33544143740943,2825.3708201090913,HIGH,CR01,3218.442999254914,1.1391223326680515,3934.592745196676,SYNTHETIC
BLST_2025_0178,2025,2025-03-04 01:39:53.063583815,139,3750,0.5379314983395656,114.41846033307482,42.12325708796534,1.0615435620489349,391.3754371024013,1719.6354639138976,LOW,CR01,2435.694902034953,1.4164018788559414,2904.5659320052896,SYNTHETIC
BLST_2025_0179,2025,2025-03-04 10:04:51.329479769,110,3675,0.4927463075816867,177.5774730526089,69.37102265042355,3.7541658872470167,348.9759419758409,2446.811070348321,HIGH,CR02,2492.495514104716,1.0186710140026838,3033.7736627075515,SYNTHETIC
BLST_2025_0180,2025,2025-03-04 18:29:49.595375723,258,3765,0.44205177621306185,107.10185161138949,50.09858972213299,5.7457694616676935,325.5957264913096,2867.409392997041,HIGH,CR01,2801.5678009905228,0.9770379520387565,3393.220182953359,SYNTHETIC
BLST_2025_0181,2025,2025-03-05 02:54:47.861271676,190,4080,0.1910791411041019,120.8670183997007,67.1936545255059,3.420197989527123,357.64025081409176,2684.899103733424,MEDIUM,CR01,2852.9996584100427,1.0626096356629828,3495.9786811197355,SYNTHETIC
BLST_2025_0182,2025,2025-03-05 11:19:46.127167630,61,3705,0.5838009052210081,121.81715446564554,57.666558696212654,2.767260647847381,346.9336188255335,2251.5728635712117,HIGH,CR02,2461.886718869001,1.0934075279998763,2880.320210196969,SYNTHETIC
BLST_2025_0183,2025,2025-03-05 19:44:44.393063584,86,3960,0.4742089088546341,116.57994606764726,28.942708120444703,2.1765600243720296,345.0097695932382,2995.278779071474,HIGH,CR01,2984.405446723621,0.9963698429595846,3591.2570815593813,SYNTHETIC
BLST_2025_0184,2025,2025-03-06 04:09:42.658959538,214,3735,0.5640310230370654,100.46198167430441,61.93742591358338,4.288944539842408,364.42526650025906,2726.2363091090156,HIGH,CR02,2760.244973925791,1.0124745843576157,3098.6662968193364,SYNTHETIC
BLST_2025_0185,2025,2025-03-06 12:34:40.924855491,357,4215,0.5400791257489034,115.07778994975189,57.4022836118218,3.4982113322085286,316.4876350026509,3024.759386798361,HIGH,CR02,2795.17956046553,0.9240998053151473,3324.906182874952,SYNTHETIC
BLST_2025_0186,2025,2025-03-06 20:59:39.190751445,78,3720,0.5151509839660324,206.91535614976647,49.90661273367209,3.393417975362188,326.4855998317129,2798.727264904752,HIGH,CR01,2978.3795171949437,1.0641906964436945,3539.752930316794,SYNTHETIC
BLST_2025_0187,2025,2025-03-07 05:24:37.456647399,109,3870,0.35621571613082675,139.86067621382884,60.95217641392517,2.454882058216025,353.43065583819697,2877.6310591041033,HIGH,CR02,2878.070501504379,1.0001527097780258,3263.9999909504927,SYNTHETIC
BLST_2025_0188,2025,2025-03-07 13:49:35.722543353,125,3915,0.444968317072729,122.6726041859713,37.143933524578216,2.483329799063556,360.42817449827066,2639.7877813867367,HIGH,CR01,2643.090360038173,1.0012510773308079,3059.107752181091,SYNTHETIC
BLST_2025_0189,2025,2025-03-07 22:14:33.988439306,118,3645,0.40655525125638836,136.01791915110823,44.07057867908557,2.9655219148951053,362.04310876180165,1738.9463777606536,HIGH,CR01,2081.3226796365684,1.1968872107010071,2455.946144951155,SYNTHETIC
BLST_2025_0190,2025,2025-03-08 06:39:32.254335260,326,4275,0.44061547446008037,257.1841639565569,67.13634525642043,1.9850000953406175,353.6195239006762,2860.539971296386,HIGH,CR01,3077.4790265125653,1.0758384981132998,3733.563632774444,SYNTHETIC
BLST_2025_0191,2025,2025-03-08 15:04:30.520231214,175,3885,0.5293921579006448,216.56036343911302,41.600276717084014,3.527263134324597,353.406729165726,2503.9238026878797,LOW,CR02,2768.2061002801393,1.1055472603873013,3178.8626903705863,SYNTHETIC
BLST_2025_0192,2025,2025-03-08 23:29:28.786127168,58,4125,0.3902766992085999,138.9498515777655,42.52766425425291,3.3979407032927824,363.4177654429966,2419.5971894789736,HIGH,CR02,2448.5971120017048,1.0119854340420091,2771.3344909245457,SYNTHETIC
BLST_2025_0193,2025,2025-03-09 07:54:27.052023122,140,3945,0.5856162383886032,182.8085358536776,48.998541024662714,5.231786107120564,322.9744499508972,3471.2042221514216,HIGH,CR02,3308.4181500122754,0.9531038620256538,3884.7619021337223,SYNTHETIC
BLST_2025_0194,2025,2025-03-09 16:19:25.317919075,121,4035,0.49002202392705224,97.32304395046367,61.80900712366118,4.602197570519246,348.48767290439815,2849.024017504711,MEDIUM,CR02,2576.757879599102,0.9044352956546605,3078.11124066743,SYNTHETIC
BLST_2025_0195,2025,2025-03-10 00:44:23.583815029,151,3765,0.4937284274600409,130.5245520351066,51.52943444538948,1.7097621552422924,341.523683139355,3022.756631008078,HIGH,CR02,2999.8801903713666,0.9924319277304564,3341.333663405333,SYNTHETIC
BLST_2025_0196,2025,2025-03-10 09:09:21.849710983,144,4215,0.4140644184690835,192.6471798717301,55.84043251421686,4.346534103181169,349.97748201206736,2124.0502947085333,HIGH,CR01,2733.7859164541856,1.287062704336444,3415.029571816551,SYNTHETIC
BLST_2025_0197,2025,2025-03-10 17:34:20.115606937,34,3810,0.451304925733342,186.9532414485581,75.89787612991063,4.595382478542485,364.556170897483,2135.5315808590485,MEDIUM,CR01,2544.453789328221,1.1914849736404636,3017.446681216636,SYNTHETIC
BLST_2025_0198,2025,2025-03-11 01:59:18.381502890,231,4125,0.464285992734841,126.18579762264999,48.8806253003747,1.2809158678609955,349.1885325432488,2218.999456022861,MEDIUM,CR01,2741.2092688535085,1.235335710161286,3467.9255769591737,SYNTHETIC
BLST_2025_0199,2025,2025-03-11 10:24:16.647398844,35,4005,0.4984996209692376,194.09123027874818,75.9677346966117,5.06719093665251,310.0659210479275,1948.5771032453913,HIGH,CR01,2560.186090783085,1.3138746660417222,3240.626516963256,SYNTHETIC
BLST_2025_0200,2025,2025-03-11 18:49:14.913294798,206,3600,0.37075848895744346,130.3342862715741,44.621474910815444,3.8407533821795683,379.5027421368474,2932.0460294218406,HIGH,CR01,3075.584755901894,1.0489551408946869,3591.034307322986,SYNTHETIC
BLST_2025_0201,2025,2025-03-12 03:14:13.179190752,238,3885,0.3717144361719874,132.6799951849473,51.319518643958176,4.534083990618147,359.0554122712758,1684.0539529739137,HIGH,CR02,1826.069507442776,1.0843295752004105,2384.331406357314,SYNTHETIC
BLST_2025_0202,2025,2025-03-12 11:39:11.445086705,429,3780,0.38441818681336987,45.0,48.66925681772161,2.1492053202969608,342.70717208402317,2490.7516387449023,HIGH,CR02,2422.5435066768273,0.9726154422596525,2978.0505758469435,SYNTHETIC
BLST_2025_0203,2025,2025-03-12 20:04:09.710982659,73,4290,0.472996376215382,154.25926069864443,43.357698817496484,3.2852248380037103,345.6120278057235,2443.078994240759,HIGH,CR02,2428.007251335418,0.9938308409425685,3038.8522374470895,SYNTHETIC
BLST_2025_0204,2025,2025-03-13 04:29:07.976878613,72,3630,0.5675269169306446,225.37400728051338,63.46546766244994,5.565119756446199,354.54379256281726,2462.7885708715785,HIGH,CR02,2834.1312073023523,1.1507813706880068,3368.6131106558246,SYNTHETIC
BLST_2025_0205,2025,2025-03-13 12:54:06.242774567,93,4140,0.5499471668008169,156.62839587495336,68.90712759890944,2.0294359199581313,360.0199113869456,2899.8851779962174,MEDIUM,CR01,2991.9399952365266,1.0317442973048738,3500.801752238425,SYNTHETIC
BLST_2025_0206,2025,2025-03-13 21:19:04.508670520,71,3675,0.2638116919862351,142.79612428595775,67.72963808489197,2.7423356093723097,325.45321804388095,3298.8730168881957,MEDIUM,CR01,3255.0722201837634,0.9867224969011541,4064.794123080006,SYNTHETIC
BLST_2025_0207,2025,2025-03-14 05:44:02.774566474,104,4185,0.4972519301466861,179.9606916218981,60.20490349208952,2.5093303940605534,351.5874033203489,2224.4014233396847,MEDIUM,CR01,2814.02812083441,1.2650720734612138,3553.7046113528595,SYNTHETIC
BLST_2025_0208,2025,2025-03-14 14:09:01.040462428,140,4245,0.5536341887367967,157.405220631266,39.37040216557007,5.26323813603954,365.03903141408654,2629.0205384936276,MEDIUM,CR01,2879.4770206785906,1.0952660804728704,3515.7519662378063,SYNTHETIC
BLST_2025_0209,2025,2025-03-14 22:33:59.306358382,610,4140,0.4693326639760962,181.01534343609754,47.94348122784717,2.511148779908816,376.76971406699147,2452.681709089522,HIGH,CR02,2985.619475770451,1.2172877812501668,3790.8550253453027,SYNTHETIC
BLST_2025_0210,2025,2025-03-15 06:58:57.572254335,321,4125,0.5332262637435513,239.9340471728566,85.97286667734046,3.7479396194442685,349.24000271989445,1818.7033817094502,MEDIUM,CR01,2606.0019580524013,1.432890038178159,3162.0081340603538,SYNTHETIC
BLST_2025_0211,2025,2025-03-15 15:23:55.838150289,184,3810,0.3279045721740231,159.2115309237072,38.6452287025146,5.1731727454681,338.8121814898915,3384.37329011032,HIGH,CR02,3128.358815770933,0.9243539490494437,3551.3494225264412,SYNTHETIC
BLST_2025_0212,2025,2025-03-15 23:48:54.104046243,39,4290,0.5495659953047866,181.11194865954752,73.38393850113751,1.7337943469041834,368.6155748864933,1928.0713662655353,HIGH,CR01,2213.6175754470532,1.1480993982782857,2533.0083796495524,SYNTHETIC
BLST_2025_0213,2025,2025-03-16 08:13:52.369942197,54,4095,0.501434005020635,112.71322500840725,59.922031214375224,1.6455827949613013,330.44671881456475,2500.312918493187,HIGH,CR01,2787.249894464735,1.114760426124771,3656.501864187792,SYNTHETIC
BLST_2025_0214,2025,2025-03-16 16:38:50.635838150,192,3615,0.23359163104122768,129.94253427795658,64.70191970548566,4.6025472179704465,351.746736378126,2113.256487572592,HIGH,CR01,2283.871272801411,1.0807354839472405,2617.1646752374068,SYNTHETIC
BLST_2025_0215,2025,2025-03-17 01:03:48.901734104,172,3780,0.37950540530630017,169.8826208334467,70.31801268317949,3.232069203016715,346.3250009225885,2973.403201310941,HIGH,CR02,2986.6955911997734,1.0044704296689302,3357.8017301431814,SYNTHETIC
BLST_2025_0216,2025,2025-03-17 09:28:47.167630058,407,3810,0.38322027457343133,175.07520048137326,74.02534811869053,2.3854845524484745,365.1232039507915,2690.976426984639,HIGH,CR02,3114.233550961544,1.15728756288333,3418.61769067639,SYNTHETIC
BLST_2025_0217,2025,2025-03-17 17:53:45.433526012,139,4110,0.4237213500238238,191.4025929176299,56.585604394970126,3.5256347418465634,367.13153304065946,2292.6931264947125,HIGH,CR02,2773.671207572835,1.2097873786595625,3277.821901378408,SYNTHETIC
BLST_2025_0218,2025,2025-03-18 02:18:43.699421965,174,3765,0.6561838238501148,92.40796322370025,82.25251440346774,2.537689548253698,357.97708702825764,2266.207864371793,HIGH,CR01,2762.1413284015453,1.2188384710099078,2900.2483948216227,SYNTHETIC
BLST_2025_0219,2025,2025-03-18 10:43:41.965317919,95,3630,0.4688130667188306,146.05007782651134,59.94105407784475,2.880495020604648,349.5284507568989,2438.614484837376,LOW,CR02,2697.610731556918,1.1062063103167425,3095.4437416172927,SYNTHETIC
BLST_2025_0220,2025,2025-03-18 19:08:40.231213873,448,3630,0.4530096952609888,211.09401331789195,68.97137988922523,4.198184892833617,372.8274420946884,3334.5163528541098,MEDIUM,CR01,3599.0277510045726,1.0793252664435309,4238.2838703298,SYNTHETIC
BLST_2025_0221,2025,2025-03-19 03:33:38.497109827,9,3900,0.34276802854810423,151.74595698917088,50.63148888760807,5.1010483848533985,331.1733648873416,2901.8528596993806,HIGH,CR01,3083.379779802331,1.0625555218956746,3875.345769531228,SYNTHETIC
BLST_2025_0222,2025,2025-03-19 11:58:36.763005780,212,4005,0.6718107007674434,175.8452046133848,57.86344049088909,1.769627808856454,377.49479930139955,2518.9008755246286,MEDIUM,CR02,2730.125226963532,1.0838557616503708,3108.12325987342,SYNTHETIC
BLST_2025_0223,2025,2025-03-19 20:23:35.028901734,148,3705,0.4737526746831351,140.6727292599648,39.09263421220897,5.75847078285906,359.13184000388856,2680.167733331726,MEDIUM,CR01,2881.7344561868213,1.0752067567817953,3344.56025828272,SYNTHETIC
BLST_2025_0224,2025,2025-03-20 04:48:33.294797688,156,3840,0.6303665807476598,193.05525808179914,67.94538323622182,4.385926803100579,357.7970347907111,2848.0044399022227,HIGH,CR02,2807.1864887175702,0.9856678765619994,3286.454021699107,SYNTHETIC
BLST_2025_0225,2025,2025-03-20 13:13:31.560693642,86,3750,0.5703570046020159,121.77757330882724,65.87385157039438,4.377233717767514,382.3852312304854,2647.2019988958314,HIGH,CR01,3123.2842836562468,1.179843580111753,3874.657228807301,SYNTHETIC
BLST_2025_0226,2025,2025-03-20 21:38:29.826589596,146,4275,0.3727670895376508,156.3455754330996,57.26081808776605,0.8795041309574962,347.76304810990683,2644.268147839745,HIGH,CR02,2982.8757337356806,1.128053422332589,3474.754380747551,SYNTHETIC
BLST_2025_0227,2025,2025-03-21 06:03:28.092485549,60,4260,0.4943562193606736,179.7572989421695,51.79532404368867,4.696377497646419,324.25671252550666,2651.865239701563,MEDIUM,CR01,2853.125721141405,1.0758939324769352,3453.8736193139225,SYNTHETIC
BLST_2025_0228,2025,2025-03-21 14:28:26.358381503,38,3645,0.23487929958876927,176.6994294781874,62.40589965500832,3.30276524918741,365.55785257876346,2816.584579455273,HIGH,CR01,2938.0810441377694,1.0431360966642778,3581.1573782243213,SYNTHETIC
BLST_2025_0229,2025,2025-03-21 22:53:24.624277457,85,4200,0.49120032195950525,168.50727588628743,70.30804012750966,2.8321519757670606,337.5777361159235,2764.326606133033,MEDIUM,CR02,2941.556926355009,1.064113379305024,3474.1626882618643,SYNTHETIC
BLST_2025_0230,2025,2025-03-22 07:18:22.890173411,241,4050,0.4933883560050456,122.2171364435655,59.16978652461185,3.2727561076775338,329.0487609870404,2955.462678905043,HIGH,CR01,3002.3026352170996,1.0158486035524597,3261.2098044421664,SYNTHETIC
BLST_2025_0231,2025,2025-03-22 15:43:21.156069364,46,4170,0.5109585681412661,174.15362316974694,77.15146215123127,2.8208699970058375,351.3204469435295,2718.054926553795,LOW,CR01,3356.013625591312,1.234711481657356,3873.215598224266,SYNTHETIC
BLST_2025_0232,2025,2025-03-23 00:08:19.421965318,35,4200,0.4166922008538842,168.40291033116605,62.30446149185575,3.4966132748401857,290.0,2900.162228438351,HIGH,CR01,2957.2754522680098,1.01969311346435,3450.4970265443058,SYNTHETIC
BLST_2025_0233,2025,2025-03-23 08:33:17.687861272,291,3825,0.44669533070416356,153.13887771227243,48.685032275216,3.3791624199816264,368.55677142576207,2650.9008596381614,MEDIUM,CR02,2956.7772061952955,1.1153858113723971,3375.5024621297293,SYNTHETIC
BLST_2025_0234,2025,2025-03-23 16:58:15.953757226,61,3795,0.4290041563897667,130.20778047763835,56.68727668303802,3.08338527671955,329.428697031027,2170.571049731065,HIGH,CR01,2185.1992049207197,1.0067393118467451,2374.847318486093,SYNTHETIC
BLST_2025_0235,2025,2025-03-24 01:23:14.219653179,92,3645,0.36375877341671886,65.57448318840106,68.60067451662484,5.1654558637385355,381.5933565378642,3209.3144630628103,MEDIUM,CR01,2913.9778372045043,0.9079751675139832,3613.512344255464,SYNTHETIC
BLST_2025_0236,2025,2025-03-24 09:48:12.485549133,458,4005,0.7608378615181897,227.43779294065257,76.72789579843291,3.1890199469393177,377.015852969474,2900.469889398496,HIGH,CR02,3182.9495533101135,1.0973910003148486,3479.9134265737644,SYNTHETIC
BLST_2025_0237,2025,2025-03-24 18:13:10.751445087,302,3810,0.4242253597072114,175.45773436017598,50.026148616210044,3.036957186923951,366.00101341047326,3128.467115473896,HIGH,CR02,3256.485544000358,1.0409204967804402,3676.793357690784,SYNTHETIC
BLST_2025_0238,2025,2025-03-25 02:38:09.017341041,84,3630,0.45544955771546425,142.5860093260286,45.09424838076893,4.223455975424232,358.1685662531811,3216.9625322683464,HIGH,CR01,3453.1885017770405,1.0734313710959282,3813.1142571760324,SYNTHETIC
BLST_2025_0239,2025,2025-03-25 11:03:07.283236994,250,3960,0.32721325241305793,267.96345450309343,74.11522221595325,3.538528811635964,330.27887850447485,2220.169927952995,MEDIUM,CR01,2647.4530494964524,1.1924551432589732,3125.39741999979,SYNTHETIC
BLST_2025_0240,2025,2025-03-25 19:28:05.549132948,99,3690,0.3638185287023573,170.96131910216033,52.28617112837752,4.304175855357302,362.5328870711288,2606.0350012083013,HIGH,CR01,2966.533707699855,1.1383322581332969,3419.464250088249,SYNTHETIC
BLST_2025_0241,2025,2025-03-26 03:53:03.815028902,34,3720,0.34139168760561733,70.20191197124088,55.71233594509679,3.0709725429564636,332.5780060026312,1840.8746224163351,LOW,CR02,1600.7517377573256,0.8695604351675923,1846.401685862315,SYNTHETIC
BLST_2025_0242,2025,2025-03-26 12:18:02.080924856,187,3975,0.5590660885332475,128.68905697685727,47.486960899729375,2.794105059460962,373.6280260503748,2720.5211304956892,HIGH,CR02,2776.958819599023,1.0207451757939667,3108.821700541333,SYNTHETIC
BLST_2025_0243,2025,2025-03-26 20:43:00.346820809,141,3960,0.38509206874556867,203.84831996043002,78.18213655451893,2.7073123021110916,371.0918887529715,2019.0216410409917,HIGH,CR01,2484.9353347033207,1.2307621098217192,2923.436209994418,SYNTHETIC
BLST_2025_0244,2025,2025-03-27 05:07:58.612716763,181,4140,0.4398657270164959,171.21123115167282,48.90071064390864,2.55168710557235,320.2187543554928,2226.273965064934,HIGH,CR01,2527.266438088321,1.1352001046351938,3305.8966177587813,SYNTHETIC
BLST_2025_0245,2025,2025-03-27 13:32:56.878612717,107,4290,0.19181602601877257,253.2402258144703,70.18846888203849,2.4256234364683085,363.76310275200655,2337.2789788779965,HIGH,CR02,2618.4733387193874,1.120308428040703,2910.089007123926,SYNTHETIC
BLST_2025_0246,2025,2025-03-27 21:57:55.144508671,29,3900,0.2980612911942354,184.67876600969166,53.39312022413526,2.767498571188871,351.8240096355655,2370.6488009431073,HIGH,CR01,2525.731192073649,1.0654176996056293,2935.5506639475716,SYNTHETIC
BLST_2025_0247,2025,2025-03-28 06:22:53.410404624,234,4290,0.5750809321778526,136.49585772241082,65.6130858166861,1.0576858373292168,369.8788008691119,2421.238826465753,HIGH,CR02,2565.7580035079036,1.0596881131520195,2831.6424417332414,SYNTHETIC
BLST_2025_0248,2025,2025-03-28 14:47:51.676300578,141,3600,0.5994294210524931,199.20756566475248,63.04412856780006,1.756266563431985,344.7547772196102,3022.1248492630066,HIGH,CR01,3282.951137994478,1.0863055968038773,3783.2129346460792,SYNTHETIC
BLST_2025_0249,2025,2025-03-28 23:12:49.942196532,321,3945,0.5095130162898811,215.60145108561412,60.30803558111152,3.1435536088930407,378.85081018182416,2805.5422314033153,HIGH,CR02,2903.473663547734,1.034906418819236,3567.2749943436097,SYNTHETIC
BLST_2025_0250,2025,2025-03-29 07:37:48.208092486,45,3765,0.4872503089873833,156.4702417583982,56.49503956418253,1.4986778203212643,393.08635480414557,1945.7439850693236,MEDIUM,CR02,2539.4684278079094,1.305140063284036,3128.0074869183004,SYNTHETIC
BLST_2025_0251,2025,2025-03-29 16:02:46.473988439,49,3705,0.18,175.19276769059124,76.63957073256151,4.656860408765703,332.87590895607644,2649.5462143715545,HIGH,CR01,2376.5488158154512,0.8969644699626969,2700.859537194372,SYNTHETIC
BLST_2025_0252,2025,2025-03-30 00:27:44.739884393,230,4200,0.48430881752521304,132.93804332191957,45.03973768400757,3.249757549741795,340.62805772069055,2548.483544855182,LOW,CR02,2674.9084860078747,1.0496079095381707,3016.5188548546,SYNTHETIC
BLST_2025_0253,2025,2025-03-30 08:52:43.005780347,74,4095,0.4594556910014313,201.7636674485731,47.29204678113926,3.9150553807960415,389.86465939009355,2460.552682631362,HIGH,CR01,2877.9609678589945,1.1696400520801888,3528.959536125114,SYNTHETIC
BLST_2025_0254,2025,2025-03-30 17:17:41.271676301,56,3900,0.29834499082624466,106.11218041813959,64.96845748594542,3.2762182121180023,355.0904199798123,2383.2553748357577,MEDIUM,CR01,2416.3826656180904,1.0139000172336192,3037.3329008733963,SYNTHETIC
BLST_2025_0255,2025,2025-03-31 01:42:39.537572254,81,4005,0.33949491737855314,166.30778138386918,65.74536364361629,3.318373497773602,331.8899620229513,2947.6358828430944,HIGH,CR01,3150.811206229629,1.068928229761732,3513.8078036777956,SYNTHETIC
BLST_2025_0256,2025,2025-03-31 10:07:37.803468208,61,3990,0.5905691622806277,138.09050000438543,55.98369298909111,2.5567486172573277,349.6218692625273,2572.4242684748037,HIGH,CR02,2491.3732711592843,0.9684923679546941,2956.0473268450787,SYNTHETIC
BLST_2025_0257,2025,2025-03-31 18:32:36.069364162,211,3645,0.5609187575735034,106.79177135578341,38.258183913946525,3.2745614960498264,357.19192908567373,3168.5302139018963,HIGH,CR02,3145.758456994411,0.9928131482516486,3455.254087585301,SYNTHETIC
BLST_2025_0258,2025,2025-04-01 02:57:34.335260116,92,3825,0.5832661701840478,62.76328315669812,56.14765535980254,0.6029366709880741,381.0964293581787,2309.765256606602,MEDIUM,CR01,2430.958872998937,1.0524701010397857,3139.6999574830556,SYNTHETIC
BLST_2025_0259,2025,2025-04-01 11:22:32.601156070,43,3810,0.25732946450592703,134.62305690875877,46.67426937816602,3.114965589004821,395.2817712262789,3047.693276006187,HIGH,CR02,2807.3462090193534,0.9211380394218038,3052.7498664061704,SYNTHETIC
BLST_2025_0260,2025,2025-04-01 19:47:30.867052023,109,4140,0.45739513036788837,107.78778818638146,62.53490392640015,3.7317017735833433,334.30831527635604,3148.842228885968,LOW,CR02,3151.716179036984,1.0009127005871086,3827.106313172141,SYNTHETIC
BLST_2025_0261,2025,2025-04-02 04:12:29.132947977,187,3855,0.4417994019371977,243.5073517908447,41.07316818000663,1.3464642837669896,344.8390534685819,2311.292381888087,HIGH,CR01,2820.8911224277704,1.2204821616395385,3413.335429051008,SYNTHETIC
BLST_2025_0262,2025,2025-04-02 12:37:27.398843931,96,4125,0.4698501099828211,243.34938224764193,61.29372407644065,2.3827074407846074,297.6264117345952,2752.5096142648563,HIGH,CR01,3152.9856793084714,1.1454948832760299,3777.0036773891443,SYNTHETIC
BLST_2025_0263,2025,2025-04-02 21:02:25.664739885,111,3990,0.21864780094402242,214.85980310652388,63.81692670376296,2.8206662785847705,369.5634685401546,3013.367748848641,HIGH,CR02,2968.84910145808,0.9852262813234226,3675.165379193819,SYNTHETIC
BLST_2025_0264,2025,2025-04-03 05:27:23.930635838,139,3645,0.3351367988969871,153.55427133606867,57.272148340812834,3.739822061798598,361.2510372381469,2441.9607011521844,HIGH,CR01,2792.770551910368,1.1436590894327914,3128.73608018661,SYNTHETIC
BLST_2025_0265,2025,2025-04-03 13:52:22.196531792,438,3795,0.489412586588987,85.77237654745697,75.7381860714045,3.5723044727161932,370.1448462116952,2592.57402437774,HIGH,CR01,2957.450297830301,1.1407389991651782,3555.6571879030507,SYNTHETIC
BLST_2025_0266,2025,2025-04-03 22:17:20.462427746,101,4245,0.5083332963357656,88.49567527840394,60.793986768354706,4.854725396773468,328.65153618047117,2405.9955631852945,HIGH,CR01,2308.5752776873815,0.9595093661066696,2865.1132826387516,SYNTHETIC
BLST_2025_0267,2025,2025-04-04 06:42:18.728323700,96,4080,0.6923918565655104,203.20648282509157,55.03860944237892,3.7512318149053554,370.0001407567397,3297.905916709522,LOW,CR01,3470.9148984794138,1.0524602539124315,4216.845363585868,SYNTHETIC
BLST_2025_0268,2025,2025-04-04 15:07:16.994219653,24,4275,0.48292635844098586,84.66180764501465,54.2585702046714,3.2460897012422225,321.60457906451506,2156.790460595111,HIGH,CR02,2232.919631357208,1.0352974348472828,2760.102106846545,SYNTHETIC
BLST_2025_0269,2025,2025-04-04 23:32:15.260115607,349,3795,0.5968427763679853,219.83327133011238,69.34785722588954,3.3823716006168887,351.6652344795103,2145.196048447608,MEDIUM,CR01,2808.395126229521,1.3091554630924493,3443.9440107013356,SYNTHETIC
BLST_2025_0270,2025,2025-04-05 07:57:13.526011561,24,3750,0.3718401981344146,155.98742907344794,73.77062406316381,2.942876682197563,323.8737353239922,3133.6988703452835,LOW,CR01,3547.93126206227,1.1321864061786335,4280.074500686388,SYNTHETIC
BLST_2025_0271,2025,2025-04-05 16:22:11.791907515,57,4035,0.43559594932753326,100.30477050319679,56.21714313335533,5.599608550522234,398.93627556809054,3273.240740185141,HIGH,CR01,3300.821195550557,1.0084260393764548,3895.286376834762,SYNTHETIC
BLST_2025_0272,2025,2025-04-06 00:47:10.057803468,658,3675,0.4495593950755039,150.15150656502266,45.16987745692285,3.1208445401242475,383.78469990638405,2344.951100869858,HIGH,CR02,2625.2716548906155,1.1195421746392806,2906.1163330638183,SYNTHETIC
BLST_2025_0273,2025,2025-04-06 09:12:08.323699422,20,4245,0.3302401742245086,150.3977575880994,38.91825113653373,2.905850676621245,322.1274846370039,3176.847674885966,LOW,CR02,3020.5660299810256,0.9508060628337963,3547.4210683059873,SYNTHETIC
BLST_2025_0274,2025,2025-04-06 17:37:06.589595376,20,3720,0.5918635312063953,119.69223664391939,53.96175014576859,3.6046825742289768,368.94871273108146,2444.371837664452,HIGH,CR01,2641.4201584741645,1.080613071126686,3017.8667483329555,SYNTHETIC
BLST_2025_0275,2025,2025-04-07 02:02:04.855491330,290,3690,0.6492832044246513,156.97622380856077,64.24316334403737,2.164458779691439,311.4143054204355,2790.3606171329575,HIGH,CR02,3044.3549692434,1.091025636812283,3462.947015700907,SYNTHETIC
BLST_2025_0276,2025,2025-04-07 10:27:03.121387283,106,3705,0.4624705068837588,150.4648113695109,42.579205792090846,1.8862275340688526,318.0695695307702,3041.0627518998836,HIGH,CR02,3169.465827697329,1.0422230931332235,4067.329252106418,SYNTHETIC
BLST_2025_0277,2025,2025-04-07 18:52:01.387283237,190,3630,0.36721493425027957,45.0,52.718956376391446,5.318783427003142,345.80158010272487,2184.881625686926,HIGH,CR02,2366.2137642630996,1.0829940333811736,2573.6061608746923,SYNTHETIC
BLST_2025_0278,2025,2025-04-08 03:16:59.653179191,72,3765,0.620708276192641,217.43804164952292,67.52986936787353,2.88874332638185,322.6994222722019,1983.934087715151,HIGH,CR01,2580.9499820672213,1.300925266645143,2709.9974811705824,SYNTHETIC
BLST_2025_0279,2025,2025-04-08 11:41:57.919075145,387,3960,0.3541436374779408,152.3401308274172,74.31887104641106,4.666166008568943,366.4798530266736,2859.454620735276,HIGH,CR01,3247.4839250042887,1.1357004589110198,3669.276957979109,SYNTHETIC
BLST_2025_0280,2025,2025-04-08 20:06:56.184971098,201,3675,0.3664027056316581,133.77505866162008,50.45093214363948,4.047981180247659,332.2632906127381,2880.5089979370405,LOW,CR01,2681.848827054614,0.9310329629156852,3302.2636655450333,SYNTHETIC
BLST_2025_0281,2025,2025-04-09 04:31:54.450867052,119,3930,0.3256155228701499,49.69276953121113,69.7443858614213,2.1680983206661146,362.78805660771985,1960.7343973841846,HIGH,CR02,2070.9925816050045,1.0562331054975704,2699.1113260309808,SYNTHETIC
BLST_2025_0282,2025,2025-04-09 12:56:52.716763006,91,3750,0.4444113947103244,205.02439799827215,62.08367858772289,2.6675381533652933,358.8148320732552,3115.5985738078607,LOW,CR01,2927.7683602802676,0.9397129607431973,3496.080982221075,SYNTHETIC
BLST_2025_0283,2025,2025-04-09 21:21:50.982658960,75,4125,0.5280526484912507,189.4609666259491,44.42019524293199,2.3721983117873124,368.57631560252275,2275.8623605031826,HIGH,CR01,2539.3289770996994,1.1157656197355739,2966.341593221234,SYNTHETIC
BLST_2025_0284,2025,2025-04-10 05:46:49.248554913,224,3990,0.34215016628929945,178.53538035026924,62.12826717541042,3.5277948086482915,357.76553278614995,2610.411705543657,HIGH,CR01,2838.889667062477,1.0875256424239932,3505.8445999075366,SYNTHETIC
BLST_2025_0285,2025,2025-04-10 14:11:47.514450867,172,4200,0.4721480914344801,143.4281985436451,41.58868218745711,2.8511467861942354,313.4845563633333,2369.0563753014994,HIGH,CR02,2335.133693290941,0.985680930870106,3041.4937181684336,SYNTHETIC
BLST_2025_0286,2025,2025-04-10 22:36:45.780346821,164,3600,0.5478154849834529,160.28482992090233,61.01695435156883,3.9254247567209988,318.72892142370677,2639.2463111122734,HIGH,CR02,2781.191806553299,1.0537825874164828,3261.993896029038,SYNTHETIC
BLST_2025_0287,2025,2025-04-11 07:01:44.046242775,183,3750,0.44242849342217105,176.7916696030526,73.6080270620286,4.074604306540157,388.5174540113689,2027.5237118753328,HIGH,CR01,2761.2800446308497,1.3618977812480615,3076.700970017991,SYNTHETIC
BLST_2025_0288,2025,2025-04-11 15:26:42.312138728,433,3825,0.5298090696401115,137.31357374079525,48.13767768573239,2.7620820626157214,349.32040856790644,1931.8271073742685,HIGH,CR02,2144.2425412632965,1.1099557165743172,2335.261036160241,SYNTHETIC
BLST_2025_0289,2025,2025-04-11 23:51:40.578034682,236,3870,0.3177831782277014,145.26492553986304,76.25366893490516,3.110660603128163,334.1380042547065,2195.96990343395,HIGH,CR01,2623.882050165825,1.1948624824332643,2850.194542222546,SYNTHETIC
BLST_2025_0290,2025,2025-04-12 08:16:38.843930636,237,3990,0.41373689561302557,171.11527816432948,58.33202270907312,2.5159867332687686,337.20570185625854,2678.858072743743,MEDIUM,CR01,3103.349019164663,1.158459662622644,3608.8977122439787,SYNTHETIC
BLST_2025_0291,2025,2025-04-12 16:41:37.109826590,148,4275,0.4537981013069335,253.4011094391946,69.34339285190416,4.201723542473726,341.3115208317965,2713.6743739640247,HIGH,CR01,2985.249792223685,1.1000766417906485,3374.0113580650445,SYNTHETIC
BLST_2025_0292,2025,2025-04-13 01:06:35.375722544,551,3840,0.48627648260399065,190.1702157136741,30.754197568192797,2.0931358488983998,311.5107739234249,2740.623952822732,HIGH,CR01,3332.5539304222275,1.2159836547403124,4039.94523026725,SYNTHETIC
BLST_2025_0293,2025,2025-04-13 09:31:33.641618497,39,4095,0.5207529307996728,139.3485801546581,41.00432537998177,2.7384468602875573,365.0544440697424,2584.5508329135896,HIGH,CR01,2860.271387045583,1.1066802597266663,3388.03811066136,SYNTHETIC
BLST_2025_0294,2025,2025-04-13 17:56:31.907514451,14,4185,0.5292705131739008,124.48083274942746,57.04721642097362,2.6230001241674956,329.71031106817105,3124.2739118550985,HIGH,CR01,3109.4946298168747,0.9952695306316954,3901.81692319649,SYNTHETIC
BLST_2025_0295,2025,2025-04-14 02:21:30.173410405,142,4290,0.5178913457628627,190.25481663115784,67.09601976967457,3.9372747470072955,336.88635740184884,2891.3035976573065,HIGH,CR02,2971.0833278135287,1.0275929965365327,3226.6601400709565,SYNTHETIC
BLST_2025_0296,2025,2025-04-14 10:46:28.439306359,143,3750,0.7264821861854196,164.6589968309859,69.77508681338493,3.211210290991648,331.6047513968946,2031.2962255045463,MEDIUM,CR01,2675.4949037316564,1.3171367475303115,3262.2416694202434,SYNTHETIC
BLST_2025_0297,2025,2025-04-14 19:11:26.705202312,109,4080,0.4821567937634387,224.84103328246312,74.6810683826054,2.177326879147344,319.05406740946296,2573.265626016234,HIGH,CR01,3081.2579183780217,1.1974115253496893,3615.666823036069,SYNTHETIC
BLST_2025_0298,2025,2025-04-15 03:36:24.971098266,437,4290,0.5645762288390889,265.7694367249396,59.70415111343412,1.9997496519178406,390.7171456248859,1770.3676505185695,HIGH,CR01,2725.782685984674,1.539670409807956,3034.727698734585,SYNTHETIC
BLST_2025_0299,2025,2025-04-15 12:01:23.236994220,25,3645,0.5572823687330135,149.44732960822037,47.11175928567227,2.6575497243640704,310.4820622975012,3298.408863033309,MEDIUM,CR01,3557.0328929270395,1.0784087239129878,4319.632882395262,SYNTHETIC
BLST_2025_0300,2025,2025-04-15 20:26:21.502890174,120,3825,0.6288583018787357,209.88670396144354,56.36392395464172,4.3097525640371686,324.7247551375174,3102.9058962184718,HIGH,CR01,3346.355323695233,1.0784585274640313,3951.637376379371,SYNTHETIC
BLST_2025_0301,2025,2025-04-16 04:51:19.768786128,99,4125,0.3660078542508971,201.9818423002535,64.19469062195334,2.986548086388354,340.55114964345927,2682.5403230967836,HIGH,CR02,2921.874015119002,1.0892190473192687,3523.2053542764434,SYNTHETIC
BLST_2025_0302,2025,2025-04-16 13:16:18.034682082,172,4170,0.4629953956667554,128.1695927193849,47.19612035957276,4.5632686715211985,345.9496574219622,3030.281516423944,MEDIUM,CR01,2908.326030764918,0.959754404005689,3673.444683593181,SYNTHETIC
BLST_2025_0303,2025,2025-04-16 21:41:16.300578034,55,4080,0.25247653235658163,98.99095823032616,62.126185472244046,2.977254558873829,363.1641595610333,3264.0075800516,HIGH,CR02,3065.7559842581886,0.9392612943042622,3520.094403268798,SYNTHETIC
BLST_2025_0304,2025,2025-04-17 06:06:14.566473988,161,4035,0.5774992477169323,188.61497176360442,54.7562653431178,2.7139283663722136,326.65442529690847,2170.4316563634816,LOW,CR02,2231.750709860864,1.028252008450762,2871.1937746752624,SYNTHETIC
BLST_2025_0305,2025,2025-04-17 14:31:12.832369942,135,4050,0.4457035438045804,191.64227747694676,56.02025698848844,2.6251854657841296,364.2536849498075,2917.3015001931935,MEDIUM,CR02,3228.6720222508216,1.106732376491428,3667.4766258770183,SYNTHETIC
BLST_2025_0306,2025,2025-04-17 22:56:11.098265896,174,4170,0.4414830812242476,146.50742322623768,55.94774705409564,4.916467665665174,342.86347743564244,2698.715230451929,MEDIUM,CR02,2692.4609436361357,0.9976824947125873,3096.4194431812844,SYNTHETIC
BLST_2025_0307,2025,2025-04-18 07:21:09.364161850,458,3675,0.587567835171567,140.50174494789377,70.76152325004469,1.2953674383351559,375.90311539653845,2848.8253073653786,MEDIUM,CR02,3136.658838020615,1.1010358655236139,3944.249442823647,SYNTHETIC
BLST_2025_0308,2025,2025-04-18 15:46:07.630057804,176,4065,0.3644121647217766,138.3925073485097,57.164817360105296,4.842657837080472,330.75876604860684,2287.160038823089,HIGH,CR01,2516.987699257555,1.1004860423115512,3071.291509553218,SYNTHETIC
BLST_2025_0309,2025,2025-04-19 00:11:05.895953758,66,4245,0.4515403994491451,169.83829627818616,56.822229264443294,5.282748362776897,368.80709239230407,3054.1939112630803,LOW,CR01,2927.4991716180616,0.9585177813439412,3236.814732555558,SYNTHETIC
BLST_2025_0310,2025,2025-04-19 08:36:04.161849712,148,3675,0.49350562877614074,184.79896318524547,63.78221626897217,5.848498478556408,343.4511756649873,2424.995643573498,HIGH,CR01,2818.3212873713755,1.1621964331524608,3070.931972864209,SYNTHETIC
BLST_2025_0311,2025,2025-04-19 17:01:02.427745664,140,3600,0.40123758310436436,137.12322456530774,58.08049569375466,2.1137863419980114,335.1176033177336,2131.789993326657,HIGH,CR02,2252.372852024864,1.0565641358087237,2536.8882965293037,SYNTHETIC
BLST_2025_0312,2025,2025-04-20 01:26:00.693641618,53,3915,0.517732501392177,163.4336022482722,73.53129792488025,5.464044068525123,358.99174049266617,2796.365328709855,MEDIUM,CR01,2972.826036631586,1.0631035959822688,3502.703891985985,SYNTHETIC
BLST_2025_0313,2025,2025-04-20 09:50:58.959537572,325,3645,0.38740483777240226,153.68561798595013,76.84374666577835,4.29816308430238,374.9338209379751,2902.3462128080323,LOW,CR01,2861.9279832377783,0.9860739461777893,3462.093544245235,SYNTHETIC
BLST_2025_0314,2025,2025-04-20 18:15:57.225433526,77,4260,0.4172712088619444,202.1961081973535,53.726941505042646,0.6253778337655334,345.61675395000685,2729.5147897819616,HIGH,CR01,2802.676491052619,1.026803921907491,3416.3087929900394,SYNTHETIC
BLST_2025_0315,2025,2025-04-21 02:40:55.491329480,342,4215,0.2876731811539592,144.24049641269977,63.59508646243554,2.944314192248596,345.9057398972501,3373.659851918288,LOW,CR01,3376.8818283655314,1.0009550389157968,3689.5629618968956,SYNTHETIC
BLST_2025_0316,2025,2025-04-21 11:05:53.757225434,164,4245,0.2815625207190442,172.6184365894665,68.96434110008379,2.871065365718453,360.6752036615339,2820.67260684798,HIGH,CR01,2994.5297938585263,1.0616367835772427,3525.3760394943392,SYNTHETIC
BLST_2025_0317,2025,2025-04-21 19:30:52.023121388,139,3705,0.42709045345340346,127.90429971281009,56.727361537606754,2.0955124300760337,388.791227148974,2299.288951103525,MEDIUM,CR02,2657.5817685697916,1.1558276602400523,3004.412757050745,SYNTHETIC
BLST_2025_0318,2025,2025-04-22 03:55:50.289017342,17,3675,0.27467701932027944,135.65889426249146,84.04947664161934,5.599283657335579,379.3418428628363,3595.984745349598,HIGH,CR01,3449.5437018584657,0.95927651148117,3861.850690562125,SYNTHETIC
BLST_2025_0319,2025,2025-04-22 12:20:48.554913294,54,3795,0.4140208412718853,162.4373297289964,75.35971352817192,3.663821522518944,360.8282222167584,2154.866317435022,HIGH,CR02,2295.989190154881,1.0654903144469026,2817.6632239442342,SYNTHETIC
BLST_2025_0320,2025,2025-04-22 20:45:46.820809248,102,4185,0.5988116936569337,177.47699108905636,57.64402686416437,2.2542804247969226,336.0441309106468,2720.435476605,MEDIUM,CR01,3035.7977827848786,1.115923464787865,3471.9532208525557,SYNTHETIC
BLST_2025_0321,2025,2025-04-23 05:10:45.086705202,52,3915,0.732211178385956,196.63556946484758,60.049129237657425,2.6778497046755794,330.16750910476065,3128.8767246510934,HIGH,CR02,3145.9522472590616,1.0054573970503335,3747.1744777476115,SYNTHETIC
BLST_2025_0322,2025,2025-04-23 13:35:43.352601156,31,3735,0.5570822215083762,172.93633281630042,62.118718317480884,6.413183867510208,360.3176554425281,2335.709572588253,HIGH,CR02,2592.9252088134285,1.110123124571583,3345.838759969634,SYNTHETIC
BLST_2025_0323,2025,2025-04-23 22:00:41.618497110,33,4020,0.3504399947765166,74.90016923749344,65.26405994810472,4.2178085006531605,378.7016003600141,2473.2522476200566,HIGH,CR02,2369.766552365694,0.9581580506582198,3022.996924893794,SYNTHETIC
BLST_2025_0324,2025,2025-04-24 06:25:39.884393064,222,3960,0.5105401033066703,167.23237926535867,68.0728908123015,3.882164196415383,365.23000444347883,2189.5569164060225,HIGH,CR02,2508.664779718808,1.14574083958346,2923.5204361630126,SYNTHETIC
BLST_2025_0325,2025,2025-04-24 14:50:38.150289018,80,3765,0.6808654516726789,168.45168400935887,48.60314988806192,6.22308297853402,347.79518037126905,2285.1619159116726,MEDIUM,CR01,2688.736142044572,1.1766064029523666,3116.47112499768,SYNTHETIC
BLST_2025_0326,2025,2025-04-24 23:15:36.416184972,186,4140,0.4457707127487356,153.2947397206567,38.23132370338446,3.5156279858787083,356.2440091326707,2600.2452296244637,MEDIUM,CR02,2873.951967232096,1.1052618939511187,3483.195481434086,SYNTHETIC
BLST_2025_0327,2025,2025-04-25 07:40:34.682080926,126,3735,0.6603679888730787,146.70052482376437,66.01799084039766,0.8232642089132347,355.4876028755513,2757.786501078379,HIGH,CR01,2783.888727163574,1.0094649190845586,3346.0950488211765,SYNTHETIC
BLST_2025_0328,2025,2025-04-25 16:05:32.947976878,40,4110,0.30146442059214784,169.20628052635166,60.415740642256246,2.446259406888333,355.6630111330137,2702.2645919619968,HIGH,CR02,2648.0677941351996,0.9799439336962014,3193.1448484377174,SYNTHETIC
BLST_2025_0329,2025,2025-04-26 00:30:31.213872832,69,4095,0.7005790314856093,215.1951386594214,66.49760193805993,3.6402244627324785,323.54288772215216,2961.2889073665933,LOW,CR01,3417.40683356593,1.1540268242874525,3831.847360792681,SYNTHETIC
BLST_2025_0330,2025,2025-04-26 08:55:29.479768786,102,4005,0.6038319636632596,179.3452929343149,68.57351665430836,4.154267656214118,349.0158107412525,2870.6404351821725,LOW,CR02,2747.447798985307,0.9570853128496926,3532.9149003933667,SYNTHETIC
BLST_2025_0331,2025,2025-04-26 17:20:27.745664740,190,3990,0.5391206992546183,177.30379757931428,73.27475162638453,1.2101592216811063,348.83935987169605,2819.351072320213,MEDIUM,CR02,3093.8651663938876,1.0973678293451268,3786.502470233261,SYNTHETIC
BLST_2025_0332,2025,2025-04-27 01:45:26.011560694,49,3810,0.3222257574345606,107.15748650909025,44.108920240148684,4.103636191909594,347.6369102351138,2496.2721476376896,HIGH,CR02,2532.017584065709,1.0143195270042358,2826.5871512567674,SYNTHETIC
BLST_2025_0333,2025,2025-04-27 10:10:24.277456648,38,3825,0.8056362785550131,143.14121646641595,73.25707926032776,3.3717598851494226,340.553603693733,2884.2452555559817,LOW,CR01,3254.9603742858926,1.1285310664950543,3946.4140270896255,SYNTHETIC
BLST_2025_0334,2025,2025-04-27 18:35:22.543352602,53,3615,0.3185604360734354,145.87403444723603,77.13385205550685,4.822050926446947,342.6806071253559,2188.3002615659825,HIGH,CR02,2361.6551035253974,1.07921894677989,2946.438492898325,SYNTHETIC
BLST_2025_0335,2025,2025-04-28 03:00:20.809248556,264,4005,0.5319766367187098,145.6046385049011,74.96010705811824,4.543718417902757,349.2168010265846,2197.327051079653,HIGH,CR01,2721.096331868837,1.2383665556439725,3376.125004224501,SYNTHETIC
BLST_2025_0336,2025,2025-04-28 11:25:19.075144508,176,3645,0.5971852578682513,156.83436744756327,54.58606712769657,4.874090435346039,341.1325101521937,3304.6644283544715,HIGH,CR01,3222.7223209518243,0.9752041064443419,3494.822935726844,SYNTHETIC
BLST_2025_0337,2025,2025-04-28 19:50:17.341040462,252,3960,0.40196121059457207,110.48200901635764,60.88423639890333,3.5197641063637763,390.6692835833571,2593.024680606245,HIGH,CR02,2504.321518383703,0.9657916243968016,2734.993299375884,SYNTHETIC
BLST_2025_0338,2025,2025-04-29 04:15:15.606936416,285,3870,0.3264903755303682,232.90402295565147,44.870834873359044,3.3720519758015386,335.62754801570696,2743.226296472549,LOW,CR02,2757.548138318441,1.0052208021862097,3034.198985880098,SYNTHETIC
BLST_2025_0339,2025,2025-04-29 12:40:13.872832370,63,3930,0.5505951290574183,180.0984030681078,65.70319467511601,2.10898904256171,364.13557335021716,2750.165197350128,HIGH,CR01,2858.0436586962733,1.0392261750130827,3405.4439319158087,SYNTHETIC
BLST_2025_0340,2025,2025-04-29 21:05:12.138728324,44,3840,0.3398569950478242,202.78997785589357,54.66926449282199,3.846345754129232,364.601343548104,3229.244078233559,HIGH,CR01,3627.9172632229947,1.123457123503503,4156.864893993654,SYNTHETIC
BLST_2025_0341,2025,2025-04-30 05:30:10.404624278,119,4290,0.4992988684703099,123.51572340299809,47.6590698324526,6.037946729418069,338.67694287668326,2756.066904868851,LOW,CR02,2777.7412362918953,1.0078642254238295,3335.3837581566713,SYNTHETIC
BLST_2025_0342,2025,2025-04-30 13:55:08.670520232,333,3960,0.40009546539412844,107.6252320883676,66.38019426093084,3.112522874381443,371.44348335579883,3294.916576594796,MEDIUM,CR02,3242.9502874211985,0.9842283444920165,3799.794737528818,SYNTHETIC
BLST_2025_0343,2025,2025-04-30 22:20:06.936416186,47,3825,0.6695244908959441,236.08660186208982,64.01919302347584,3.223574867686136,370.44124986131135,1831.5679516022858,HIGH,CR02,2183.3417084572993,1.1920615375188652,2657.1803818647068,SYNTHETIC
BLST_2025_0344,2025,2025-05-01 06:45:05.202312138,423,4095,0.5489268633420294,207.48580549771475,36.79974462093542,4.044316899165974,368.7234413362277,2724.089671600231,HIGH,CR01,3166.1703714284345,1.1622856635143397,3680.4300059993266,SYNTHETIC
BLST_2025_0345,2025,2025-05-01 15:10:03.468208092,22,4080,0.32004029478217794,144.87958220807695,51.617822280707664,2.2894502683332316,389.2219157691802,2231.360393677724,MEDIUM,CR01,2136.2020593623356,0.9573541169839676,2694.731202464311,SYNTHETIC
BLST_2025_0346,2025,2025-05-01 23:35:01.734104046,164,3840,0.18,136.35726919714466,52.34316608136867,4.243291829319266,333.51613322581846,2620.2074732044753,HIGH,CR02,2938.4914767396576,1.1214728248774612,3407.8990104219083,SYNTHETIC
BLST_2025_0347,2025,2025-05-02 08:00:00.000000000,72,3825,0.5245420282714205,183.16579160311403,49.2403910733426,1.658614896815665,382.900504473129,3310.8960183450995,MEDIUM,CR02,3620.736531395747,1.0935820730502785,4454.383806763651,SYNTHETIC
BLST_2025_0348,2025,2025-05-02 16:24:58.265895954,19,3915,0.6005705594812959,157.1445521511871,75.81279751577496,2.901464250862385,348.66126204023215,2087.7341963665544,HIGH,CR01,2428.4204125801316,1.1631846701589215,2896.4907870562965,SYNTHETIC
BLST_2025_0349,2025,2025-05-03 00:49:56.531791908,89,4020,0.5511821176235576,103.20526035215552,52.70758810395134,2.2458034764017607,370.46799874171023,2364.530817115948,HIGH,CR01,2502.672942223322,1.0584226367901044,2750.8591670237156,SYNTHETIC
BLST_2025_0350,2025,2025-05-03 09:14:54.797687862,161,4200,0.5758471564014042,182.19168902362935,70.89735619789636,3.7674137358308526,355.1951277387492,2488.1367779005395,LOW,CR01,3056.613691803871,1.2284749451688124,3510.6727329314267,SYNTHETIC
BLST_2025_0351,2025,2025-05-03 17:39:53.063583816,175,4275,0.4828224209333761,70.639018307583,63.72138439747315,1.6465733818513815,319.2938739567759,2426.3883827786162,HIGH,CR02,2540.6673659312983,1.0470983886849201,2916.6584336705846,SYNTHETIC
BLST_2025_0352,2025,2025-05-04 02:04:51.329479768,135,3600,0.34881200508354654,170.30249344373092,55.17934334645989,4.148672672779207,354.2170776427956,2098.512199484343,HIGH,CR02,2395.0786334900536,1.1413222349046073,2587.4934656347004,SYNTHETIC
BLST_2025_0353,2025,2025-05-04 10:29:49.595375722,38,3750,0.31819705641222396,141.1442948149068,65.98762848781013,3.7099264229559115,370.30612565249635,2743.0826948579634,MEDIUM,CR01,2836.4631996697485,1.034042176339354,3613.71476132509,SYNTHETIC
BLST_2025_0354,2025,2025-05-04 18:54:47.861271676,217,4275,0.5684030549679089,161.2027470436212,60.02826609479443,3.988831973326926,341.9184947199612,2128.371932106454,HIGH,CR01,2800.75882268388,1.3159160673162813,3389.2413773673347,SYNTHETIC
BLST_2025_0355,2025,2025-05-05 03:19:46.127167630,133,3690,0.4390507697567093,93.72255724971649,54.38660407543953,3.33480528347181,361.95435985629655,2350.674521081755,HIGH,CR02,2616.3830251575764,1.1130350040777,3243.624031339714,SYNTHETIC
BLST_2025_0356,2025,2025-05-05 11:44:44.393063584,70,3765,0.49571285904119994,171.4086597509446,53.24938585381733,1.0951156978919445,301.03143367420665,2808.799854269343,HIGH,CR02,2761.358485235843,0.983109736722113,3618.1610348464023,SYNTHETIC
BLST_2025_0357,2025,2025-05-05 20:09:42.658959538,250,4290,0.3558020340246989,116.13627582496015,82.97839925055091,3.9427629665884414,350.65433822592485,2983.780928144241,LOW,CR02,2984.626152961273,1.0002832730811635,3578.5326808218824,SYNTHETIC
BLST_2025_0358,2025,2025-05-06 04:34:40.924855492,68,4095,0.3591944574422785,143.65610039416813,44.668986524438544,4.242401618848063,355.8360740826278,2087.6412353532005,HIGH,CR02,2128.142806905381,1.0194006378425113,2474.2330753010447,SYNTHETIC
BLST_2025_0359,2025,2025-05-06 12:59:39.190751446,25,3780,0.5034178492770258,80.56612446816764,55.80768800761433,2.2993134683478775,344.64727337841475,2703.197223980485,HIGH,CR02,2725.5254675926094,1.0082599387917563,3006.2143472972834,SYNTHETIC
BLST_2025_0360,2025,2025-05-06 21:24:37.456647400,29,3675,0.26883164635885926,159.51913503746468,54.732313991202005,2.2832768207517535,336.1698209821648,2382.111724036664,HIGH,CR02,2689.8641337434997,1.1291931048411645,3165.8423150413482,SYNTHETIC
BLST_2025_0361,2025,2025-05-07 05:49:35.722543352,23,4275,0.39994943397960414,113.79478736464827,50.86077630326934,2.445380526580053,342.905594970185,2859.9785243991964,LOW,CR02,2433.683510879869,0.850944680219625,2769.2377984706195,SYNTHETIC
BLST_2025_0362,2025,2025-05-07 14:14:33.988439306,379,3945,0.5447783658523843,153.59060850428548,59.62907993935402,0.5213022435784445,336.28960219673763,2978.3765841026425,HIGH,CR01,3165.6497937237423,1.0628776127977528,3416.7890993699098,SYNTHETIC
BLST_2025_0363,2025,2025-05-07 22:39:32.254335260,79,3855,0.5852400051381753,191.24912478693818,81.64476017088413,3.4689044146746335,340.4284948450634,2887.363854679901,MEDIUM,CR02,2891.5193328288415,1.0014391944895358,3428.8215550913264,SYNTHETIC
BLST_2025_0364,2025,2025-05-08 07:04:30.520231214,142,4290,0.4042338114241077,168.8358173397366,53.9445432716345,0.8149272406547836,343.09890593693217,2017.692457816916,HIGH,CR02,2446.7958498358075,1.2126703652761675,2963.575222808329,SYNTHETIC
BLST_2025_0365,2025,2025-05-08 15:29:28.786127168,131,3795,0.3871440366041078,140.38198244971522,64.3436471294712,3.271786576955873,350.17200942125027,2525.4890685998575,HIGH,CR01,2755.215763339615,1.0909632504832496,2990.177847630628,SYNTHETIC
BLST_2025_0366,2025,2025-05-08 23:54:27.052023122,190,3810,0.563345172881646,177.1415940524229,79.18067946308338,1.8600842722694892,368.71560127136263,3014.3399641194756,HIGH,CR01,3074.161435691797,1.0198456286564863,3379.276317765209,SYNTHETIC
BLST_2025_0367,2025,2025-05-09 08:19:25.317919076,996,3735,0.49357051268851054,222.02034431080597,38.47332499750376,3.378674573727314,357.14998463895904,2022.5742301907585,HIGH,CR02,3201.699615090551,1.5829825018528907,3959.8109177328624,SYNTHETIC
BLST_2025_0368,2025,2025-05-09 16:44:23.583815030,34,4140,0.6599865923474876,158.67712711898892,54.18370033144551,4.763030709500217,326.1213247967725,2362.7126917765986,HIGH,CR01,2779.924090627977,1.1765815201752965,3606.72532961572,SYNTHETIC
BLST_2025_0369,2025,2025-05-10 01:09:21.849710982,549,3630,0.3217790437056478,224.72255078080502,77.04211103120127,4.257392612195779,349.8327628832329,3136.228002648627,HIGH,CR01,3621.1015167803193,1.1546040382657778,4613.405304914434,SYNTHETIC
BLST_2025_0370,2025,2025-05-10 09:34:20.115606936,89,4230,0.34233985017464214,188.5601992403994,62.11374112343,2.1709611329140053,315.9736985303967,2232.1306928508875,HIGH,CR02,2349.115304407556,1.0524093915877546,2507.524823571505,SYNTHETIC
BLST_2025_0371,2025,2025-05-10 17:59:18.381502890,228,4155,0.4969996485739259,125.02487418227145,45.46748097953923,2.9137098038920812,343.400340311573,2477.0345366878673,HIGH,CR02,2736.892430875461,1.1049068514543439,3236.1455523741956,SYNTHETIC
BLST_2025_0372,2025,2025-05-11 02:24:16.647398844,170,3975,0.28381459332480846,141.32190381531666,46.43437046266014,2.0925231003755416,373.624516727743,2578.737887763601,MEDIUM,CR02,2673.306863616442,1.0366725816926108,3208.9620749870546,SYNTHETIC
BLST_2025_0373,2025,2025-05-11 10:49:14.913294798,306,3915,0.4667882284825392,135.08323554993012,90.0,4.424242449747302,377.3196855025937,2413.3898216968128,LOW,CR02,2615.0031698832922,1.0835394872282706,3083.1424394982314,SYNTHETIC
BLST_2025_0374,2025,2025-05-11 19:14:13.179190752,90,4020,0.5548935162585108,145.5923046977178,56.71909550385761,2.6463814072503924,321.1331911454389,2806.841738572468,LOW,CR02,2572.6467721503923,0.9165628174885325,3084.6823262410935,SYNTHETIC
BLST_2025_0375,2025,2025-05-12 03:39:11.445086706,1297,4230,0.47504328563942105,202.20737613778667,75.60255753489076,3.1169271976640323,340.949111155532,2418.459489342925,HIGH,CR01,3818.711871071034,1.5789852540009035,4767.276523201398,SYNTHETIC
BLST_2025_0376,2025,2025-05-12 12:04:09.710982660,31,4080,0.5044599548721649,121.86122402897135,63.476233932582744,2.794098675579655,342.81207305967786,2046.4509313447368,HIGH,CR01,2568.522255527908,1.2551105996175118,3123.735356332403,SYNTHETIC
BLST_2025_0377,2025,2025-05-12 20:29:07.976878612,58,3660,0.3310953235382812,201.14451610456166,62.94191912605274,3.9759601474381134,313.9124777932747,3426.328565058764,HIGH,CR01,3476.223868101671,1.0145623229341554,4458.431929598336,SYNTHETIC
BLST_2025_0378,2025,2025-05-13 04:54:06.242774566,373,3900,0.44198180289171235,155.865565684989,73.38883997725392,5.027114463025676,345.72448878910353,3104.9127289407197,HIGH,CR02,3277.915718999346,1.055719115209286,4009.632647778302,SYNTHETIC
BLST_2025_0379,2025,2025-05-13 13:19:04.508670520,289,4140,0.4132171152598282,153.17399222482086,32.03871543059402,5.195113713084037,337.64459744939654,2694.763256551777,HIGH,CR02,2921.721935818888,1.084222121819164,3582.5049480703874,SYNTHETIC
BLST_2025_0380,2025,2025-05-13 21:44:02.774566474,147,4200,0.35016666950062486,151.60243629117898,74.83219342294424,2.3874298170437966,351.5720790567338,2064.9048990099973,HIGH,CR02,2132.717706715821,1.0328406444957035,2239.353592051612,SYNTHETIC
BLST_2025_0381,2025,2025-05-14 06:09:01.040462428,387,3825,0.4850338224072531,129.3804048303901,29.61793873459857,4.4274952184306695,356.203890881019,2095.1475712540055,HIGH,CR02,2525.3070561684417,1.2053122609673617,2667.709804813148,SYNTHETIC
BLST_2025_0382,2025,2025-05-14 14:33:59.306358382,728,3975,0.4746199702678795,136.02746136125978,48.26634397522765,2.874186140424554,370.1287663251038,2136.2302848686795,MEDIUM,CR02,2860.8515888932748,1.3392056133447896,3217.184986589059,SYNTHETIC
BLST_2025_0383,2025,2025-05-14 22:58:57.572254336,64,3975,0.4188137460335755,155.47077209813966,66.76457088735883,3.3136377764595157,326.5458049027225,2745.951888504687,HIGH,CR01,2752.4817906854873,1.0023780104116669,3344.0543965518154,SYNTHETIC
BLST_2025_0384,2025,2025-05-15 07:23:55.838150290,82,4245,0.28213384478127407,127.27609114551157,48.54078212438653,2.283021731694418,390.0896337375019,3082.5278726628085,HIGH,CR01,2879.0912143598007,0.934003302903707,3330.3080095074242,SYNTHETIC
BLST_2025_0385,2025,2025-05-15 15:48:54.104046244,83,3915,0.4392793503690691,102.55301172532018,37.99905499325161,3.862140898744894,345.5411032744177,3153.990738439433,HIGH,CR01,3056.306897273052,0.9690284946065777,3348.676986196149,SYNTHETIC
BLST_2025_0386,2025,2025-05-16 00:13:52.369942196,46,3915,0.27012850892902374,125.58200798579699,43.90325576831391,3.5230469582278245,341.0567981412953,1849.4000371378318,HIGH,CR02,2058.5140250253453,1.1130712575366564,2388.7152954477697,SYNTHETIC
BLST_2025_0387,2025,2025-05-16 08:38:50.635838150,100,3795,0.4483730336730203,141.55862708107495,76.4486947782059,2.809847300666782,347.2250530499654,3072.6816631889124,LOW,CR02,2990.2425594847327,0.9731703076528201,3803.136535370931,SYNTHETIC
BLST_2025_0388,2025,2025-05-16 17:03:48.901734104,10,4200,0.47177509227569897,199.3410104320204,40.554902566242504,1.783856069958665,365.4147585091187,2990.517751684316,HIGH,CR01,3245.0352048641334,1.085108156618187,3962.683177528303,SYNTHETIC
BLST_2025_0389,2025,2025-05-17 01:28:47.167630058,203,4095,0.3889142970607963,133.15913533273456,70.33557786062106,2.8847289676929218,331.7360712722957,2364.5909754580457,HIGH,CR01,2730.332833304747,1.1546744708250667,3365.1489044455543,SYNTHETIC
BLST_2025_0390,2025,2025-05-17 09:53:45.433526012,82,3840,0.4353754419382644,181.4202036704449,48.79315613630007,2.9476395262556676,345.5851025672538,1915.9407601742598,HIGH,CR01,2287.6125208945696,1.1939891715057542,2880.530604102611,SYNTHETIC
BLST_2025_0391,2025,2025-05-17 18:18:43.699421966,287,4125,0.5265344171914501,127.92458566121238,52.696730325301125,2.430594549966359,334.92801827058145,2497.101716845522,MEDIUM,CR02,2632.6339036949994,1.0542757973915013,3013.978051162983,SYNTHETIC
BLST_2025_0392,2025,2025-05-18 02:43:41.965317920,200,4140,0.3871946736805182,45.0,78.49117284460857,4.4656133125369895,340.98431456633995,2932.8535703780326,MEDIUM,CR01,2758.871483214137,0.9406782224243571,2987.8395933351035,SYNTHETIC
BLST_2025_0393,2025,2025-05-18 11:08:40.231213874,109,3840,0.524106328604501,161.5878271883627,60.285078240120576,3.9455804341958256,308.27266645024065,2951.5721009729314,HIGH,CR01,3068.5747402876045,1.0396407864392354,3762.8325229728716,SYNTHETIC
BLST_2025_0394,2025,2025-05-18 19:33:38.497109826,127,4170,0.5332125613340374,98.33601980633816,49.13731452503686,3.3852141517598735,382.62646839122317,1798.1663170679292,HIGH,CR01,2228.3772006786016,1.2392497732424272,2701.9076879940867,SYNTHETIC
BLST_2025_0395,2025,2025-05-19 03:58:36.763005780,130,4125,0.4445577489718086,110.25322811469026,43.28929274041761,3.6164981881976064,341.6898524431963,2382.1965858549884,HIGH,CR02,2343.683709372553,0.9838330401818569,2728.0715460816955,SYNTHETIC
BLST_2025_0396,2025,2025-05-19 12:23:35.028901734,156,3975,0.37391901086305457,112.01244340861143,60.72059862798807,3.1334891067273394,344.1329562592102,2894.664535827357,MEDIUM,CR01,2709.060602116669,0.9358806758387848,3371.0093553029833,SYNTHETIC
BLST_2025_0397,2025,2025-05-19 20:48:33.294797688,225,4125,0.26707533379683546,203.74349177837104,44.58596502507802,2.3027805129975945,376.19012608665554,2309.8382642409047,MEDIUM,CR01,2602.726404174682,1.126800280551258,3082.119496043785,SYNTHETIC
BLST_2025_0398,2025,2025-05-20 05:13:31.560693642,106,4185,0.3539034506046053,153.68476974199828,56.471226757766,3.6890622322139657,353.8531930048849,2333.4084624563657,HIGH,CR01,2395.6216725983754,1.0266619458800275,2768.684908762971,SYNTHETIC
BLST_2025_0399,2025,2025-05-20 13:38:29.826589596,53,4080,0.23708911555941178,152.51107696257674,59.59254203034962,3.173057565803382,310.06107479656663,2946.303329830238,MEDIUM,CR02,2794.842847118144,0.9485930449934967,3153.0200168645506,SYNTHETIC
BLST_2025_0400,2025,2025-05-20 22:03:28.092485550,116,4215,0.3946585472356363,141.26240757013542,68.12704223547085,4.0676239782389665,349.0015149230158,2449.068489866405,HIGH,CR01,2860.26667459475,1.1678998306620554,3370.2840921080924,SYNTHETIC
BLST_2025_0401,2025,2025-05-21 06:28:26.358381504,6,3750,0.5147523954858833,128.21769936887017,30.234282578852294,3.3815678480116826,298.89229780507134,2062.765107389687,LOW,CR01,2432.1644937326546,1.1790797144181007,2695.4422452695144,SYNTHETIC
BLST_2025_0402,2025,2025-05-21 14:53:24.624277456,315,3990,0.4881037367055462,155.39078889018674,65.68348904591471,3.0489705309835666,372.18471600081557,2874.7103886987443,MEDIUM,CR01,3342.8563415615367,1.16284977947803,3917.8483249633177,SYNTHETIC
BLST_2025_0403,2025,2025-05-21 23:18:22.890173410,619,4185,0.21558424159082484,215.2648596455937,74.75418566662829,4.057985319594648,337.28334546007375,2833.9381121455176,HIGH,CR01,3610.932296210839,1.2741747184722656,4026.794348608064,SYNTHETIC
BLST_2025_0404,2025,2025-05-22 07:43:21.156069364,104,4215,0.5424304266824126,138.94222554248182,48.03028292484522,4.214245654774146,362.99893822047466,3491.724877210501,LOW,CR01,3187.2538922880817,0.9128021262758659,3608.498093915047,SYNTHETIC
BLST_2025_0405,2025,2025-05-22 16:08:19.421965318,82,3870,0.36198017183259834,199.21542641090258,50.483822085175234,2.9354525380626812,370.7521962284333,2205.615288041537,LOW,CR01,2820.074570577354,1.2785886033105176,3252.2327891368905,SYNTHETIC
BLST_2025_0406,2025,2025-05-23 00:33:17.687861272,235,3855,0.4082519336227235,135.10422298414605,65.09438593834071,2.9666344264053195,350.9235832648009,2562.460479469626,HIGH,CR01,2880.3894252167406,1.124071746001296,3422.718544376301,SYNTHETIC
BLST_2025_0407,2025,2025-05-23 08:58:15.953757226,559,4065,0.646589262496437,135.70979008229733,43.474852948309845,2.713106115741529,355.51086730372907,2391.534803098474,LOW,CR01,2600.746823913028,1.0874802325868302,2939.30264592334,SYNTHETIC
BLST_2025_0408,2025,2025-05-23 17:23:14.219653180,106,3765,0.5149480799939932,137.06466552383756,45.54376727414657,2.1821794591589114,348.37473849236744,2868.8612735862293,HIGH,CR02,3078.493503786879,1.073071581442695,3857.8984371291567,SYNTHETIC
BLST_2025_0409,2025,2025-05-24 01:48:12.485549134,23,3825,0.55598068784522,148.65370433084848,49.61774171103852,3.8526082350006154,356.5285242584008,1814.1163428355198,HIGH,CR01,2278.930307090514,1.2562205925163958,2787.597557031794,SYNTHETIC
BLST_2025_0410,2025,2025-05-24 10:13:10.751445086,122,3990,0.5215960975171813,160.45121861436198,58.65159296499115,3.5229158692966767,362.6033141447306,2609.1999964237098,MEDIUM,CR02,2713.2438675150906,1.0398757746565952,3074.5941235672603,SYNTHETIC
BLST_2025_0411,2025,2025-05-24 18:38:09.017341040,55,4170,0.5319595258435164,125.05950677142832,68.58114028286931,3.138388746757248,362.73917607109615,2778.4616354173063,HIGH,CR01,2884.3648281228434,1.0381157657012714,3531.25078703381,SYNTHETIC
BLST_2025_0412,2025,2025-05-25 03:03:07.283236994,63,3735,0.5305880762129992,226.47112479705214,87.45738959948297,4.336745953397376,361.7751719491904,1898.4427862522384,MEDIUM,CR01,2622.0258934934564,1.3811455960016898,2940.8825132263087,SYNTHETIC
BLST_2025_0413,2025,2025-05-25 11:28:05.549132948,78,3645,0.43933243959479906,182.56263334561135,46.7428299424354,2.929500719699171,329.76261522731085,2383.1217407281506,HIGH,CR01,2710.627284471865,1.13742711425378,3277.605420633643,SYNTHETIC
BLST_2025_0414,2025,2025-05-25 19:53:03.815028902,186,4290,0.4875058004850856,180.6020405834118,49.856866293013205,2.1912690500153755,345.7649985952612,2757.63245322179,HIGH,CR02,3040.751825116639,1.1026675514947888,3503.1523316154676,SYNTHETIC
BLST_2025_0415,2025,2025-05-26 04:18:02.080924856,4,4110,0.5394056525882338,157.25718758752032,64.49098680022999,2.0833660535618153,372.58116339048604,3404.5638767980936,HIGH,CR02,3208.740569265296,0.9424821167646986,3861.5495886198637,SYNTHETIC
BLST_2025_0416,2025,2025-05-26 12:43:00.346820810,550,4290,0.5611856089524614,176.79377937797824,56.19315825975305,4.199955626516165,338.9161113196001,2891.048291121415,HIGH,CR02,3345.642206160391,1.1572418961091249,4193.384630444042,SYNTHETIC
BLST_2025_0417,2025,2025-05-26 21:07:58.612716764,112,3960,0.37157574609722166,145.75177913235453,53.00934908961377,3.478605544215915,345.29446127113135,2606.0431862905716,LOW,CR01,2827.3227113984685,1.0849101527833331,3263.0858739798787,SYNTHETIC
BLST_2025_0418,2025,2025-05-27 05:32:56.878612718,185,3600,0.5135044965431884,145.72953925739336,72.87063721744424,2.6707852215878853,335.89585429383413,2565.5730731614062,LOW,CR02,2937.917776010909,1.145131201580115,3726.046576090194,SYNTHETIC
BLST_2025_0419,2025,2025-05-27 13:57:55.144508670,118,4140,0.3004299290482879,223.21555799745784,43.41331926950145,2.4761142298841574,371.2228824944954,3069.9376146985614,MEDIUM,CR02,2947.279727488577,0.9600454788974504,3170.3925735164066,SYNTHETIC
BLST_2025_0420,2025,2025-05-27 22:22:53.410404624,37,4110,0.4517112028447047,109.44920889378933,36.02632214395078,3.149752015873794,312.604338050278,2664.3063725266816,HIGH,CR01,2652.7736767214715,0.9956714077914872,3077.8302726325314,SYNTHETIC
BLST_2025_0421,2025,2025-05-28 06:47:51.676300578,925,4110,0.46942931034195223,141.8414635887643,40.81554007646319,2.9185002816634222,348.93442910460317,3451.548812775901,HIGH,CR01,3740.9841496709364,1.08385665467737,4300.542676792072,SYNTHETIC
BLST_2025_0422,2025,2025-05-28 15:12:49.942196532,12,3690,0.5736879856813802,133.07408646883493,68.2634155724675,3.957080836817191,388.2667948831906,3197.2801344918325,HIGH,CR02,2938.542948650694,0.9190758472959826,3852.9092935981967,SYNTHETIC
BLST_2025_0423,2025,2025-05-28 23:37:48.208092486,281,3735,0.4535960920329756,49.390612589136126,40.43404663543638,4.264324737679896,342.47116349223444,2758.6587590600407,HIGH,CR02,2775.3822063463144,1.0060621659824183,3227.800473197368,SYNTHETIC
BLST_2025_0424,2025,2025-05-29 08:02:46.473988440,115,3900,0.46159926833124215,156.2679438594319,65.55622420033167,2.9591915718495523,350.76253630974884,1910.8166267042652,HIGH,CR02,2287.734782213294,1.197255011413172,2841.546462131518,SYNTHETIC
BLST_2025_0425,2025,2025-05-29 16:27:44.739884394,86,3720,0.40356872624605633,181.7209271659309,64.0510635553751,2.3483494490657657,363.5938620529508,2266.4588268809166,HIGH,CR01,2775.088935241816,1.2244162136670589,3468.443741713391,SYNTHETIC
BLST_2025_0426,2025,2025-05-30 00:52:43.005780348,469,3990,0.43223049800533303,144.88990181896406,63.07563483984886,2.431321567209236,320.4994609712204,2633.6297700697337,HIGH,CR01,3045.0905012567464,1.1562333232495765,3630.421881666836,SYNTHETIC
BLST_2025_0427,2025,2025-05-30 09:17:41.271676300,262,4215,0.3747797272305521,142.10339138994277,59.18545302158856,2.964034066937642,359.5897758644809,2202.334911818026,MEDIUM,CR02,2573.6333229761467,1.1685930732722274,3010.555359728548,SYNTHETIC
BLST_2025_0428,2025,2025-05-30 17:42:39.537572254,226,3615,0.505553870205748,217.26300761458631,45.72780228418144,0.9516419021307603,337.4129981025146,2479.067065081779,MEDIUM,CR01,2888.8035621830386,1.1652785045118346,3189.776902331986,SYNTHETIC
BLST_2025_0429,2025,2025-05-31 02:07:37.803468208,105,4290,0.38588912997895786,151.3595075218838,33.439401926986534,3.5247898806226727,366.3854963065874,1873.5117689530923,HIGH,CR01,2222.440619818779,1.1862432126917815,2408.5196581821797,SYNTHETIC
BLST_2025_0430,2025,2025-05-31 10:32:36.069364162,141,4290,0.3762867554523511,144.39258582071378,34.34962154209308,1.9335436686971479,381.10766780801464,2649.7567422712837,HIGH,CR02,2733.366801006227,1.0315538620587774,2890.8973095317315,SYNTHETIC
BLST_2025_0431,2025,2025-05-31 18:57:34.335260116,137,4080,0.4838108504712018,161.94580486860966,50.9883701032531,3.1540302414428,349.81286679663026,2718.4180591835125,HIGH,CR02,2938.46575672071,1.0809469672237573,3557.5253498788816,SYNTHETIC
BLST_2025_0432,2025,2025-06-01 03:22:32.601156070,308,3675,0.2907586127154451,189.75526598453277,80.63245980295264,2.3937027605357843,347.19438418578187,3269.693011056635,MEDIUM,CR02,3138.004433758802,0.9597244827411866,3687.993880176171,SYNTHETIC
BLST_2025_0433,2025,2025-06-01 11:47:30.867052024,308,4140,0.6035745471222662,147.79575481597476,62.66138989168249,4.494917157094371,350.6561441491217,2592.0430516734305,HIGH,CR01,2845.427362644056,1.0977546691622424,3663.3020100302656,SYNTHETIC
BLST_2025_0434,2025,2025-06-01 20:12:29.132947978,117,3915,0.34608791689244556,217.55474924001254,66.91008112765012,0.665011951834622,356.1377644138612,3114.5368532658667,HIGH,CR01,3313.8228282340483,1.0639857495213816,3876.5150573597375,SYNTHETIC
BLST_2025_0435,2025,2025-06-02 04:37:27.398843930,104,3930,0.4595047063097588,176.6259165564565,54.76305274126567,4.053519420925609,376.62722384830494,2921.9766595181973,MEDIUM,CR01,2784.2750127058416,0.9528738032989418,3362.1600380941654,SYNTHETIC
BLST_2025_0436,2025,2025-06-02 13:02:25.664739884,114,3630,0.24935233109075283,118.91985848957285,73.06050753226663,4.2669049182515835,364.3099127063293,2382.8980453940476,HIGH,CR01,2449.7599298549617,1.0280590621953603,2656.9250701903807,SYNTHETIC
BLST_2025_0437,2025,2025-06-02 21:27:23.930635838,1010,3795,0.4738874324944845,188.4738647750575,61.501944738507255,1.9281102616348014,344.9190916119217,2475.4552339112424,LOW,CR01,3543.479931372099,1.431445773217788,4276.214279455209,SYNTHETIC
BLST_2025_0438,2025,2025-06-03 05:52:22.196531792,130,3855,0.35134171881481197,124.41373379334593,60.224038207322934,1.5495630235193028,350.6746439949667,2783.842991877981,HIGH,CR02,2588.807872819044,0.9299403308203935,2998.037378883034,SYNTHETIC
BLST_2025_0439,2025,2025-06-03 14:17:20.462427746,122,3675,0.4768020038159435,160.90416187739328,61.19010432824305,2.900369809131832,323.1016639087251,2208.496843796188,HIGH,CR01,2722.018878455647,1.23252106341106,3349.6490474788015,SYNTHETIC
BLST_2025_0440,2025,2025-06-03 22:42:18.728323700,92,4020,0.691564192641404,78.31174404632996,45.666953491183584,2.8266781163862658,343.73832050987113,3012.164719780532,HIGH,CR02,2873.7839909328763,0.9540593753260154,3387.0077935477193,SYNTHETIC
BLST_2025_0441,2025,2025-06-04 07:07:16.994219654,154,4170,0.49379610210029296,208.83738424550052,49.985528778652,0.9594641660347314,358.3757881813807,1415.5111563360838,MEDIUM,CR02,1829.1513796222032,1.2922196843413003,2062.3701882004043,SYNTHETIC
BLST_2025_0442,2025,2025-06-04 15:32:15.260115608,98,4080,0.5432121824480669,189.50888773031681,30.665693080438984,3.3538476033095086,367.8171289403628,2416.1446272730614,HIGH,CR02,2325.2770532122713,0.9623915004776241,2968.9326259868126,SYNTHETIC
BLST_2025_0443,2025,2025-06-04 23:57:13.526011560,19,3795,0.3573478165380485,105.66535196963827,35.20025102034755,5.343653222006768,343.7830219073382,3110.5535341047616,LOW,CR02,3120.9927543540934,1.0033560651295257,3724.602646728807,SYNTHETIC
BLST_2025_0444,2025,2025-06-05 08:22:11.791907514,28,3660,0.5918684841653352,184.6785705651773,67.39322873320174,1.0219581305765373,300.25848774879427,2107.190126315204,HIGH,CR01,2541.681287645008,1.2061945696801404,3076.988983301543,SYNTHETIC
BLST_2025_0445,2025,2025-06-05 16:47:10.057803468,367,4125,0.3158761009365125,151.36915647261105,67.28136074541159,5.822326114538456,290.0,2739.456388539734,MEDIUM,CR01,3020.7895810686264,1.1026967224978739,3396.6170772897403,SYNTHETIC
BLST_2025_0446,2025,2025-06-06 01:12:08.323699422,48,4110,0.4816465907040612,96.98416285296912,63.86007637438156,3.966158741428452,359.74286551651846,2916.4223510646684,HIGH,CR01,2829.251858612629,0.97011047030955,3421.0810612101204,SYNTHETIC
BLST_2025_0447,2025,2025-06-06 09:37:06.589595376,253,3795,0.5060964826612024,83.07950408459989,55.614090231100754,1.9215580550911715,364.53418342675525,2923.6660289118763,HIGH,CR01,3030.1955679261537,1.0364369726093254,3551.405753448125,SYNTHETIC
BLST_2025_0448,2025,2025-06-06 18:02:04.855491330,314,3975,0.6325574886182646,229.46402827427852,71.00924363225356,3.4791888872577243,354.81440581159603,3149.1159980917873,HIGH,CR02,3333.1242871044865,1.0584317278640099,3931.8127892105817,SYNTHETIC
BLST_2025_0449,2025,2025-06-07 02:27:03.121387284,360,4155,0.44740772479201785,136.1451110421581,60.76706318131615,3.9723515229930584,354.89016267656683,1955.6340854159143,HIGH,CR02,2367.004887847439,1.2103516222688644,2865.5743867690185,SYNTHETIC
BLST_2025_0450,2025,2025-06-07 10:52:01.387283238,30,3930,0.5044258232596561,119.34937576439384,54.92469408387347,5.01420601145217,346.7493391328719,2647.1473827163813,LOW,CR01,2739.1971391421102,1.0347731890663645,3277.6050343700726,SYNTHETIC
BLST_2025_0451,2025,2025-06-07 19:16:59.653179192,101,4140,0.3943532678072116,139.45007278471525,51.355636307896454,5.656386658747601,324.16592609404205,2712.953945443302,HIGH,CR01,2972.316047434099,1.0956013655987134,3404.6190224015513,SYNTHETIC
BLST_2025_0452,2025,2025-06-08 03:41:57.919075144,147,4230,0.37577832720802085,154.69417510418063,72.42425486770765,2.2907346409669227,351.82091406659947,3170.5561076161694,HIGH,CR01,3229.524455716994,1.0185987398107144,3924.87064445686,SYNTHETIC
BLST_2025_0453,2025,2025-06-08 12:06:56.184971098,39,4185,0.39952105644177366,133.21533377949024,51.888411950928706,3.6882532742220184,309.8984472757633,2406.806271340561,LOW,CR02,2556.0360409854466,1.0620032328409077,3139.685961320327,SYNTHETIC
BLST_2025_0454,2025,2025-06-08 20:31:54.450867052,435,4110,0.5282660877180211,122.48225305830644,62.5938493044497,1.5093498377581238,370.98633069724445,1636.571878790186,HIGH,CR02,1887.4221209388998,1.15327786417432,2319.3426636080562,SYNTHETIC
BLST_2025_0455,2025,2025-06-09 04:56:52.716763006,18,3675,0.4373131223847974,146.8111122653988,43.79521436966733,4.205149071593759,359.56263447286835,3304.1735033007644,HIGH,CR02,3221.697978469617,0.9750389848630052,4007.5992544170817,SYNTHETIC
BLST_2025_0456,2025,2025-06-09 13:21:50.982658960,157,3735,0.3406674841488666,116.22927620177012,25.511494085847545,2.7846063678802473,358.3839383799418,2330.471172421144,HIGH,CR01,2623.619596539627,1.1257893371896674,3158.405833717976,SYNTHETIC
BLST_2025_0457,2025,2025-06-09 21:46:49.248554914,112,3600,0.5288379693504036,186.00225448598744,52.593808901326156,2.7544960808574444,354.0569139675897,3258.298783892809,HIGH,CR01,3485.369226393226,1.0696898773135617,4359.790271441073,SYNTHETIC
BLST_2025_0458,2025,2025-06-10 06:11:47.514450868,321,3840,0.42915721247090255,241.90632144139363,80.48946745919771,3.6087941381116666,313.40796605995723,3197.9545806360748,HIGH,CR02,3444.725624431028,1.07716527473191,3674.5120413056757,SYNTHETIC
BLST_2025_0459,2025,2025-06-10 14:36:45.780346822,30,3780,0.5617967641025745,111.91156853151571,60.153986188083614,3.717952401055101,384.25210785588047,2821.039460519806,HIGH,CR02,2740.4126344546808,0.9714194617999887,3340.46021280643,SYNTHETIC
BLST_2025_0460,2025,2025-06-10 23:01:44.046242774,147,3615,0.4987411009024234,214.85023353259038,27.693142507129107,3.7016252938675915,345.2954153494007,2775.709295969365,MEDIUM,CR02,2865.1373095173817,1.0322180761788982,3669.3163841512496,SYNTHETIC
BLST_2025_0461,2025,2025-06-11 07:26:42.312138728,56,4155,0.4284223148846459,68.78890979860384,65.67802986883888,4.035379032492376,362.0735096431122,2215.896372452411,MEDIUM,CR01,2470.992007610062,1.1151207422553464,2672.7842793515147,SYNTHETIC
BLST_2025_0462,2025,2025-06-11 15:51:40.578034682,31,4170,0.29296199615770935,240.31383236782818,70.11855255035216,1.6851427939657269,354.1554413122024,1964.019425544733,HIGH,CR02,2306.5660833890524,1.1744110335106854,2709.23185117558,SYNTHETIC
BLST_2025_0463,2025,2025-06-12 00:16:38.843930636,4,4170,0.613148011444272,134.88545018104932,43.30143087055787,3.666615385980291,341.9356968732071,3320.5976204327117,MEDIUM,CR02,3111.1300567902276,0.9369187153681126,3454.236253489302,SYNTHETIC
BLST_2025_0464,2025,2025-06-12 08:41:37.109826590,91,3945,0.41111045790906564,150.10889089394482,65.905597689107,5.3336739304274285,310.00541705308615,2554.5494654012837,HIGH,CR02,2671.681001014417,1.0458521305613995,3127.3485693150865,SYNTHETIC
BLST_2025_0465,2025,2025-06-12 17:06:35.375722544,295,3915,0.4829231936317937,150.59855686498238,47.88982035119737,1.103947175190565,354.90835799734714,2607.2101067444823,HIGH,CR02,2764.2940632590157,1.0602498264747362,3158.2888091180525,SYNTHETIC
BLST_2025_0466,2025,2025-06-13 01:31:33.641618498,258,3870,0.36383279742630975,172.01343018640392,55.06444787984544,2.49080769028669,347.40029868474926,2216.8095004773218,HIGH,CR02,2497.294167030956,1.126526283152991,2993.030597368105,SYNTHETIC
BLST_2025_0467,2025,2025-06-13 09:56:31.907514452,342,3765,0.46840678207695224,165.92844122606004,66.3008835553785,3.0103835161731967,340.22089152241307,2755.9738947756555,HIGH,CR02,3017.013683729135,1.0947178017354657,3507.9941108751264,SYNTHETIC
BLST_2025_0468,2025,2025-06-13 18:21:30.173410404,48,3720,0.2959060697448014,124.69266052381143,34.972002645759076,2.3634609849737647,356.7607271098135,2985.0448488127417,HIGH,CR01,3025.884299036657,1.0136813523053627,3402.6115977185596,SYNTHETIC
BLST_2025_0469,2025,2025-06-14 02:46:28.439306358,162,3675,0.23024094071567353,196.1532708208156,31.835932048899334,3.53800504403547,339.02967780202476,2774.464654127134,HIGH,CR02,2861.01838597848,1.031196552359243,3161.920408006862,SYNTHETIC
BLST_2025_0470,2025,2025-06-14 11:11:26.705202312,174,3765,0.4073149993527656,157.77492689769278,49.28686388599461,2.0902115888242347,357.91154532450486,2334.333286745672,HIGH,CR01,2562.770276129473,1.0978596289916547,2960.431462455732,SYNTHETIC
BLST_2025_0471,2025,2025-06-14 19:36:24.971098266,286,4110,0.5524948699064974,182.0327120253571,55.00582750406863,1.0958156490991784,358.33439639570145,2252.9991015171386,MEDIUM,CR02,2483.4966822853885,1.1023070007498166,3031.391670059916,SYNTHETIC
BLST_2025_0472,2025,2025-06-15 04:01:23.236994220,253,4185,0.5905396167957155,151.94351997678962,55.54047254205066,1.423838564329529,363.2466011436704,2393.906065059985,HIGH,CR02,2744.504447690419,1.1464545279146736,3247.6941357206133,SYNTHETIC
BLST_2025_0473,2025,2025-06-15 12:26:21.502890174,110,3825,0.22864253769047121,149.70288709172192,50.42711334046876,2.012708897575131,374.96290102899286,3775.4973536054786,HIGH,CR01,3671.1920651564633,0.9723730998382486,4093.899677037039,SYNTHETIC
BLST_2025_0474,2025,2025-06-15 20:51:19.768786128,163,4020,0.34548267050957837,228.2768493569182,57.08915305268318,2.4076549554575557,347.1708843919778,2159.05803820702,HIGH,CR01,2677.21855029475,1.2399937856779588,3414.2869536106255,SYNTHETIC
BLST_2025_0475,2025,2025-06-16 05:16:18.034682082,216,3765,0.41070033949578727,271.5970256165176,54.78349897728439,4.517634196591032,368.0569687283884,2690.33132850346,HIGH,CR02,3360.822600188235,1.2492225639946535,4157.710970988842,SYNTHETIC
BLST_2025_0476,2025,2025-06-16 13:41:16.300578034,130,3915,0.5386976348237033,122.46248272850757,60.446973158541944,1.9903969981105798,367.2375527937968,2750.273267329738,HIGH,CR01,3023.7242553957185,1.0994268428938614,3595.144024334457,SYNTHETIC
BLST_2025_0477,2025,2025-06-16 22:06:14.566473988,94,3915,0.4395611135744191,143.5684178535433,43.98589971847356,2.6259956123348025,316.79265506689904,2302.8479684647373,HIGH,CR01,2544.431325724189,1.10490634230644,2671.6528920103983,SYNTHETIC
BLST_2025_0478,2025,2025-06-17 06:31:12.832369942,389,4035,0.20655269171304652,96.47777908056584,50.07495257702223,4.94232356075423,333.6727495022528,2443.743038945659,LOW,CR01,2557.535370046576,1.0465647694080031,3329.768776405835,SYNTHETIC
BLST_2025_0479,2025,2025-06-17 14:56:11.098265896,105,4140,0.6405346604467286,175.7761281507172,60.10206609078412,4.716829891966548,316.3296615077871,2942.40701263343,MEDIUM,CR02,2956.472760198331,1.0047803541469649,3662.666598662505,SYNTHETIC
BLST_2025_0480,2025,2025-06-17 23:21:09.364161850,88,3615,0.3300835780013766,235.8698603065967,72.30346332084933,4.837642925346588,333.87828151965897,2657.892826658004,HIGH,CR02,2771.695593690445,1.0428169134176621,3114.6206903820216,SYNTHETIC
BLST_2025_0481,2025,2025-06-18 07:46:07.630057804,44,4095,0.545925839991998,149.0262597940228,64.88854421526783,1.8312592184057574,314.52666749515026,3706.2714319290762,MEDIUM,CR01,3550.180534732933,0.9578846557617343,4020.277907350063,SYNTHETIC
BLST_2025_0482,2025,2025-06-18 16:11:05.895953758,154,3690,0.41067154287269425,176.13537458590983,49.03515546090432,4.397140492482201,338.1912672551978,3190.0792024601806,HIGH,CR02,3265.0553598754286,1.0235029140835834,3713.0676858562115,SYNTHETIC
BLST_2025_0483,2025,2025-06-19 00:36:04.161849712,193,4245,0.48829910253495734,132.689063585668,70.4268902259111,3.5350936749980284,344.9891548434584,3372.4175126675436,HIGH,CR02,3350.2803234387084,0.9934358100248017,3852.8865046417905,SYNTHETIC
BLST_2025_0484,2025,2025-06-19 09:01:02.427745666,77,3960,0.5054943602015931,130.45210319801205,70.7594385106602,4.61443012959969,317.66458137583163,2110.73202091044,HIGH,CR01,2433.7363120122386,1.1530295119900982,3160.907963397475,SYNTHETIC
BLST_2025_0485,2025,2025-06-19 17:26:00.693641618,56,3660,0.6301355816762728,112.150702944554,71.76104481002874,3.9354330268892337,359.9941718141645,2837.6191585877295,HIGH,CR02,2734.8545423283176,0.9637849159749269,3143.3230021060467,SYNTHETIC
BLST_2025_0486,2025,2025-06-20 01:50:58.959537572,204,3795,0.45624915168001456,208.57680762399235,38.54462321574944,3.2460321716991762,334.37409436398707,3115.78576775586,MEDIUM,CR01,3489.9112560626986,1.1200742015637044,4400.164230149281,SYNTHETIC
BLST_2025_0487,2025,2025-06-20 10:15:57.225433526,92,4230,0.5459838005400908,122.84279747082188,61.11259091754736,3.595341090928697,376.2698370769391,2565.3332645620007,HIGH,CR02,2443.4742919592736,0.9524978004666644,2959.5389990918834,SYNTHETIC
BLST_2025_0488,2025,2025-06-20 18:40:55.491329480,60,3735,0.4989404550161445,153.95874116313382,38.14388369227075,5.701707148049618,353.42283032098254,3180.2188657217093,HIGH,CR02,3176.1572179907143,0.998722840187267,3843.7258907721452,SYNTHETIC
BLST_2025_0489,2025,2025-06-21 03:05:53.757225434,88,3810,0.3975665131400359,129.12771851445584,79.6341005776531,4.273848774363335,326.63060682289927,2526.0325811578505,HIGH,CR02,2513.3952205913556,0.9949971506065443,2794.611853639485,SYNTHETIC
BLST_2025_0490,2025,2025-06-21 11:30:52.023121388,98,3855,0.5094253432667813,161.83214640754204,54.530580178053704,6.195817263224833,326.9660963717597,2125.2083357008682,HIGH,CR02,2366.55342222799,1.1135630246093162,2981.593434130693,SYNTHETIC
BLST_2025_0491,2025,2025-06-21 19:55:50.289017342,104,3795,0.3447247570151254,112.18417946646366,49.221333271907326,3.7304443260418867,353.05635187917153,1717.3414699283799,HIGH,CR01,2112.6460758514354,1.2301840448420205,2678.1816117116546,SYNTHETIC
BLST_2025_0492,2025,2025-06-22 04:20:48.554913296,239,3750,0.5273566768101446,120.69713318146712,77.40906613045607,2.980186356550642,337.7420845765971,2653.1416779141696,HIGH,CR01,2902.540459882696,1.0940013057141362,3564.986356801751,SYNTHETIC
BLST_2025_0493,2025,2025-06-22 12:45:46.820809248,148,4080,0.4853196418401236,169.9863651754864,47.274792390262746,1.3784675751974185,347.84605646760133,2318.5766738575967,HIGH,CR01,2719.154104030272,1.1727686794615264,3182.3345054997626,SYNTHETIC
BLST_2025_0494,2025,2025-06-22 21:10:45.086705202,191,3900,0.395024063424252,128.17935426681186,65.60453109605007,3.3636831961339784,334.31227028329755,2078.47884977822,HIGH,CR01,2510.602505051638,1.2079038020134423,3094.9707153107825,SYNTHETIC
BLST_2025_0495,2025,2025-06-23 05:35:43.352601156,29,3615,0.35290787016765457,160.81320968740118,61.480857088592515,0.5735010858656517,331.6661127224512,2948.8519436311612,HIGH,CR01,2958.8523782569996,1.0033912976361654,3542.1747883288376,SYNTHETIC
BLST_2025_0496,2025,2025-06-23 14:00:41.618497110,114,3930,0.38363318325663515,184.03724447854322,81.52074976617068,2.776010135061048,336.29336352178257,2262.3232716682082,HIGH,CR01,2411.5235810257805,1.0659500396013493,2634.818336083181,SYNTHETIC
BLST_2025_0497,2025,2025-06-23 22:25:39.884393064,80,4080,0.4061983850842818,222.19536269423494,60.941957704131895,2.0109133904554266,320.17224730040306,3088.3534968518175,HIGH,CR02,3184.1289356299267,1.0310118122409693,4131.414978376937,SYNTHETIC
BLST_2025_0498,2025,2025-06-24 06:50:38.150289018,81,4080,0.40087683232015536,97.97093794616475,56.41503501118458,2.861048961063919,356.8749913494975,2515.1006980018815,HIGH,CR02,2534.836196843811,1.007846802657885,3207.034873676315,SYNTHETIC
BLST_2025_0499,2025,2025-06-24 15:15:36.416184972,72,3795,0.3128415575036184,136.35636630714401,54.04422643697007,4.81741644945877,341.9371939550881,2988.1105892180963,MEDIUM,CR02,2834.323067046625,0.9485335239176295,3299.379002810251,SYNTHETIC
BLST_2025_0500,2025,2025-06-24 23:40:34.682080926,236,4065,0.5592388567490796,200.6155213606081,70.01500973820178,3.213748689798753,356.83585926659475,2599.2037454358433,HIGH,CR02,2990.4419783621115,1.1505223411643954,3344.2047797916593,SYNTHETIC
BLST_2025_0501,2025,2025-06-25 08:05:32.947976878,74,3855,0.4104506038848607,45.0,79.57385325510162,3.206065917452795,337.886338696256,2642.48948274108,HIGH,CR02,2368.484010289234,0.896307828567924,2716.2421552302753,SYNTHETIC
BLST_2025_0502,2025,2025-06-25 16:30:31.213872832,146,4155,0.48930367383442835,133.36125351126185,69.08658371151321,3.5252747657572394,362.21204427034576,2427.2562416450605,MEDIUM,CR02,2839.1346165682075,1.1696888725040413,3508.182592311985,SYNTHETIC
BLST_2025_0503,2025,2025-06-26 00:55:29.479768786,101,4185,0.5136522046708236,135.66440103764978,27.476286801724743,1.7250842893667053,347.96504161327,2984.5061368038087,HIGH,CR01,3170.285999447181,1.0622481087749844,3328.8002994195404,SYNTHETIC
BLST_2025_0504,2025,2025-06-26 09:20:27.745664740,109,3765,0.347085804591599,109.56530088940335,48.583026450043015,4.220124916276564,331.32621389253615,2544.4865490174016,HIGH,CR01,2608.3629610054713,1.025103851310488,3307.4901130831595,SYNTHETIC
BLST_2025_0505,2025,2025-06-26 17:45:26.011560694,157,3825,0.3522210680610828,90.34998807201922,36.52161106266439,3.6038587581921395,321.7961527230156,1939.2966477444684,MEDIUM,CR01,2346.0338123957945,1.2097343720592661,2916.2408584992513,SYNTHETIC
BLST_2025_0506,2025,2025-06-27 02:10:24.277456648,12,3705,0.40251167549109074,116.43965442621125,61.58918253784617,3.7962458928709095,353.2950420780943,2917.619475161305,HIGH,CR02,2791.1275527394005,0.9566455038092617,3545.995142601193,SYNTHETIC
BLST_2025_0507,2025,2025-06-27 10:35:22.543352602,202,4065,0.36644934661104944,158.3474016285406,57.02200333132086,1.462880055334818,333.9429029081262,2827.560560648414,HIGH,CR01,3072.6601829005654,1.0866823599335906,3843.7749402572613,SYNTHETIC
BLST_2025_0508,2025,2025-06-27 19:00:20.809248556,113,4065,0.5157859991756097,113.71693233105678,57.35087234745966,2.3301954914810246,342.81825193805213,2580.3481716411216,HIGH,CR02,2493.5631201731726,0.9663669219441992,3086.6286695913523,SYNTHETIC
BLST_2025_0509,2025,2025-06-28 03:25:19.075144508,223,4020,0.2969208877208789,151.1822421124505,68.75544335351174,1.5507512457632182,365.0008877172227,2678.7514065343066,HIGH,CR01,2793.5704188246873,1.042862884555208,3449.4130987180206,SYNTHETIC
BLST_2025_0510,2025,2025-06-28 11:50:17.341040462,180,4020,0.35077870812425205,165.10789169839583,42.7949339137268,3.8018066638452828,336.82893944637453,2675.6708083722165,HIGH,CR02,2915.3119811685356,1.089563025483732,3479.7213348575688,SYNTHETIC
BLST_2025_0511,2025,2025-06-28 20:15:15.606936416,87,4065,0.34600056460549733,159.35178682963712,58.8588928910444,3.412801316311788,352.1307672006042,2595.8414536024993,HIGH,CR01,2645.598929789088,1.0191681491631683,3308.733830702546,SYNTHETIC
BLST_2025_0512,2025,2025-06-29 04:40:13.872832370,92,3630,0.47990570379410014,225.325847586122,36.69013120188711,1.7600784450354423,362.3742996884916,1523.0007692620425,HIGH,CR01,2081.795038578244,1.366903471484759,2406.593542816096,SYNTHETIC
BLST_2025_0513,2025,2025-06-29 13:05:12.138728324,78,3960,0.5578182763710338,73.76449987556862,57.679328135389575,3.0619914155567223,324.2811116859221,2323.873739565135,MEDIUM,CR01,2473.5914444986097,1.0644259205586148,3000.374357995823,SYNTHETIC
BLST_2025_0514,2025,2025-06-29 21:30:10.404624278,111,4095,0.3488656723157261,174.23060919225128,81.67364993301986,3.309848789576381,362.77594972455785,2740.442121802603,MEDIUM,CR01,2981.4553087956383,1.0879468261984317,3371.1873933681654,SYNTHETIC
BLST_2025_0515,2025,2025-06-30 05:55:08.670520232,108,3900,0.35104756235884316,131.956911209219,70.65400910787464,2.016610882564842,388.12111731510646,2749.856399849573,HIGH,CR01,3027.6944783585454,1.1010373045385828,3567.4855143271093,SYNTHETIC
BLST_2025_0516,2025,2025-06-30 14:20:06.936416186,148,3660,0.2380682585857256,182.4039443050106,57.90637550494758,3.043225686244551,343.61776680229275,3115.6436810068794,HIGH,CR02,3365.0557308452067,1.0800515320024415,4027.4921354347584,SYNTHETIC
BLST_2025_0517,2025,2025-06-30 22:45:05.202312140,39,4155,0.4149345517763719,177.70105508416725,56.88136213242303,3.102575179352716,358.8842205827316,3039.2845303121585,HIGH,CR01,2983.371335279093,0.9816031719059476,3546.6643845161057,SYNTHETIC
BLST_2025_0518,2025,2025-07-01 07:10:03.468208092,160,4155,0.4443491807854,145.5658131115178,81.9590211505681,3.3964057367947147,352.3323700460773,3201.868274991095,HIGH,CR02,3219.032104051623,1.0053605668898342,4221.962726964257,SYNTHETIC
BLST_2025_0519,2025,2025-07-01 15:35:01.734104046,112,4005,0.47672200981968965,147.33110720656416,73.05125828479835,3.1528740578482704,318.69567065071556,2777.354803769713,MEDIUM,CR02,2939.2354089565374,1.058285893097671,3633.178262287178,SYNTHETIC
BLST_2025_0520,2025,2025-07-02 00:00:00.000000000,41,4215,0.5394592606041776,92.93324943958058,65.59378231371778,2.303829934394201,317.39663581835964,1886.744015566545,MEDIUM,CR01,2198.592588926968,1.1652839870101732,2458.313211402302,SYNTHETIC
BLST_2025_0521,2025,2025-07-02 08:24:58.265895954,7,4110,0.5275681641015447,177.1100714469101,71.0969145142295,2.7697380159390197,359.7154754977686,2621.9345598491864,HIGH,CR01,2603.293313956723,0.9928902703454446,3061.317831911484,SYNTHETIC
BLST_2025_0522,2025,2025-07-02 16:49:56.531791908,166,4035,0.5368103571564615,176.76415818073676,38.075129237571986,2.825546222230551,347.9182909455773,2587.149314354339,MEDIUM,CR02,2599.9983664889246,1.0049664903619189,3260.3700863521713,SYNTHETIC
BLST_2025_0523,2025,2025-07-03 01:14:54.797687862,86,3735,0.3905458642562212,153.61859677054227,57.52603647162187,3.4183373076122443,341.4370354714266,2455.430086120876,HIGH,CR02,2514.514697774308,1.0240628360739747,2640.2404326630235,SYNTHETIC
BLST_2025_0524,2025,2025-07-03 09:39:53.063583816,213,3735,0.41190425219926097,132.84635323353484,33.7314558740089,2.7799387821068757,375.50489054164944,2591.01261693037,HIGH,CR01,2962.2931640478405,1.1432955380809124,3383.874514979231,SYNTHETIC
BLST_2025_0525,2025,2025-07-03 18:04:51.329479770,120,4125,0.518705083043224,164.61699851626835,62.85874794689605,2.7112952912380064,349.2071477262883,3276.0505454620748,HIGH,CR02,3052.924714491615,0.931891822829312,3623.0109559284665,SYNTHETIC
BLST_2025_0526,2025,2025-07-04 02:29:49.595375722,281,4245,0.4007461884386317,175.08139555908414,58.58192447213935,1.7023891957053625,362.4112540326217,2164.927579235271,LOW,CR01,2380.096801840632,1.0993886468393397,3087.1262071829324,SYNTHETIC
BLST_2025_0527,2025,2025-07-04 10:54:47.861271676,99,3855,0.47543652688569327,123.94557568573073,60.797862971025026,5.258114811848211,371.2992649827869,2588.4169528352286,MEDIUM,CR01,2643.2676592301077,1.0211908310733315,2941.7768175275082,SYNTHETIC
BLST_2025_0528,2025,2025-07-04 19:19:46.127167630,135,3795,0.3710360247712627,206.40332933330004,60.09314224796071,2.8306618176436795,357.1089172569035,2641.470365106408,HIGH,CR01,3041.512848353033,1.1514468943248999,3538.3010754237553,SYNTHETIC
BLST_2025_0529,2025,2025-07-05 03:44:44.393063584,209,4050,0.37929077830514984,185.48658480332938,60.15153474931678,2.308302270000904,346.0977837830593,2478.9922731486454,HIGH,CR02,2689.624303855567,1.0849667959793161,3181.2258016685946,SYNTHETIC
BLST_2025_0530,2025,2025-07-05 12:09:42.658959538,136,3675,0.46292205506840595,122.22391809231458,72.39166186040407,2.6212262537697986,308.7932950792326,2534.785749860443,HIGH,CR02,2462.3871665608963,0.9714379870947544,3263.4784319919668,SYNTHETIC
BLST_2025_0531,2025,2025-07-05 20:34:40.924855492,98,4140,0.610640201191153,190.92275049947304,70.78215746597485,2.9611140060882826,366.93374597152985,3064.9293147805247,HIGH,CR01,3211.0074958934874,1.0476611908824471,3799.0532700054328,SYNTHETIC
BLST_2025_0532,2025,2025-07-06 04:59:39.190751446,123,4275,0.5642354763508807,171.0244125119326,80.61965941833603,1.7537430596495176,342.63531032577464,2531.6876912635676,HIGH,CR02,2726.7973601413055,1.077067036961561,3191.6327202694106,SYNTHETIC
BLST_2025_0533,2025,2025-07-06 13:24:37.456647400,16,3750,0.3162998348512546,115.40434823207738,59.0904771950321,1.9370938565899114,345.90120320621736,3280.370288043474,LOW,CR01,3068.8558025949974,0.935521155578253,3348.384364297098,SYNTHETIC
BLST_2025_0534,2025,2025-07-06 21:49:35.722543352,143,3795,0.4968410010226753,149.65227360210585,25.754721551483392,2.572268116340187,328.7290823008696,2602.698995334099,HIGH,CR02,2577.106966518863,0.9901671192630744,3039.087051927373,SYNTHETIC
BLST_2025_0535,2025,2025-07-07 06:14:33.988439306,63,3630,0.4959158285802119,146.35595658158587,72.95310853375483,2.170841522288948,328.41617783415455,2181.9026632065834,HIGH,CR01,2173.599334717555,0.9961944551289811,2495.1629573480927,SYNTHETIC
BLST_2025_0536,2025,2025-07-07 14:39:32.254335260,87,4065,0.5128464882194247,164.48545258633268,51.2090809997174,1.8745015933025961,343.55186524956366,2730.3194094182786,HIGH,CR02,2718.353765867969,0.9956174931368711,3382.593578915928,SYNTHETIC
BLST_2025_0537,2025,2025-07-07 23:04:30.520231214,126,3900,0.7047079144367989,210.4942862829963,71.65149076837292,2.983326615960443,353.0368891817849,3049.990669143799,MEDIUM,CR01,3118.256823165371,1.022382414055298,3921.8453088735714,SYNTHETIC
BLST_2025_0538,2025,2025-07-08 07:29:28.786127168,138,3795,0.38080307241016964,193.62366309356716,73.07419040814105,3.923985656659145,343.1784348897564,2309.590559541146,HIGH,CR02,2545.0014955864044,1.1019275624732499,2985.3171432135314,SYNTHETIC
BLST_2025_0539,2025,2025-07-08 15:54:27.052023122,245,3720,0.44456343111065366,130.21662772519224,54.12928998657651,4.6584391643828225,387.1583235281723,2450.247866785592,HIGH,CR02,2586.543774297209,1.05562535503415,3374.0666487728986,SYNTHETIC
BLST_2025_0540,2025,2025-07-09 00:19:25.317919076,119,4200,0.46180033722734953,244.37919776244962,52.538341786269854,5.033095011026075,366.7331118909119,2625.4762307499313,HIGH,CR02,2808.2932422165454,1.069631943083482,3357.106150897411,SYNTHETIC
BLST_2025_0541,2025,2025-07-09 08:44:23.583815030,46,3930,0.2601613617162903,201.01570555932156,65.11820042692467,1.719259940490939,359.9388916092154,2510.4851317800003,LOW,CR01,3204.1128471339744,1.276292301664489,3779.6048459355434,SYNTHETIC
BLST_2025_0542,2025,2025-07-09 17:09:21.849710982,167,4110,0.5982220965793263,89.44302501803293,68.00933894182836,3.3554816490020416,326.0375046660363,1727.3487158567664,HIGH,CR01,2102.3309510045156,1.217085427919375,2432.4885010535704,SYNTHETIC
BLST_2025_0543,2025,2025-07-10 01:34:20.115606936,92,3960,0.3298721487711279,167.70840316920507,61.283447051342165,4.647185010688544,313.7663293099053,2623.351246197757,MEDIUM,CR01,2767.9691547345183,1.0551271617730824,3164.5472272175534,SYNTHETIC
BLST_2025_0544,2025,2025-07-10 09:59:18.381502890,134,3660,0.4496068560390024,93.75291039455317,50.59614135944871,3.9791973347354377,360.09014257013825,2283.9248247214555,MEDIUM,CR01,2389.846270015371,1.0463769403210692,2949.478386026249,SYNTHETIC
BLST_2025_0545,2025,2025-07-10 18:24:16.647398844,89,3945,0.5699206267408414,168.2981993029045,67.97600199737285,2.5289131850969278,332.9861562459034,1664.4059337791246,HIGH,CR01,2179.481284706536,1.3094649811527075,2542.1709771163264,SYNTHETIC
BLST_2025_0546,2025,2025-07-11 02:49:14.913294798,219,4215,0.47792513879440207,223.38840625197548,63.236173459285304,5.773043212662406,336.9240668019251,2505.617896300893,HIGH,CR01,2770.894847665218,1.105872867429611,3190.6871067692055,SYNTHETIC
BLST_2025_0547,2025,2025-07-11 11:14:13.179190752,49,3840,0.35860923501230385,236.5563652568609,58.71261434931933,0.8928090954483618,355.2457572374183,2650.711697275924,HIGH,CR02,2909.331156755258,1.0975660460340184,3595.371600605705,SYNTHETIC
BLST_2025_0548,2025,2025-07-11 19:39:11.445086706,78,4275,0.4217581096842633,201.16308353513688,46.352999359435216,4.361953171152483,321.0401318807895,2458.8041012959457,HIGH,CR02,2625.56094008411,1.0678203028457098,3344.349481905052,SYNTHETIC
BLST_2025_0549,2025,2025-07-12 04:04:09.710982660,171,3840,0.4633677718818223,148.83750624641021,53.18006948293998,2.3994399367289314,339.4281908433929,2047.346840553928,HIGH,CR02,2236.817391791762,1.0925444323769642,2625.215926289235,SYNTHETIC
BLST_2025_0550,2025,2025-07-12 12:29:07.976878614,553,4035,0.5564571995073917,104.36394249607875,67.92812827075815,5.249353329010416,356.6343216372263,2278.8736005289725,LOW,CR01,3065.338289298511,1.345111149906245,3218.6052037634367,SYNTHETIC
BLST_2025_0551,2025,2025-07-12 20:54:06.242774566,196,3990,0.3045667569737508,107.19222394825084,63.50404769519198,3.6523871249188278,351.7395622028587,2858.328686292592,HIGH,CR02,2869.6234978067314,1.0039515439803353,3454.843999724667,SYNTHETIC
BLST_2025_0552,2025,2025-07-13 05:19:04.508670520,34,3900,0.37035167532779945,167.13259344174804,42.711153844091946,3.163097859364132,370.630775069741,2580.4887761821005,HIGH,CR02,2820.105697521474,1.092857184092811,3271.89044336311,SYNTHETIC
BLST_2025_0553,2025,2025-07-13 13:44:02.774566474,158,4185,0.3104859869076172,87.70607087079544,38.1934194290019,3.945323610761734,328.50174869979884,2401.486859171874,HIGH,CR01,2630.8260898946346,1.0954988489097315,3113.918576793289,SYNTHETIC
BLST_2025_0554,2025,2025-07-13 22:09:01.040462428,121,3825,0.47522666446600326,195.80858640920934,67.47428800290416,1.506819874911321,335.698464208297,2214.6431547476764,HIGH,CR01,2622.4202057571197,1.1841276551191846,3060.227203124871,SYNTHETIC
BLST_2025_0555,2025,2025-07-14 06:33:59.306358382,137,4140,0.2983610709509631,125.53261200995536,51.098950397266975,3.9880057497755934,369.81543681818584,2917.1809103883033,HIGH,CR01,2772.7085144258062,0.9504753388972141,3096.0753684371457,SYNTHETIC
BLST_2025_0556,2025,2025-07-14 14:58:57.572254336,56,3900,0.3448943841798337,198.86723070105828,72.96718989711536,1.4612140597539138,356.79745137662263,3095.02008061408,HIGH,CR01,3090.9920365537064,0.9986985402499958,3437.5514092609124,SYNTHETIC
BLST_2025_0557,2025,2025-07-14 23:23:55.838150290,19,4005,0.3547533435367591,156.31427675173612,59.08737982889416,4.526744544168571,373.3652166845231,2350.518564397523,HIGH,CR01,2367.6943219502878,1.0073072205482314,2779.025950505984,SYNTHETIC
BLST_2025_0558,2025,2025-07-15 07:48:54.104046244,142,3765,0.37651987558316424,184.2847565463175,63.476149752336234,1.9419018300509931,376.8879164206232,3232.6836331152153,HIGH,CR01,3304.3889973410637,1.0221813738564787,3843.321991903731,SYNTHETIC
BLST_2025_0559,2025,2025-07-15 16:13:52.369942196,28,3840,0.4940026311639384,147.86167995430216,39.617908264961784,4.344689956783491,337.87475901704295,2658.9282744715074,HIGH,CR01,2825.3472564216327,1.0625887443252688,3483.74847905592,SYNTHETIC
BLST_2025_0560,2025,2025-07-16 00:38:50.635838150,166,4170,0.3766199179135986,167.33432812349548,55.54839430391504,5.5803969850814354,364.9194367798816,2830.8567805282255,HIGH,CR01,3190.575087392106,1.1270704718579083,3705.231741111358,SYNTHETIC
BLST_2025_0561,2025,2025-07-16 09:03:48.901734104,562,4080,0.40654500684883316,128.06533724031067,74.3552869833497,4.0534253548086685,372.0718755447616,2661.5340578141045,HIGH,CR01,3055.0326731849887,1.147846545196593,3742.655514810987,SYNTHETIC
BLST_2025_0562,2025,2025-07-16 17:28:47.167630058,78,4140,0.6329717591456303,186.85629091236385,65.72798185365745,2.749701023104193,335.0953070055307,2348.5329906760844,MEDIUM,CR02,2239.9212477216115,0.9537533671506117,2843.6002047318984,SYNTHETIC
BLST_2025_0563,2025,2025-07-17 01:53:45.433526012,274,4215,0.31730858290077424,115.1644908959504,36.75684721830483,3.6594595432442514,360.04178061391895,1950.6662685818,HIGH,CR01,2410.7297497252603,1.235849406202088,2934.848143373318,SYNTHETIC
BLST_2025_0564,2025,2025-07-17 10:18:43.699421966,85,3780,0.4662987475546795,128.38130987831403,57.6124769854079,2.4376074409623074,334.43420629459735,3031.237206259091,HIGH,CR01,3052.028283277701,1.0068589409550923,3601.9344928822525,SYNTHETIC
BLST_2025_0565,2025,2025-07-17 18:43:41.965317920,363,4245,0.5069157815779354,130.65038799400236,60.48667766434715,2.0993792679309946,344.2906962407032,2505.061435498714,MEDIUM,CR02,2989.264139087923,1.193289751990778,3595.7709526322715,SYNTHETIC
BLST_2025_0566,2025,2025-07-18 03:08:40.231213874,354,4050,0.297451985407355,125.92042556586088,68.43100701409656,2.8757533755049742,346.0982355547734,2580.7519602893044,MEDIUM,CR01,2838.0436771979685,1.0996964144046688,3336.719254338793,SYNTHETIC
BLST_2025_0567,2025,2025-07-18 11:33:38.497109826,73,3600,0.5080211233952462,99.91456983024212,84.43943196941234,3.1605976157705507,352.5567253307571,3068.549585280491,HIGH,CR01,2932.698437314091,0.9557278954793288,3635.4409894938067,SYNTHETIC
BLST_2025_0568,2025,2025-07-18 19:58:36.763005780,176,4065,0.4942720876831501,119.05902806427453,60.14306092361733,3.7674277373395237,330.31989772552566,1968.58512298512,HIGH,CR02,2388.2572555816114,1.213184651096067,2768.6634162891996,SYNTHETIC
BLST_2025_0569,2025,2025-07-19 04:23:35.028901734,98,4020,0.5424970719404287,171.55062808215868,54.96913896190377,4.888632369817775,353.686761324085,2369.450264564766,HIGH,CR01,2648.8578701010906,1.1179208568818169,3006.9915095833944,SYNTHETIC
BLST_2025_0570,2025,2025-07-19 12:48:33.294797688,319,4020,0.4516123706326332,163.88056740347966,36.23702671398216,4.1655176744733815,357.1528282701722,2630.1449341832686,HIGH,CR01,3147.0342194372165,1.1965250197949475,3686.7266283609715,SYNTHETIC
BLST_2025_0571,2025,2025-07-19 21:13:31.560693642,121,3645,0.35481662366159017,215.4063574910974,46.24820768322175,6.258537543926709,371.1317344091079,2174.5483771819063,HIGH,CR02,2544.5070219161316,1.1701312551223493,2835.919684702719,SYNTHETIC
BLST_2025_0572,2025,2025-07-20 05:38:29.826589596,54,3825,0.4802608606464907,260.3184984401015,58.949314932995165,0.2,363.7917331305965,1375.3313339287831,HIGH,CR01,2094.8055986445365,1.523127952491635,2623.0226740504463,SYNTHETIC
BLST_2025_0573,2025,2025-07-20 14:03:28.092485550,296,3870,0.42733291612036467,202.51120524627015,55.02579793457437,1.3153714889681956,360.5296480079004,3164.554627823844,MEDIUM,CR02,3415.5305719222397,1.0793084568336186,4139.115891981744,SYNTHETIC
BLST_2025_0574,2025,2025-07-20 22:28:26.358381504,120,3765,0.498728746689146,176.83510594966452,87.0612950098762,1.4121445271947861,386.6400657011146,2434.3620072980234,HIGH,CR01,2853.4983260356826,1.172175016485273,3114.277342871425,SYNTHETIC
BLST_2025_0575,2025,2025-07-21 06:53:24.624277456,42,3645,0.4387878979600573,152.46127654658616,53.77558857214391,4.775226909721558,340.73372930698736,2436.0473215123257,HIGH,CR02,2409.675210886541,0.989174220716939,2775.1553647616915,SYNTHETIC
BLST_2025_0576,2025,2025-07-21 15:18:22.890173410,122,3810,0.40255302704031315,171.98401963926545,73.65250775195648,3.4891746794501084,329.77920012370083,2599.421242375436,HIGH,CR01,2830.5369856777766,1.0889104618884853,3384.6196135869654,SYNTHETIC
BLST_2025_0577,2025,2025-07-21 23:43:21.156069364,30,3705,0.534825982512543,147.83823966372253,47.582036547435386,2.4646582773487578,341.5282752320656,2663.2887941373174,HIGH,CR01,2671.4560870376326,1.0030666193310669,3157.9678481053497,SYNTHETIC
BLST_2025_0578,2025,2025-07-22 08:08:19.421965318,241,4020,0.5826463250125412,155.13517177258666,25.78420735575005,3.668585595928072,365.73064455999713,2756.2884957879696,MEDIUM,CR01,2824.6475888333343,1.0248011386144187,3150.3148592371795,SYNTHETIC
BLST_2025_0579,2025,2025-07-22 16:33:17.687861272,544,3825,0.446067414981836,158.37407442007196,50.597718851446245,4.79702807387578,318.68365980750895,2740.193409374773,HIGH,CR02,3241.2136998789383,1.1828412143427798,3935.9773123886575,SYNTHETIC
BLST_2025_0580,2025,2025-07-23 00:58:15.953757226,315,4095,0.41962077141932924,141.98124858472644,58.20921213717585,4.0637967727517506,366.05275417660584,3554.481553406389,HIGH,CR01,3578.2290139635634,1.006680991362697,4192.421601511702,SYNTHETIC
BLST_2025_0581,2025,2025-07-23 09:23:14.219653180,65,3900,0.5000364207853797,133.81331740157867,60.603567200935814,3.1554036323427743,378.61921597807776,2930.5715921894457,HIGH,CR01,2980.288185427709,1.0169648110186995,3426.2570442793726,SYNTHETIC
BLST_2025_0582,2025,2025-07-23 17:48:12.485549134,27,3720,0.3705735417437998,143.09121998024187,65.38610771495395,3.327982450723021,345.56075471773596,2490.5458346448245,HIGH,CR01,2624.9731235439413,1.0539750311073024,3382.29596106192,SYNTHETIC
BLST_2025_0583,2025,2025-07-24 02:13:10.751445088,232,3825,0.43333114751187835,163.47431561193474,60.85103408358705,2.923475176682252,342.9210051341561,2115.6886689885187,LOW,CR01,2634.588088575783,1.2452626547531414,2766.317493004572,SYNTHETIC
BLST_2025_0584,2025,2025-07-24 10:38:09.017341040,186,4125,0.495150352012638,204.73870190460232,44.323609621691915,2.585735899893897,350.38921388824895,2895.8987210279392,HIGH,CR02,2976.482388881016,1.0278268253195237,3460.9511406753845,SYNTHETIC
BLST_2025_0585,2025,2025-07-24 19:03:07.283236994,68,3840,0.34595223656427,268.04613794802503,74.14501092553877,4.198538344861187,368.1936476738995,2268.709144501616,HIGH,CR02,2499.49691415776,1.1017264686464878,3003.039752615687,SYNTHETIC
BLST_2025_0586,2025,2025-07-25 03:28:05.549132948,325,4200,0.4044759056983941,133.3079151988651,72.02633952792101,2.1394648538968104,337.05940423966086,2494.01411690036,MEDIUM,CR02,2603.9917119768056,1.0440966209177394,2803.546238755379,SYNTHETIC
BLST_2025_0587,2025,2025-07-25 11:53:03.815028902,296,3960,0.4314836577755061,186.11765280037866,48.54122167402289,3.8399863434991155,377.22169946156816,2853.6805840981583,HIGH,CR01,3285.334924316648,1.1512623180827732,3786.1975327144855,SYNTHETIC
BLST_2025_0588,2025,2025-07-25 20:18:02.080924856,4,3810,0.5034496994885517,169.10878583410107,39.478797130028425,3.2895842898543792,357.2812837892614,2434.836020097238,HIGH,CR01,2539.580709980217,1.0430191967830327,2901.3914775008543,SYNTHETIC
BLST_2025_0589,2025,2025-07-26 04:43:00.346820810,55,3870,0.45756579636998684,141.36918062904834,73.97162968702071,3.5543434563213827,355.20272318246344,2674.0967108941763,HIGH,CR02,2462.689428280203,0.920942544167267,3066.9608430583285,SYNTHETIC
BLST_2025_0590,2025,2025-07-26 13:07:58.612716764,49,3975,0.22210903801256637,183.76381790331334,52.72273416156893,1.0079401446957101,331.1126442128446,2600.263587391961,LOW,CR01,2808.4704364018185,1.0800714396876536,3136.6861406582043,SYNTHETIC
BLST_2025_0591,2025,2025-07-26 21:32:56.878612718,256,3675,0.6634722069869885,99.9472034372549,85.32304745968672,5.451245030989555,357.6140297496889,3121.528901433494,HIGH,CR02,3209.7391868684913,1.028258679711243,3662.1629849037176,SYNTHETIC
BLST_2025_0592,2025,2025-07-27 05:57:55.144508670,65,3600,0.3883570486270685,143.07466725071214,47.959998892079234,4.689063774380433,351.91282933194685,2087.4946401130123,MEDIUM,CR02,2306.7709379548214,1.1050428075973109,2775.17871019778,SYNTHETIC
BLST_2025_0593,2025,2025-07-27 14:22:53.410404624,49,3720,0.3799340533129685,208.06797617648522,33.68541005855143,5.315534984642746,361.89261776270547,2979.6837917080397,MEDIUM,CR02,3004.3045012249618,1.0082628598327907,3366.161562276502,SYNTHETIC
BLST_2025_0594,2025,2025-07-27 22:47:51.676300578,63,3780,0.3207553736308616,142.9861239122613,40.97750982278291,1.9579943738611572,339.50818899395966,2770.0077644721505,HIGH,CR02,2806.57923083259,1.0132026584291574,3291.6883994656187,SYNTHETIC
BLST_2025_0595,2025,2025-07-28 07:12:49.942196532,117,3870,0.5460160108924635,213.59650713376553,40.17259700475,5.187640365702974,349.566870099252,2557.041480724349,HIGH,CR01,2987.072333136893,1.1681751569750547,3427.710695327323,SYNTHETIC
BLST_2025_0596,2025,2025-07-28 15:37:48.208092484,489,3855,0.5548189641488183,125.29526458010197,57.332218742977375,4.014966581990235,333.5768991646224,2955.919568831823,MEDIUM,CR02,2819.776829362177,0.9539423396681089,3200.774306286397,SYNTHETIC
BLST_2025_0597,2025,2025-07-29 00:02:46.473988440,23,4005,0.5121898548864326,132.5300851862399,58.72121820538311,3.2268796076201065,317.76580151148704,2544.8689108293042,HIGH,CR01,2508.0199197874535,0.9855202793019926,2751.9375343400848,SYNTHETIC
BLST_2025_0598,2025,2025-07-29 08:27:44.739884392,85,3930,0.3902665407032876,155.35801989734526,58.15659832572189,2.532381822388106,342.0964735704146,2396.8224640273966,HIGH,CR01,2363.6594275357756,0.9861637493016914,2877.472014735606,SYNTHETIC
BLST_2025_0599,2025,2025-07-29 16:52:43.005780348,108,4140,0.3245957135672072,204.79282016496154,48.18336101438453,4.333165613476696,352.5519846553451,2770.803358061511,HIGH,CR02,2785.1301962995444,1.005170644173052,3359.4602699760094,SYNTHETIC
BLST_2025_0600,2025,2025-07-30 01:17:41.271676300,150,3600,0.42032592718345496,114.1820114257121,60.465391781621896,4.227047745294816,377.20785843113316,3216.240651516208,HIGH,CR01,3065.0303094968044,0.9529853769032739,3640.0159620847644,SYNTHETIC
BLST_2025_0601,2025,2025-07-30 09:42:39.537572256,65,3855,0.5897190490074564,128.27934630226366,49.134056880842536,3.754990541479978,362.5802049526197,2817.078522834844,HIGH,CR02,2839.5540646863883,1.0079783157158597,3466.407127955066,SYNTHETIC
BLST_2025_0602,2025,2025-07-30 18:07:37.803468208,300,3915,0.4765356505798508,206.97794277692182,43.89658296958599,4.160698265132085,346.1192996822214,3175.0317174272486,HIGH,CR02,3308.442906594046,1.0420188524210716,3613.231586552646,SYNTHETIC
BLST_2025_0603,2025,2025-07-31 02:32:36.069364164,812,4050,0.4798767284970832,130.59983441484144,59.08501383576608,1.9160576500651194,360.1627078293913,2850.023326160022,HIGH,CR01,3254.5263610081856,1.1419297277798672,3939.776284769206,SYNTHETIC
BLST_2025_0604,2025,2025-07-31 10:57:34.335260116,542,4140,0.4842851492011406,152.91210464210565,56.33234000416285,3.5874025225191093,340.08845012372916,2618.882755430236,HIGH,CR02,2982.715964913854,1.1389268796891392,3888.3906248744756,SYNTHETIC
BLST_2025_0605,2025,2025-07-31 19:22:32.601156068,76,4215,0.5839647829141671,174.56891250789226,76.20681577798449,2.2265784899046386,347.05208851358316,2671.659431088039,LOW,CR02,2486.935436935589,0.9308579559194711,2905.1645622023084,SYNTHETIC
BLST_2025_0606,2025,2025-08-01 03:47:30.867052024,70,4260,0.4155002309332446,158.42472848527154,57.224869701237644,4.062796596641221,345.78533648434126,3111.2331300778665,MEDIUM,CR01,2947.9767864880987,0.9475268047220615,3508.5876347999424,SYNTHETIC
BLST_2025_0607,2025,2025-08-01 12:12:29.132947976,68,4065,0.3720120691403846,102.33776258942743,45.01606763975526,3.8270203020279423,308.5596555502307,2544.266529634246,HIGH,CR02,2561.8477039511913,1.0069101150025632,2991.988907066993,SYNTHETIC
BLST_2025_0608,2025,2025-08-01 20:37:27.398843932,128,3870,0.4240075951245337,157.19400368671714,43.19958670921504,2.2094562948828664,327.1131415045886,2445.0788220242025,HIGH,CR01,2522.480213737261,1.0316559903982891,2891.9182799359032,SYNTHETIC
BLST_2025_0609,2025,2025-08-02 05:02:25.664739884,72,3690,0.5650644201360726,171.79226722861895,65.46247254366429,6.082040331143737,317.27259311273326,2362.642009525008,HIGH,CR01,2778.219683845032,1.1758953208503953,3122.6767950459152,SYNTHETIC
BLST_2025_0610,2025,2025-08-02 13:27:23.930635840,158,4170,0.41869941871436084,102.73470121180847,50.17054559461039,2.522041343297507,326.26974526160484,2326.874091036698,HIGH,CR02,2224.570280608984,0.9560338005301635,2628.4596488329166,SYNTHETIC
BLST_2025_0611,2025,2025-08-02 21:52:22.196531792,155,4185,0.3835730672404424,222.79255167257833,57.27541517944891,2.1768257991743987,340.9251583544839,3113.747404931186,HIGH,CR01,3421.3637364251535,1.0987929627839437,4236.538784800561,SYNTHETIC
BLST_2025_0612,2025,2025-08-03 06:17:20.462427748,99,4260,0.3298899903155908,106.5483075944479,47.98926277478883,3.272865515782917,356.0796590110421,2621.6428736825965,HIGH,CR01,2735.3229583742286,1.0433621550184473,2921.3879441271156,SYNTHETIC
BLST_2025_0613,2025,2025-08-03 14:42:18.728323700,119,4005,0.32221636729540387,148.58453301847544,66.04106606921896,3.630317031181788,328.0334875419261,1891.6981613865541,HIGH,CR01,2149.1664360805203,1.1361043109040452,2586.6412099379622,SYNTHETIC
BLST_2025_0614,2025,2025-08-03 23:07:16.994219652,13,3615,0.44126023077044946,181.22434880675917,46.51005631702861,3.296616149501846,373.2131465582254,1913.5851385284932,MEDIUM,CR02,2246.9518879362054,1.174210565652733,2940.237196121148,SYNTHETIC
BLST_2025_0615,2025,2025-08-04 07:32:15.260115608,325,4185,0.3614197427678327,119.98825520380501,49.985610492099696,4.015991505962276,350.0537752215827,2525.1498542318477,HIGH,CR01,2691.1169219821386,1.065725631083696,3527.1685605287066,SYNTHETIC
BLST_2025_0616,2025,2025-08-04 15:57:13.526011560,206,3780,0.522445447766545,176.0494154519219,74.58482034740813,2.8796243826388332,341.52920389638496,3290.228285137282,HIGH,CR02,3585.64752360756,1.0897868515095912,3928.4630937300635,SYNTHETIC
BLST_2025_0617,2025,2025-08-05 00:22:11.791907516,31,4080,0.4638411733390327,176.67223453595977,56.83410453950598,3.1049001881262717,359.5973696268157,2670.068207774832,MEDIUM,CR01,2632.0292197742842,0.9857535519542969,3423.7987453091,SYNTHETIC
BLST_2025_0618,2025,2025-08-05 08:47:10.057803468,396,3960,0.5359986448047537,163.77408397477453,49.88192517358507,1.9956629685801868,346.80275229830926,2774.993642706994,HIGH,CR02,3200.3815016344133,1.1532932733180807,3949.5352721451095,SYNTHETIC
BLST_2025_0619,2025,2025-08-05 17:12:08.323699424,119,4215,0.4983260998082967,186.12218310046225,40.61925284461189,5.213392269665504,335.91795424934594,2746.402675737621,HIGH,CR01,3042.383348523182,1.107770311833849,3678.1077683211256,SYNTHETIC
BLST_2025_0620,2025,2025-08-06 01:37:06.589595376,21,3615,0.44783088735068605,112.88476505460584,64.61203126906553,2.962957833019453,397.5400541141115,2561.1991129136377,HIGH,CR01,2927.2348756539336,1.1429157775725962,3521.681436326297,SYNTHETIC
BLST_2025_0621,2025,2025-08-06 10:02:04.855491328,254,4125,0.32330790026895995,135.99282195445147,31.387651034873258,4.14850800656789,368.0547196391151,2264.7329132556783,HIGH,CR01,2607.547214767162,1.1513707420000663,3293.760984414877,SYNTHETIC
BLST_2025_0622,2025,2025-08-06 18:27:03.121387284,527,4245,0.3525425028584739,153.78656096250586,46.31294700662715,4.308666926398447,318.9027741776368,3057.9657911733,HIGH,CR01,3359.885623138783,1.0987322463962688,4046.213025204083,SYNTHETIC
BLST_2025_0623,2025,2025-08-07 02:52:01.387283236,774,3975,0.3042969397388461,200.99124682931304,54.582752211733705,1.9668762107329654,368.51376864920496,2853.2372064480437,HIGH,CR02,3464.0541009151616,1.2140785536816672,3983.391629388522,SYNTHETIC
BLST_2025_0624,2025,2025-08-07 11:16:59.653179192,227,4140,0.4265608778790929,196.95982479528445,47.493480764648126,2.108346073959084,375.55825324152744,2480.1914429244184,MEDIUM,CR01,2755.609139573546,1.111046950603289,3427.5558223676926,SYNTHETIC
BLST_2025_0625,2025,2025-08-07 19:41:57.919075144,185,4110,0.3557471442052726,153.15562910075337,74.81976196581695,4.874022247566051,353.3535607094995,2653.996558742198,HIGH,CR01,2963.056803211961,1.116450883650066,3436.8684093809015,SYNTHETIC
BLST_2025_0626,2025,2025-08-08 04:06:56.184971100,657,4110,0.46177654070401386,195.20543094175005,77.69710240934704,3.5464161737713455,327.8541968103631,2631.4486917417703,HIGH,CR02,3197.201237761472,1.2149966092043494,3789.012629267212,SYNTHETIC
BLST_2025_0627,2025,2025-08-08 12:31:54.450867052,66,3780,0.6254201219265404,192.61312226548492,78.94042464548588,3.4912262102151397,371.15446558965124,2874.152005749908,HIGH,CR01,3116.681234461314,1.0843828817077914,3693.684074875096,SYNTHETIC
BLST_2025_0628,2025,2025-08-08 20:56:52.716763008,36,4035,0.54421265918312,122.43894853444715,59.07201441701318,3.3982626911861313,342.24376904433404,3204.560678053935,HIGH,CR02,2903.037629137427,0.9059081480399312,3524.8686640036703,SYNTHETIC
BLST_2025_0629,2025,2025-08-09 05:21:50.982658960,56,3885,0.5374012753015536,232.29562082597033,70.05139860778819,5.460065342500625,363.60729843384905,1779.0877521003135,HIGH,CR01,2469.2592971572763,1.3879356396232712,2831.7615033137754,SYNTHETIC
BLST_2025_0630,2025,2025-08-09 13:46:49.248554912,121,3810,0.32834833491999005,141.04651568931487,74.78939978756812,1.7211119756896993,361.8261832542564,2100.9237475587283,HIGH,CR01,2494.2523924422817,1.1872170017310724,3012.288533264895,SYNTHETIC
BLST_2025_0631,2025,2025-08-09 22:11:47.514450868,193,3735,0.48739925394769895,186.16915266934745,58.34876210446451,3.1741006233218827,343.7603259948339,3088.8321995820143,HIGH,CR02,3236.2554755440046,1.0477278357762327,3398.068249321205,SYNTHETIC
BLST_2025_0632,2025,2025-08-10 06:36:45.780346820,11,4155,0.43180176858659414,228.7723086333679,43.34070140874398,3.112050450931147,383.20823868741763,2764.4839799160463,MEDIUM,CR02,2938.2359568391576,1.0628515043622673,3873.0660724223644,SYNTHETIC
BLST_2025_0633,2025,2025-08-10 15:01:44.046242776,195,3810,0.4027331699716479,176.56730674648,50.069290853649655,5.3158437019912945,322.21929741751615,2545.3154108630806,MEDIUM,CR01,2763.2726235496475,1.0856307284183144,3310.765253675178,SYNTHETIC
BLST_2025_0634,2025,2025-08-10 23:26:42.312138728,469,3705,0.5202412160003514,104.22477023265454,50.671871171275086,3.618765031445681,339.22431960464723,2786.2711848595,HIGH,CR02,3055.219224387317,1.0965261533009676,3700.3740259255087,SYNTHETIC
BLST_2025_0635,2025,2025-08-11 07:51:40.578034684,91,4275,0.687104652856851,137.67086838470664,63.94570540663422,3.765553454413506,343.2747551579178,2750.9464175023863,HIGH,CR01,2794.2389563684087,1.015737325376671,3220.674386920377,SYNTHETIC
BLST_2025_0636,2025,2025-08-11 16:16:38.843930636,65,3840,0.40066250140691906,185.97338431667086,61.84383798093529,2.845082143364108,331.6633897907595,2829.34229199292,HIGH,CR01,3138.1501132033363,1.1091447373067398,4048.932562266329,SYNTHETIC
BLST_2025_0637,2025,2025-08-12 00:41:37.109826588,63,3930,0.552251395875569,166.45306212495314,60.71451426467172,2.4887068145443902,358.2095460315712,2671.4907278972564,LOW,CR02,2422.427510506977,0.9067699487819977,2921.676089558098,SYNTHETIC
BLST_2025_0638,2025,2025-08-12 09:06:35.375722544,190,3990,0.38840781523469337,199.29318344502266,30.35392291310117,2.6377521261173684,343.3524671633567,2145.5636351563335,HIGH,CR02,2568.041295545719,1.1969075414342591,3146.61889840813,SYNTHETIC
BLST_2025_0639,2025,2025-08-12 17:31:33.641618496,102,3780,0.41669522072997484,213.25779402619352,53.944153196402304,3.0357515694296264,357.2659722772116,3435.6558319167125,HIGH,CR01,3249.3213808714104,0.945764517704514,3756.476736620846,SYNTHETIC
BLST_2025_0640,2025,2025-08-13 01:56:31.907514452,77,3735,0.3497762567204873,148.6117571537224,56.74989476076435,3.5337909726266132,350.50572425288476,2997.198857269081,HIGH,CR02,3017.833888422344,1.006884772127554,3789.9403947087753,SYNTHETIC
BLST_2025_0641,2025,2025-08-13 10:21:30.173410404,39,4020,0.46809565897723976,140.5463147279491,83.10935508856626,3.5770022159941974,332.8008131925209,2250.3858498443756,HIGH,CR01,2485.434365624778,1.1044480953329212,2855.359720617918,SYNTHETIC
BLST_2025_0642,2025,2025-08-13 18:46:28.439306360,136,3855,0.49408821389486635,205.0566633566761,66.68115056463509,3.8408482722346826,326.3394008152955,2429.297811562084,HIGH,CR01,2798.1983992392597,1.1518548223776506,3465.9763694705016,SYNTHETIC
BLST_2025_0643,2025,2025-08-14 03:11:26.705202312,133,3825,0.4533145720173378,157.1393324353974,69.52561229582741,1.4423820638952332,364.2602972215504,2897.622593873816,HIGH,CR01,2985.9077732540577,1.030468142941353,3425.292115129304,SYNTHETIC
BLST_2025_0644,2025,2025-08-14 11:36:24.971098268,108,3705,0.3100814418343979,143.5354069843383,64.7193743086595,4.113210216498932,373.50650252653264,1861.588500351809,HIGH,CR01,2175.891217753901,1.1688357643715,2622.0250584199866,SYNTHETIC
BLST_2025_0645,2025,2025-08-14 20:01:23.236994220,31,4035,0.4961069027555556,232.43979381002413,63.172082149087714,2.507984433638904,388.9027849347475,2834.7467932553327,HIGH,CR01,2895.931226005741,1.0215837382358042,3484.421275610415,SYNTHETIC
BLST_2025_0646,2025,2025-08-15 04:26:21.502890172,160,4005,0.3875608098008028,126.4347557929585,57.70987474563393,3.330360777556579,353.76927520417456,2437.4325450312253,HIGH,CR02,2553.8735326822493,1.0477719836343338,3071.174411553988,SYNTHETIC
BLST_2025_0647,2025,2025-08-15 12:51:19.768786128,52,3900,0.3588076697742958,154.74445551041657,30.8699756497868,3.8164735925540123,348.2752435059941,2783.0814611324695,HIGH,CR01,3089.458661623333,1.110085602872075,3474.797271778291,SYNTHETIC
BLST_2025_0648,2025,2025-08-15 21:16:18.034682080,74,4215,0.4483396998069917,168.68012110584664,61.151560802492625,1.7577489464910798,361.9508189149351,1997.337591927765,MEDIUM,CR02,2138.484562281172,1.0706675581152891,2496.1768675509975,SYNTHETIC
BLST_2025_0649,2025,2025-08-16 05:41:16.300578036,245,4005,0.3847006602698712,157.3233066930292,87.20031179311945,2.052427660785503,363.56177748581825,2412.878117098392,MEDIUM,CR02,2907.634321264448,1.2050481541773959,3486.3912453954217,SYNTHETIC
BLST_2025_0650,2025,2025-08-16 14:06:14.566473988,103,3690,0.5464624064215027,159.07381887278908,50.577212886732376,4.860574098626731,318.2061844707878,1720.036452925881,HIGH,CR01,2196.440490549574,1.2769732215926601,2581.4622016720796,SYNTHETIC
BLST_2025_0651,2025,2025-08-16 22:31:12.832369944,95,3720,0.514790981314179,173.7067162116672,72.21432525662543,3.0935443631455586,352.0630907311565,1721.9649953745197,HIGH,CR01,2310.411409699591,1.3417296030440424,2638.1608191311507,SYNTHETIC
BLST_2025_0652,2025,2025-08-17 06:56:11.098265896,103,3750,0.4571747433067887,160.14074505230298,51.32994152740933,1.7610702497123476,365.3455348017399,1909.676005873781,MEDIUM,CR01,2380.694163051392,1.246648204056004,2957.082557799931,SYNTHETIC
BLST_2025_0653,2025,2025-08-17 15:21:09.364161852,14,4110,0.33479008391307197,112.77494761165495,69.15507559522975,3.5078287047891172,355.6759042364394,3155.574492711587,HIGH,CR01,2893.1836501201205,0.9168484714281,3416.3378927987414,SYNTHETIC
BLST_2025_0654,2025,2025-08-17 23:46:07.630057804,115,4275,0.46676750499340186,82.34404873115585,35.95930907203538,3.3855534129303937,313.22362133074495,2756.503260728876,MEDIUM,CR01,2725.085399944605,0.9886022769383689,3225.3803054522846,SYNTHETIC
BLST_2025_0655,2025,2025-08-18 08:11:05.895953756,119,4065,0.3639172949213814,84.9178549090609,46.23342450252296,2.724975876573669,379.3393699595427,2734.3922960435034,MEDIUM,CR02,2567.197436865361,0.9388548382687945,3203.4093633144275,SYNTHETIC
BLST_2025_0656,2025,2025-08-18 16:36:04.161849712,134,4125,0.4680404144583829,190.76652188245882,75.98133597728852,4.659369157575879,375.0204999463058,2278.579455616894,HIGH,CR01,2724.3686887381054,1.1956434883244045,3402.212459171755,SYNTHETIC
BLST_2025_0657,2025,2025-08-19 01:01:02.427745664,262,3975,0.4295497443577458,177.82546618777775,45.925162234554776,2.049867956105891,372.10665087691984,2759.7541039656267,HIGH,CR01,3198.032715675376,1.158810747334324,3537.255197887405,SYNTHETIC
BLST_2025_0658,2025,2025-08-19 09:26:00.693641620,24,4020,0.6373459068380936,107.63269498415777,46.084959016902786,3.023333866548819,337.1998560717537,3076.638278567415,HIGH,CR01,3113.6054142779085,1.0120154312478056,3420.9667876517083,SYNTHETIC
BLST_2025_0659,2025,2025-08-19 17:50:58.959537572,174,3675,0.4637871921495192,153.64460848217237,61.86495519747295,2.2388955969238746,326.1385400652589,2579.312144862254,LOW,CR01,2915.0635272274462,1.1301708996462398,3258.793190173937,SYNTHETIC
BLST_2025_0660,2025,2025-08-20 02:15:57.225433528,46,3945,0.3678470202959795,139.29905456528797,90.0,3.18266469591774,341.1088877645225,2326.0540736736084,HIGH,CR02,2471.2783344193267,1.0624337423576578,2891.971075364383,SYNTHETIC
BLST_2025_0661,2025,2025-08-20 10:40:55.491329480,153,3840,0.4703902635256169,192.94283988852789,46.17073268253365,2.9559893969099518,335.493863391475,2691.136603011611,HIGH,CR01,3040.9191920031203,1.1299757836893425,3560.7187243047474,SYNTHETIC
BLST_2025_0662,2025,2025-08-20 19:05:53.757225432,304,4275,0.3393033700299423,144.18006758222387,53.46532975889538,4.929846808520551,315.9406215842904,3008.1827462740757,HIGH,CR01,3348.538447570338,1.1131432928128537,3818.5690709343226,SYNTHETIC
BLST_2025_0663,2025,2025-08-21 03:30:52.023121388,61,3750,0.4349711121981013,150.14775901767604,46.950804169345744,5.54162620236276,323.36023947616576,2561.4228887960517,HIGH,CR01,2852.354920412658,1.113582194056739,3653.5632002800503,SYNTHETIC
BLST_2025_0664,2025,2025-08-21 11:55:50.289017340,105,3645,0.44658421854433733,195.94535299586713,58.706225940264716,4.080478744922267,349.59579828317874,2808.0742846308653,HIGH,CR01,3103.225093964289,1.1051079064926599,3755.245923338606,SYNTHETIC
BLST_2025_0665,2025,2025-08-21 20:20:48.554913296,212,4200,0.4953071503825913,239.0018081678731,71.68418661527537,2.9512977315024873,378.2539622832003,2818.6347363148984,LOW,CR01,3041.238388348921,1.078975700244529,3752.938423411765,SYNTHETIC
BLST_2025_0666,2025,2025-08-22 04:45:46.820809248,87,3780,0.32116418148943277,152.86083920359349,41.06213264257827,4.289000113904782,321.1445953427656,2552.772184894286,HIGH,CR01,2659.1805923786947,1.0416834718405612,3297.8800137816634,SYNTHETIC
BLST_2025_0667,2025,2025-08-22 13:10:45.086705204,173,4245,0.32462301166573415,211.10430902737744,55.87291165640467,3.8210409743828304,325.77940739697857,2511.562148053179,HIGH,CR01,2872.7268898301413,1.1438008380787696,3718.6608226262088,SYNTHETIC
BLST_2025_0668,2025,2025-08-22 21:35:43.352601156,93,3975,0.3667418170004233,173.4450559899256,39.076483462968234,3.0660812143995972,351.7902718162592,3346.8725821694707,HIGH,CR02,2952.2964074541096,0.8821060064200014,3513.3373507420097,SYNTHETIC
BLST_2025_0669,2025,2025-08-23 06:00:41.618497112,44,4005,0.4432153042441297,184.16467287710037,48.61275606634723,1.8982057844006348,333.427889430489,2415.498923324535,HIGH,CR02,2536.3430258030244,1.0500286302393245,2940.1662635376224,SYNTHETIC
BLST_2025_0670,2025,2025-08-23 14:25:39.884393064,93,3930,0.3875206916151352,223.67636694872178,60.59754137392308,3.8053329467108314,354.4651283778669,2545.1609214851296,MEDIUM,CR01,3001.091283105106,1.1791361629715484,3451.212869015269,SYNTHETIC
BLST_2025_0671,2025,2025-08-23 22:50:38.150289016,111,3825,0.5997956363578575,133.75977497690684,60.252057997456994,2.7632216896128527,403.58325422388333,2345.7058389016097,HIGH,CR02,2600.7418724060162,1.1087246445290977,3027.406726649596,SYNTHETIC
BLST_2025_0672,2025,2025-08-24 07:15:36.416184972,86,3975,0.5950522400130938,228.00327908151985,66.92004481946763,3.5824285435676697,365.4046634764747,2132.3557214915922,MEDIUM,CR01,2574.2205384718327,1.2072190922587505,3223.6690738213542,SYNTHETIC
BLST_2025_0673,2025,2025-08-24 15:40:34.682080924,349,3750,0.4720039047286735,229.19565416880874,55.95612327691945,4.385021552877389,388.659060748455,2471.600019861377,MEDIUM,CR01,3034.938359757831,1.2279245571166688,3578.427988924699,SYNTHETIC
BLST_2025_0674,2025,2025-08-25 00:05:32.947976880,272,3870,0.3963824782354613,97.59846822337812,62.01356007141932,2.5597777839627494,348.22319526905295,2245.3331461202165,MEDIUM,CR02,2676.6140758538236,1.19207881488715,3264.7806619496055,SYNTHETIC
BLST_2025_0675,2025,2025-08-25 08:30:31.213872832,44,3765,0.6645542626406369,187.9162670113863,53.01563697181188,2.5266417704901305,334.63703461209366,2365.6240446569036,HIGH,CR01,2466.6514192958202,1.0427064371733543,2769.853518922284,SYNTHETIC
BLST_2025_0676,2025,2025-08-25 16:55:29.479768788,28,3600,0.2624230736592084,156.4818341237651,31.35524384535498,4.635142671297358,347.44498354692234,2189.3603552429913,HIGH,CR01,2481.4757458938525,1.1334249932640441,3104.8531622087517,SYNTHETIC
BLST_2025_0677,2025,2025-08-26 01:20:27.745664740,580,4020,0.4821814213467594,172.33722137223364,71.37962443386147,4.190082915298466,354.653250045356,2354.8063735394117,HIGH,CR01,3251.6331518239076,1.3808494780556047,3789.601540198988,SYNTHETIC
BLST_2025_0678,2025,2025-08-26 09:45:26.011560696,50,4080,0.43649382968656636,136.47565362996664,63.061845855591386,0.6539056770836571,367.61293702499955,2396.9141322055234,HIGH,CR02,2657.1321982004697,1.1085637831153785,3188.28227616007,SYNTHETIC
BLST_2025_0679,2025,2025-08-26 18:10:24.277456648,104,3660,0.4205423977718234,144.4578634402557,47.550263193239786,3.324059846960769,373.321430656626,1957.8485660459303,MEDIUM,CR01,2354.0374550012375,1.2023593120664333,2825.9467923331376,SYNTHETIC
BLST_2025_0680,2025,2025-08-27 02:35:22.543352600,139,3975,0.5364109752912857,53.72651621895895,59.08279701410484,3.019094752549693,364.4594061713881,2611.658208602762,HIGH,CR01,2657.60568256972,1.0175932186744834,3351.6207660037103,SYNTHETIC
BLST_2025_0681,2025,2025-08-27 11:00:20.809248556,169,3930,0.4489161993111705,245.1075680802922,49.83344778075909,1.7774682702881273,342.5238027574803,2665.639440949688,HIGH,CR01,3103.9309770386412,1.1644226632289036,3651.831705850931,SYNTHETIC
BLST_2025_0682,2025,2025-08-27 19:25:19.075144508,127,4065,0.38584993544714064,156.77767182135506,59.599942230160785,4.05808926063361,367.4771358103291,2223.8862070884256,HIGH,CR02,2627.8152665063644,1.1816320718796012,2939.3883167538097,SYNTHETIC
BLST_2025_0683,2025,2025-08-28 03:50:17.341040464,12,3885,0.44813618664813276,120.25481190089992,59.798721054374,4.04785075141154,343.50620301558666,2023.6933545503862,HIGH,CR01,2086.578177981621,1.0310742846932985,2554.3756044222973,SYNTHETIC
BLST_2025_0684,2025,2025-08-28 12:15:15.606936416,60,4080,0.46012088876825397,153.30120082807505,63.73886279049984,4.251479088016675,377.8722136798485,2888.5507434318292,HIGH,CR01,2927.855385860154,1.0136070458577535,3568.570527687271,SYNTHETIC
BLST_2025_0685,2025,2025-08-28 20:40:13.872832372,223,3990,0.3949680701016244,178.59452398079222,80.75382814403363,3.151314543938338,363.1421217952193,3158.1493349881116,HIGH,CR01,3080.2019017577168,0.9753186360230529,3297.122276080483,SYNTHETIC
BLST_2025_0686,2025,2025-08-29 05:05:12.138728324,107,3870,0.4151550447768059,219.6879542906417,41.08909734124583,2.873160388128292,388.410641344497,2659.781668855732,HIGH,CR01,3073.6106750594486,1.1555875848944213,3787.339771671586,SYNTHETIC
BLST_2025_0687,2025,2025-08-29 13:30:10.404624276,58,3990,0.4580933325806856,112.17652820539617,55.77003422330399,4.567684454099758,372.04992882120746,2843.3796664830634,HIGH,CR02,2492.0337755121836,0.8764337048926517,3114.3582739667972,SYNTHETIC
BLST_2025_0688,2025,2025-08-29 21:55:08.670520232,29,3720,0.5374408911351858,165.77697388472853,63.098808220182704,4.2716572376993085,343.9163203481588,3055.0110953858043,HIGH,CR01,3148.462931615978,1.0305896879953467,3752.972056507575,SYNTHETIC
BLST_2025_0689,2025,2025-08-30 06:20:06.936416184,151,3975,0.5079799176466607,248.83257282482288,46.405485213934796,3.6439511199866446,348.915674174362,2237.9453397922234,HIGH,CR02,2580.949519541267,1.1532674519123371,3128.650333302,SYNTHETIC
BLST_2025_0690,2025,2025-08-30 14:45:05.202312140,200,4260,0.4842289553948644,228.10810570006265,63.5786286038221,2.3598157686976964,331.5029112218076,2321.2233024473726,MEDIUM,CR02,2571.4800744737317,1.107812450341379,2904.8300786945865,SYNTHETIC
BLST_2025_0691,2025,2025-08-30 23:10:03.468208092,281,4290,0.49711661029025844,158.8384758314709,52.387390859820435,2.4740976803097827,337.2300793089348,2851.4389850288144,HIGH,CR02,2979.0614444626035,1.0447572120967195,3440.7501349882723,SYNTHETIC
BLST_2025_0692,2025,2025-08-31 07:35:01.734104048,13,3705,0.4776500068238697,138.57919276625324,51.89471426390072,2.4699629891205195,394.5245596594847,2175.657242635344,HIGH,CR01,2329.005739661404,1.0704837572853667,2982.2482838332867,SYNTHETIC
BLST_2025_0693,2025,2025-08-31 16:00:00.000000000,126,4230,0.49849305536184757,174.2235662380225,53.537526189268085,4.063397142327254,314.6362700117421,2964.2726665223004,LOW,CR01,3194.5370740187814,1.0776799010755742,3859.538292663845,SYNTHETIC
BLST_2025_0694,2025,2025-09-01 00:24:58.265895956,172,3825,0.38207435719666244,165.7608454689966,56.7475460545178,2.955856118476271,368.29724709326325,2234.4019925991215,HIGH,CR02,2709.5689478261525,1.2126595647519554,3274.31884946868,SYNTHETIC
BLST_2025_0695,2025,2025-09-01 08:49:56.531791908,344,4275,0.1836510462043493,140.16712510350897,44.231214818623336,3.489668153597338,355.4493415178238,2664.631787575661,MEDIUM,CR02,2790.543050789495,1.0472527813414667,3083.3542556928373,SYNTHETIC
BLST_2025_0696,2025,2025-09-01 17:14:54.797687860,252,4185,0.46107561077903336,140.83545984339992,45.36279429675623,3.8535932782801883,342.8333043094482,3131.953520429705,HIGH,CR01,3252.586803728823,1.0385169455779686,4100.695424360661,SYNTHETIC
BLST_2025_0697,2025,2025-09-02 01:39:53.063583816,151,3735,0.465112773198667,190.80222278029208,58.35791458466714,3.68186273100242,361.7956083602769,2535.5485221868544,HIGH,CR01,2977.5380162818988,1.174317111357758,3782.3537358966764,SYNTHETIC
BLST_2025_0698,2025,2025-09-02 10:04:51.329479768,174,3975,0.47466457348283836,162.53025031415592,52.16468753904439,4.260054430400915,416.5494457285989,2091.409944820927,LOW,CR01,2894.7257841572073,1.3841025243881884,3508.453524689884,SYNTHETIC
BLST_2025_0699,2025,2025-09-02 18:29:49.595375724,92,3765,0.43390160269221045,155.42860378843767,72.73289626137083,2.152836443506749,344.3562808455298,2589.831832945812,HIGH,CR02,2764.8728234748314,1.0675877824584148,3157.337933034232,SYNTHETIC
BLST_2025_0700,2025,2025-09-03 02:54:47.861271676,144,3990,0.4587748708399592,88.48637571643404,58.31140854163166,3.0484898351735343,351.6509034050419,2982.655631794993,MEDIUM,CR02,2808.0060842834023,0.9414449507177988,3543.1231914716827,SYNTHETIC
BLST_2025_0701,2025,2025-09-03 11:19:46.127167632,4,3795,0.4208244094646557,128.32309298604378,61.12076981991988,3.8854478038038756,377.64726424902074,3497.242805538316,HIGH,CR01,3457.5310603909065,0.9886448418495504,3869.2209888984635,SYNTHETIC
BLST_2025_0702,2025,2025-09-03 19:44:44.393063584,38,3675,0.4372807677843217,178.62795814096518,68.41906353038895,3.5871462621865415,344.9711186411424,2312.496921795235,LOW,CR01,2407.7117845441358,1.041174049509646,2706.763693061664,SYNTHETIC
BLST_2025_0703,2025,2025-09-04 04:09:42.658959536,95,4095,0.37423575923299157,166.45470481756215,75.56178365158186,3.850528748935391,329.6861180963257,2248.1201229647195,MEDIUM,CR01,2474.2087999227015,1.1005678809813002,2974.8654907490804,SYNTHETIC
BLST_2025_0704,2025,2025-09-04 12:34:40.924855492,111,4185,0.5177688747342551,179.09981860561606,38.91896236948114,2.9475207393123215,363.6214615403461,2458.0710513878757,MEDIUM,CR02,2679.5077088747666,1.090085539782043,2950.8138698786365,SYNTHETIC
BLST_2025_0705,2025,2025-09-04 20:59:39.190751444,57,4095,0.2938068932322258,125.73391379867738,44.291481703980786,2.4403320010491525,359.89558140409963,2616.111680981204,LOW,CR01,2787.045001067472,1.0653386938061291,3450.249766629458,SYNTHETIC
BLST_2025_0706,2025,2025-09-05 05:24:37.456647400,284,3975,0.481852657489196,202.25984358886734,76.01943565161692,3.5098582045879843,338.8505240210294,2655.775990737853,MEDIUM,CR02,3053.570774543907,1.1497847654295326,3729.0503819579867,SYNTHETIC
BLST_2025_0707,2025,2025-09-05 13:49:35.722543352,169,4245,0.607119161671924,145.3982151708027,47.576070733357255,2.511591049764191,327.7790474798041,3232.0470315171415,LOW,CR02,3377.5113758084285,1.04500687733588,3836.909156032354,SYNTHETIC
BLST_2025_0708,2025,2025-09-05 22:14:33.988439308,105,4260,0.6018798209900966,84.74671787938178,59.26248390088007,4.073624425346576,312.12032837673127,2095.792109354907,HIGH,CR01,2655.0784410949864,1.2668615504579936,3274.120998593746,SYNTHETIC
BLST_2025_0709,2025,2025-09-06 06:39:32.254335260,157,3960,0.423219247944873,65.96061743785316,58.505045912676735,3.0807566130136994,342.3913266470109,2035.5320919788478,HIGH,CR02,2274.766610808338,1.1175292297145352,2563.225902646841,SYNTHETIC
BLST_2025_0710,2025,2025-09-06 15:04:30.520231216,345,3645,0.5478068021500273,153.35871955992098,67.18164435540683,2.1778035905643467,338.4066727689344,2434.0178153172888,MEDIUM,CR02,2575.331701968112,1.0580578686653541,3150.2855339251732,SYNTHETIC
BLST_2025_0711,2025,2025-09-06 23:29:28.786127168,130,4185,0.4704077500032803,150.0637054682227,85.63415245606816,3.1833855266967723,343.2694645224494,2680.1570769409363,HIGH,CR02,2712.1264020851004,1.0119281535471245,2857.193086444777,SYNTHETIC
BLST_2025_0712,2025,2025-09-07 07:54:27.052023120,63,3975,0.5443109103311516,109.70995347342983,67.64439374546924,3.198410321927956,331.0331246416558,2765.6994767830647,HIGH,CR02,2513.2705240871855,0.9087287122787856,3133.2571974492303,SYNTHETIC
BLST_2025_0713,2025,2025-09-07 16:19:25.317919076,134,3915,0.4817733288330323,172.8247361042936,55.41472467954291,3.614139378361735,341.9914417684396,3010.8717195508343,HIGH,CR01,3048.370602365976,1.0124544936842197,3660.397141715819,SYNTHETIC
BLST_2025_0714,2025,2025-09-08 00:44:23.583815028,83,3600,0.36465618275064815,73.95680420419743,65.33884647023359,2.698604921786959,348.93949052886103,1446.9434595761497,HIGH,CR01,1582.2316267846497,1.093499276915858,1680.1884598046586,SYNTHETIC
BLST_2025_0715,2025,2025-09-08 09:09:21.849710984,91,4050,0.437459555876547,195.72107118526657,52.375547860160204,3.6259639430040504,350.88893457718194,2372.5501879595263,LOW,CR01,2444.66261366051,1.0303944785096424,2997.0779022519514,SYNTHETIC
BLST_2025_0716,2025,2025-09-08 17:34:20.115606936,188,3855,0.39457175521646726,224.687047218909,50.80749115611628,2.3201950904351945,346.4832519571242,3219.2896527206635,HIGH,CR01,3246.9076333853286,1.008578905175968,3841.080490768352,SYNTHETIC
BLST_2025_0717,2025,2025-09-09 01:59:18.381502892,102,4290,0.5547634877105146,150.77241358873601,45.71828109065615,4.13618543193541,371.42491520495867,2402.96059245026,MEDIUM,CR02,2433.3800678099815,1.0126591653043728,2913.380446240348,SYNTHETIC
BLST_2025_0718,2025,2025-09-09 10:24:16.647398844,29,4245,0.2718573886263159,213.52907855748953,53.70180958663467,3.800208406931522,331.480359484833,1858.7369204827,HIGH,CR01,2306.8494497942393,1.2410844290945529,2801.1572218071483,SYNTHETIC
BLST_2025_0719,2025,2025-09-09 18:49:14.913294800,21,3780,0.49056316549272283,140.82744186284188,55.353907336839214,3.0899210974289093,358.64236842436054,2746.7595226431913,HIGH,CR02,2492.0618587860827,0.9072734028015621,2919.2353311680254,SYNTHETIC
BLST_2025_0720,2025,2025-09-10 03:14:13.179190752,118,3630,0.21629383697198806,208.76548019402,53.895276486184194,3.7571466529359987,319.7279837721344,2379.5237470884913,HIGH,CR01,2614.506682248008,1.0987520866085216,3123.2171359967324,SYNTHETIC
BLST_2025_0721,2025,2025-09-10 11:39:11.445086704,26,4020,0.5620699314336712,93.99004655175138,47.7466241686854,2.700395972649648,359.2809201536632,2430.9831124038133,HIGH,CR01,2599.8345525998398,1.069458088513442,2931.5444373397913,SYNTHETIC
BLST_2025_0722,2025,2025-09-10 20:04:09.710982660,30,3675,0.43358647220854046,172.11882500118895,54.37108392964671,3.1833849819646036,375.0690082912296,2242.263503107698,HIGH,CR02,2205.6648261788328,0.9836777984040944,2508.5250735976356,SYNTHETIC
BLST_2025_0723,2025,2025-09-11 04:29:07.976878612,32,4275,0.3020988912744895,193.66089402452724,44.596035620506285,2.2945942897341816,352.68757047045517,2899.3343031356108,MEDIUM,CR02,2955.388667692052,1.019333529250428,3595.5618446157087,SYNTHETIC
BLST_2025_0724,2025,2025-09-11 12:54:06.242774568,37,4290,0.28724341255309577,128.69430646312517,70.33566496166165,2.553708657844827,366.1597915974331,1902.3591432899902,HIGH,CR01,2157.1879281290553,1.1339540883948744,2509.600889052153,SYNTHETIC
BLST_2025_0725,2025,2025-09-11 21:19:04.508670520,134,4125,0.46718201954255806,215.23728954450576,49.688372057903,3.394843832379212,341.4576035287501,2002.8846399623885,HIGH,CR02,2301.6974579250377,1.1491912274928926,2986.9533898168916,SYNTHETIC
BLST_2025_0726,2025,2025-09-12 05:44:02.774566476,228,4230,0.4364320965933719,203.6757846860576,71.35324846149209,3.6355156867482354,353.87563694160764,2347.924992311367,MEDIUM,CR01,2566.7378580101336,1.0931941464975679,2748.7229628679142,SYNTHETIC
BLST_2025_0727,2025,2025-09-12 14:09:01.040462428,67,3765,0.33600332587659626,163.21877645232777,54.94528581158558,3.3929613750249192,357.0135497586825,1443.4201606495026,MEDIUM,CR01,1978.6273471520076,1.3707909873322508,2494.8395608050027,SYNTHETIC
BLST_2025_0728,2025,2025-09-12 22:33:59.306358380,97,3615,0.478356854346038,197.84400335790596,60.941552938438996,3.523686420833702,384.1267634261928,1920.552016311822,HIGH,CR01,2350.020580014626,1.2236172517355424,2888.240270041929,SYNTHETIC
BLST_2025_0729,2025,2025-09-13 06:58:57.572254336,156,3870,0.36944459614814096,176.6149566020908,43.92954936151304,3.7259096237169107,344.3703653065121,1907.2010619486523,HIGH,CR01,2432.478148721172,1.2754177822425425,3054.382004761827,SYNTHETIC
BLST_2025_0730,2025,2025-09-13 15:23:55.838150288,187,4245,0.5754878109929378,156.96582436105749,77.5258724219159,2.360653201288644,333.8498230514154,3765.989276654411,MEDIUM,CR01,3799.756542389425,1.008966373309754,4193.5895343577,SYNTHETIC
BLST_2025_0731,2025,2025-09-13 23:48:54.104046244,30,3990,0.4381028493876229,139.5559043450498,39.83446938480208,3.114827918591133,353.53829962617806,2806.8090330837763,HIGH,CR01,2763.173423999532,0.9844536594510305,3192.4332219252656,SYNTHETIC
BLST_2025_0732,2025,2025-09-14 08:13:52.369942196,167,3855,0.4471319529898764,132.186235584192,52.8638032374322,1.3948771036925856,356.9054092952111,2939.6712511808873,HIGH,CR01,2877.221666911899,0.9787562693468183,3149.6840162553726,SYNTHETIC
BLST_2025_0733,2025,2025-09-14 16:38:50.635838152,49,3660,0.4060041336561048,151.69524692126723,67.33220801429214,3.425385978943222,356.9293677355134,1746.812465152379,HIGH,CR02,1769.9621447979769,1.0132525271644306,2210.4419465280785,SYNTHETIC
BLST_2025_0734,2025,2025-09-15 01:03:48.901734104,187,4290,0.3624522769943284,153.61079266961798,32.25516597293217,2.842029676199542,325.6744147407105,2718.11115512533,HIGH,CR01,2856.2056134685217,1.0508053020873698,3497.0741227013223,SYNTHETIC
BLST_2025_0735,2025,2025-09-15 09:28:47.167630060,240,3705,0.5084050184375846,128.8599887243088,52.08683858402452,2.9030669238787916,329.14879740747,2341.8837742910923,HIGH,CR01,2346.2599559768128,1.0018686587839079,2780.601837513417,SYNTHETIC
BLST_2025_0736,2025,2025-09-15 17:53:45.433526012,165,3840,0.4678319948171018,171.32564814275364,52.63956752366389,3.12668986442606,365.3917650924663,2987.1093902178345,MEDIUM,CR02,3290.710566435321,1.1016371135291254,3889.5436549407955,SYNTHETIC
BLST_2025_0737,2025,2025-09-16 02:18:43.699421964,71,3750,0.5598992717648732,134.33453811406147,42.43534516231128,2.8813631470640795,374.77791743552575,3800.0,HIGH,CR01,3642.161777416056,0.9584636256358042,4142.2080843290605,SYNTHETIC
BLST_2025_0738,2025,2025-09-16 10:43:41.965317920,372,3915,0.2618606679460838,153.33458669876617,43.00119470138379,3.9720286439116044,335.21334218564925,1497.0663212614008,MEDIUM,CR01,2172.663405951447,1.45128066478765,2807.1695697813584,SYNTHETIC
BLST_2025_0739,2025,2025-09-16 19:08:40.231213872,305,3855,0.4545403122852158,222.59520604702715,80.90861883427235,3.0513171511491928,348.98556893746803,2262.5824529123133,HIGH,CR02,2879.9624890148207,1.2728652099762545,3473.933350189267,SYNTHETIC
BLST_2025_0740,2025,2025-09-17 03:33:38.497109828,95,4200,0.5413169887307259,116.10816496107105,48.14456481802482,3.0033737335581008,332.7983766115254,2317.2403902340156,HIGH,CR01,2539.1602331061686,1.095769020688329,3152.488722264015,SYNTHETIC
BLST_2025_0741,2025,2025-09-17 11:58:36.763005780,182,3990,0.5864575655223326,109.47142687604565,55.01628551721986,3.627167387637422,351.30135051724807,1960.1024851199454,MEDIUM,CR01,2251.8598936008034,1.1488480376387076,2615.8934241217653,SYNTHETIC
BLST_2025_0742,2025,2025-09-17 20:23:35.028901736,620,4200,0.5648207280198497,203.69498824181773,21.992198148212502,2.5957172823396504,343.7536303786161,2206.764439234131,MEDIUM,CR02,2897.273737240875,1.3129057572843565,3621.986363431392,SYNTHETIC
BLST_2025_0743,2025,2025-09-18 04:48:33.294797688,32,3750,0.44611847061263604,152.98134612969127,69.73204912652581,4.621060104046741,340.32312682878484,2718.878097028397,HIGH,CR01,2982.4532184000127,1.0969426035171237,3566.334158410565,SYNTHETIC
BLST_2025_0744,2025,2025-09-18 13:13:31.560693644,73,4020,0.33696606934226964,119.3400712484717,46.937254773576136,4.225383682196004,352.3325692497918,3317.32536621657,HIGH,CR01,3236.165559933039,0.9755345655539076,4053.9598825013168,SYNTHETIC
BLST_2025_0745,2025,2025-09-18 21:38:29.826589596,33,3855,0.42232944396477445,143.9704636600516,47.099242775837254,3.28298987001973,339.7347895507304,2160.6210112463577,HIGH,CR02,2327.9031602745804,1.0774231797976108,2934.6011287912957,SYNTHETIC
BLST_2025_0746,2025,2025-09-19 06:03:28.092485548,76,3810,0.30178361588239033,130.36110730263613,61.57316055188552,2.690062827021653,357.1152173743771,3213.10645706779,HIGH,CR02,2813.9684781926385,0.8757781653959278,3349.3529388986085,SYNTHETIC
BLST_2025_0747,2025,2025-09-19 14:28:26.358381504,351,3645,0.4178429831786398,138.47803690924198,51.63268960203829,4.551805821491518,352.2170520414626,2833.023201876209,HIGH,CR01,3229.430702363764,1.1399238453906868,3972.6458368173535,SYNTHETIC
BLST_2025_0748,2025,2025-09-19 22:53:24.624277456,402,4170,0.43721992641879015,205.77997268144452,46.08743227943718,2.3090217039463927,370.9360090441758,2353.9992007860196,HIGH,CR01,2922.070974652466,1.2413219909661661,3371.9997416896226,SYNTHETIC
BLST_2025_0749,2025,2025-09-20 07:18:22.890173412,45,4005,0.604290501607859,250.998398457497,55.703656748950316,3.37981004507725,353.5185935716063,2212.878251951063,LOW,CR01,2630.7250749475797,1.1888250393477848,3166.877438376645,SYNTHETIC
BLST_2025_0750,2025,2025-09-20 15:43:21.156069364,137,3780,0.4975019653407925,187.3272554469582,66.78841740312758,4.473269410825433,307.1363194642025,3004.1961050018317,MEDIUM,CR01,3252.7116905468047,1.0827228239631919,3873.5251730068203,SYNTHETIC
BLST_2025_0751,2025,2025-09-21 00:08:19.421965320,79,3600,0.3053378137435826,73.57488291893866,44.96907421424716,4.191486124693207,332.3943805998399,2085.462912558284,MEDIUM,CR01,2137.0943036094027,1.0247577603707088,2532.26289601346,SYNTHETIC
BLST_2025_0752,2025,2025-09-21 08:33:17.687861272,51,4095,0.32267994759679475,111.01651017650408,59.8322579155553,3.6786257034364427,354.2968595211166,2668.7099504346666,HIGH,CR01,2774.1295475852703,1.0395020811959852,3244.1349447232396,SYNTHETIC
BLST_2025_0753,2025,2025-09-21 16:58:15.953757224,441,4095,0.48850953035302447,193.12886400089872,63.24042921806732,4.520920268527287,316.6547926731341,2882.1418733809473,LOW,CR01,3321.8584314595346,1.1525658962661578,3991.094399941896,SYNTHETIC
BLST_2025_0754,2025,2025-09-22 01:23:14.219653180,39,3615,0.38292508928656255,239.36576559107564,56.66804197678191,3.190774644730595,329.9324647964013,2211.0802124327884,HIGH,CR01,2639.942750327491,1.1939606421708409,3377.3034613354303,SYNTHETIC
BLST_2025_0755,2025,2025-09-22 09:48:12.485549132,256,3945,0.32209552616566384,189.24241009605663,55.77614422392039,3.847206882477041,324.57710957801356,2513.9097047361647,HIGH,CR01,2807.5804093788342,1.1168183185296587,3333.4713955448674,SYNTHETIC
BLST_2025_0756,2025,2025-09-22 18:13:10.751445088,13,3615,0.3478921548680371,125.18433115879633,51.255654282744594,3.4599398593314694,337.9193426511664,2637.822039553491,HIGH,CR01,2621.059079594129,0.9936451512998202,2950.8298316398236,SYNTHETIC
BLST_2025_0757,2025,2025-09-23 02:38:09.017341040,81,4065,0.5207216167398957,240.0841259759329,65.35522635130266,1.6005629085262971,334.8222678420478,2494.6626977824035,HIGH,CR02,2997.125752218517,1.2014152273502832,3332.664545938118,SYNTHETIC
BLST_2025_0758,2025,2025-09-23 11:03:07.283236996,215,3735,0.5754552646152025,126.21640022144749,67.60476503189564,3.5521445840754478,364.36235589311684,2681.7171475768937,MEDIUM,CR01,2988.374039505506,1.1143509457012262,3427.5463342711387,SYNTHETIC
BLST_2025_0759,2025,2025-09-23 19:28:05.549132948,19,3705,0.5368171009602631,179.89736811528002,64.44836526901813,4.359778584705646,333.04867667527805,2814.950123243103,MEDIUM,CR01,3105.821949334407,1.1033310763446815,3672.0810070987545,SYNTHETIC
BLST_2025_0760,2025,2025-09-24 03:53:03.815028904,7,4080,0.6030263452912914,141.40189541862497,55.4730050755006,0.5758587021223516,373.5490728325765,2573.4720707387837,HIGH,CR01,2671.800852574708,1.0382086065568594,3120.816307354637,SYNTHETIC
BLST_2025_0761,2025,2025-09-24 12:18:02.080924856,95,3825,0.3132510601627723,154.5275343481126,59.03325529837877,3.296538757479421,358.9383192875134,1818.029380478411,HIGH,CR02,2067.9553361116077,1.1374708012515338,2773.8362484413674,SYNTHETIC
BLST_2025_0762,2025,2025-09-24 20:43:00.346820808,323,4035,0.4886749815914709,187.48495461977163,61.16255817384898,5.614775539608127,362.0231048999013,2161.678590051387,LOW,CR01,2563.0871904186783,1.1856930083013633,2982.0492364899196,SYNTHETIC
BLST_2025_0763,2025,2025-09-25 05:07:58.612716764,664,3825,0.32041798698389606,146.31713475902458,75.83859741449935,0.8210842870254731,300.068004098739,2647.900630250339,HIGH,CR02,3130.9557337667625,1.1824294680842138,3674.0027855886083,SYNTHETIC
BLST_2025_0764,2025,2025-09-25 13:32:56.878612716,73,4035,0.4837707289887967,149.67640272068917,63.32884852627252,3.5162161889735226,383.6947444041568,2979.7371407813234,HIGH,CR01,3063.3077100851665,1.0280462891038535,3623.5781768430597,SYNTHETIC
BLST_2025_0765,2025,2025-09-25 21:57:55.144508672,59,3900,0.5028274986374849,219.26061552725832,57.080625848837435,6.125535840676848,344.2068886844863,2325.4191605477117,HIGH,CR02,2803.273494565421,1.2054916989267257,3111.456021969609,SYNTHETIC
BLST_2025_0766,2025,2025-09-26 06:22:53.410404624,109,4080,0.5172475178969091,170.16120244029992,68.86404667479222,3.543086539541516,360.50873725440505,1793.5018869658768,MEDIUM,CR01,2498.559149267676,1.39311765849021,2974.0499899249967,SYNTHETIC
BLST_2025_0767,2025,2025-09-26 14:47:51.676300580,350,4065,0.4861232119102145,178.3837826479556,81.34319367637468,0.8523847025872713,331.35584886739764,2409.7800104001635,MEDIUM,CR01,2821.8584194848677,1.1710025011852743,3436.7299465956817,SYNTHETIC
BLST_2025_0768,2025,2025-09-26 23:12:49.942196532,124,3750,0.5328694859040978,148.08798837221067,40.61691652685522,4.910687385293287,361.27512863291287,3028.75620092337,HIGH,CR01,3373.164766862653,1.1137128719156344,3955.782440986836,SYNTHETIC
BLST_2025_0769,2025,2025-09-27 07:37:48.208092488,46,4125,0.4159221047275141,124.77923593486247,44.030597977021436,3.3569870358758607,357.45600513325337,2102.619925447524,HIGH,CR02,2106.590048521037,1.0018881791356884,2509.4844423926374,SYNTHETIC
BLST_2025_0770,2025,2025-09-27 16:02:46.473988440,113,3765,0.28477333267420823,161.36628892150117,54.376506375775435,3.417156906706988,363.09431347871003,1864.4237940224698,HIGH,CR02,1935.2037048813402,1.0379634239199251,2139.243849339147,SYNTHETIC
BLST_2025_0771,2025,2025-09-28 00:27:44.739884392,137,3615,0.33937350504012614,177.14539663406399,59.688375538075675,2.0908302008616793,355.5331038193093,3127.7100581742598,MEDIUM,CR01,3471.176955682311,1.1098141743063432,3953.8520832951644,SYNTHETIC
BLST_2025_0772,2025,2025-09-28 08:52:43.005780348,332,3870,0.3458491117388136,83.88666158767812,60.743591768674015,4.963247856026356,366.84263083924117,2625.3353751254776,HIGH,CR02,2755.4605142052437,1.0495651490139795,3512.600180750503,SYNTHETIC
BLST_2025_0773,2025,2025-09-28 17:17:41.271676300,73,3885,0.31737879340392083,80.4941269044437,65.76277484804108,3.8206852886235976,330.7134269205957,2880.420298954886,HIGH,CR01,2916.3140291338436,1.0124612821927346,3495.6211927776994,SYNTHETIC
BLST_2025_0774,2025,2025-09-29 01:42:39.537572256,644,3945,0.5033850693020971,147.84114060463355,61.80486771514868,4.163518847019383,341.53982679182036,2573.711337947755,MEDIUM,CR01,3227.449515814784,1.2540060216653168,3826.1473093119052,SYNTHETIC
BLST_2025_0775,2025,2025-09-29 10:07:37.803468208,191,3660,0.4583477318706972,165.1349895240119,79.32237808435873,3.46398402404536,338.0823138905519,1780.6948453154641,HIGH,CR02,2342.2656277020956,1.31536609647856,2642.5038375814775,SYNTHETIC
BLST_2025_0776,2025,2025-09-29 18:32:36.069364164,269,4035,0.39519225371285865,129.76312160996434,81.84952815324849,2.9722812060651163,308.1881090909071,2360.031927607846,HIGH,CR01,2733.6215185210945,1.1582985325507538,3118.8648017049586,SYNTHETIC
BLST_2025_0777,2025,2025-09-30 02:57:34.335260116,46,3810,0.6271425263118786,268.24795002731605,72.94704367154056,5.07113586475363,394.2914309980943,3331.145848587159,LOW,CR01,3994.4497537740085,1.199121844355202,4482.341269301363,SYNTHETIC
BLST_2025_0778,2025,2025-09-30 11:22:32.601156068,201,4215,0.3066890576440061,112.76334326101775,56.29184760905157,0.8187489542583117,337.55322412333317,2117.989640427082,MEDIUM,CR02,2249.121752135136,1.0619134811639643,2731.831220749633,SYNTHETIC
BLST_2025_0779,2025,2025-09-30 19:47:30.867052024,147,3840,0.2816090138886017,196.5015240595201,63.8779225073782,2.817919672253422,360.41316784803587,2463.1553022981184,HIGH,CR02,2669.8909367874176,1.0839312219966055,2932.549064099987,SYNTHETIC
BLST_2025_0780,2025,2025-10-01 04:12:29.132947976,669,3930,0.38476118138768595,163.03541635107993,60.53431751813619,3.3763963007464386,361.83218268200716,2658.5267572346233,HIGH,CR01,3316.9753146373373,1.247674226189706,4100.397902493607,SYNTHETIC
BLST_2025_0781,2025,2025-10-01 12:37:27.398843932,127,3885,0.5086061393418883,73.54244043548742,77.2619722215307,0.8538830710536387,392.20473702278247,2462.978158185775,MEDIUM,CR01,2575.084966953876,1.045516769361316,3069.218125243554,SYNTHETIC
BLST_2025_0782,2025,2025-10-01 21:02:25.664739884,380,4035,0.6240831592581508,119.58707618539952,45.4065535940297,2.8069987198085737,338.4624678204287,3537.2576632550144,HIGH,CR02,3567.917492419117,1.0086676832967518,4428.0868491277815,SYNTHETIC
BLST_2025_0783,2025,2025-10-02 05:27:23.930635840,150,4005,0.7021551981709067,135.8039462704871,59.91384557728642,2.79313584664468,339.34686694097434,2679.4573180706093,HIGH,CR01,2904.0125489690213,1.083806235458196,3376.7096158416557,SYNTHETIC
BLST_2025_0784,2025,2025-10-02 13:52:22.196531792,185,4170,0.44336950712099693,184.47362748531583,76.42098013981322,4.805083200977986,331.11227714995226,2833.7878620546603,HIGH,CR02,3002.3227314555525,1.0594733542540813,3589.203555110521,SYNTHETIC
BLST_2025_0785,2025,2025-10-02 22:17:20.462427748,63,4140,0.42910268103233506,93.1472794625648,50.32395263853625,1.90747146964296,374.93132818795914,3153.639721151051,HIGH,CR01,3071.6833831737154,0.9740121430397818,3562.787251040696,SYNTHETIC
BLST_2025_0786,2025,2025-10-03 06:42:18.728323700,141,3675,0.48545856130767434,165.53174157694562,43.29947891844119,2.6428215265381496,375.64384051314573,2710.7036189897226,MEDIUM,CR01,2999.6241304874834,1.1065850613374846,3465.169175272454,SYNTHETIC
BLST_2025_0787,2025,2025-10-03 15:07:16.994219652,227,4035,0.3326242503057505,137.8690310440945,62.97841946500807,3.715386195936976,371.76340095549256,2502.2187763152842,MEDIUM,CR02,2823.23734090996,1.1282935639494325,3434.3086716748885,SYNTHETIC
BLST_2025_0788,2025,2025-10-03 23:32:15.260115608,147,4215,0.49527396883444347,237.69058756494127,52.27904447001969,0.7976588371420634,314.4297288911321,2400.070993089637,HIGH,CR01,2788.8427722396586,1.161983449768522,3387.9881889942226,SYNTHETIC
BLST_2025_0789,2025,2025-10-04 07:57:13.526011560,276,3945,0.6031158522068187,83.98024736700508,75.14221090346074,2.629572515623743,333.1897542206651,2910.5616101900696,HIGH,CR02,2675.1434898377083,0.9191159123627046,3163.5877649185595,SYNTHETIC
BLST_2025_0790,2025,2025-10-04 16:22:11.791907516,73,3750,0.36797321110443315,188.21311753040104,73.11862649912997,4.172624237457874,365.3283379017055,3068.2753964203275,LOW,CR02,3093.1800436287426,1.0081168226416282,3639.498900473612,SYNTHETIC
BLST_2025_0791,2025,2025-10-05 00:47:10.057803468,380,4275,0.3857313575667564,131.41205973315965,48.91769767504819,5.476218163571005,375.9367646489001,2333.751495043959,LOW,CR01,2830.944050178162,1.2130443434916096,3550.0098051247496,SYNTHETIC
BLST_2025_0792,2025,2025-10-05 09:12:08.323699424,718,3930,0.38630525483298395,158.4393818372164,51.01801291737241,5.149953966922308,304.6455245025122,3007.1191063279953,MEDIUM,CR02,3509.8347147222244,1.1671751568923046,4607.9498791450005,SYNTHETIC
BLST_2025_0793,2025,2025-10-05 17:37:06.589595376,177,4110,0.5090799822483644,158.73908338110476,78.09159055371718,2.254474977017276,344.99821503173257,2221.3269490708867,HIGH,CR02,2509.6829776271793,1.1298125107953618,2974.1134089848606,SYNTHETIC
BLST_2025_0794,2025,2025-10-06 02:02:04.855491328,131,3840,0.4349805375476473,194.89455717388645,42.93264180760975,0.7976451195068801,366.31127441324963,2375.8316415686795,MEDIUM,CR02,2391.5493531347583,1.0066156672430295,2974.512941839056,SYNTHETIC
BLST_2025_0795,2025,2025-10-06 10:27:03.121387284,139,4230,0.4378008576226664,162.08665109144587,39.88352157716433,1.581328011465677,360.27469621450854,2558.2858940296483,HIGH,CR01,2866.0673694681936,1.1203076935837486,3626.284550104683,SYNTHETIC
BLST_2025_0796,2025,2025-10-06 18:52:01.387283236,61,4140,0.4669564322958328,168.00588407769465,55.29789630565636,3.0484324292377867,384.0652857810773,2512.7596850010227,HIGH,CR01,2682.8516320734625,1.0676912910087422,3021.184686017266,SYNTHETIC
BLST_2025_0797,2025,2025-10-07 03:16:59.653179192,132,3795,0.4916986948247686,227.38298473837824,26.115716539545875,6.135665951112101,368.1786072832758,3072.373031869402,HIGH,CR02,3333.222914356075,1.0849017615312022,3698.2612700632385,SYNTHETIC
BLST_2025_0798,2025,2025-10-07 11:41:57.919075144,32,3840,0.43400815241153845,169.0912247967364,57.35282537888338,4.929604505452207,348.2656241383501,1336.9092246136317,HIGH,CR01,1833.8168616147332,1.3716839018331317,2267.8261617705775,SYNTHETIC
BLST_2025_0799,2025,2025-10-07 20:06:56.184971100,475,3750,0.34194446729668004,183.17232919790902,68.986772470414,3.5819778876856696,312.59490581529496,2556.939073565163,MEDIUM,CR01,3142.8260728022406,1.2291360812208052,3754.1748246710067,SYNTHETIC
BLST_2025_0800,2025,2025-10-08 04:31:54.450867052,405,3720,0.534630645842215,167.98227742581082,45.076814699599055,4.136242182998338,342.8946898331344,2547.048846284077,HIGH,CR02,2931.0167814441816,1.1507501262570132,3435.1882596728847,SYNTHETIC
BLST_2025_0801,2025,2025-10-08 12:56:52.716763008,60,4260,0.4274463679189767,191.48390956199972,52.91475735462748,0.45667914250987796,353.93514510226873,2466.5700419822747,HIGH,CR01,2648.235321552585,1.0736509713806115,3073.479271393136,SYNTHETIC
BLST_2025_0802,2025,2025-10-08 21:21:50.982658960,113,4275,0.557983557899968,71.14256204861557,56.61603295606141,2.305756301002262,306.3603262730628,2076.935585276176,LOW,CR02,2100.0909907828654,1.0111488318033757,2477.7610946947884,SYNTHETIC
BLST_2025_0803,2025,2025-10-09 05:46:49.248554912,212,3615,0.2591938612583022,137.84269186445286,44.89214926937394,3.9832649570606353,366.6445664010082,2761.8981720264055,MEDIUM,CR01,2835.0650683406934,1.0264915256671485,3588.7755012125285,SYNTHETIC
BLST_2025_0804,2025,2025-10-09 14:11:47.514450868,101,4170,0.6896940176533779,141.4870045622898,53.45126235665731,3.022211438398555,323.6582328604073,2654.5844971183296,HIGH,CR02,2907.4278248304445,1.0952477979083308,3540.5028115409286,SYNTHETIC
BLST_2025_0805,2025,2025-10-09 22:36:45.780346820,4,4215,0.4592519973822483,164.65029062267033,67.81442839788204,4.913863356583074,341.5123003669677,2978.4116040205595,HIGH,CR01,2939.0802649544926,0.9867945253057121,3406.428420620277,SYNTHETIC
BLST_2025_0806,2025,2025-10-10 07:01:44.046242776,127,3735,0.3389224577081139,176.3502429735923,48.22197498247415,1.655920505142974,338.57823278151403,2143.6211200850257,HIGH,CR02,2354.8311640975585,1.0985295591807545,2831.0219374876597,SYNTHETIC
BLST_2025_0807,2025,2025-10-10 15:26:42.312138728,219,3825,0.47114123419632287,74.87136777412165,43.346096172450075,3.8658640675452625,369.5386590710904,2861.009794799985,HIGH,CR01,2863.5677929675107,1.0008940892730165,3407.627997627192,SYNTHETIC
BLST_2025_0808,2025,2025-10-10 23:51:40.578034684,368,3960,0.6191209278172165,174.70126684472584,56.50949850474863,4.84680352514562,327.64206493201306,2565.0684973048815,HIGH,CR01,3127.5209007871827,1.2192738338462579,3613.9422953671165,SYNTHETIC
BLST_2025_0809,2025,2025-10-11 08:16:38.843930636,47,3690,0.33840420519009184,154.19604110518043,39.01605184147381,3.809574756838782,353.26066349536006,1884.947507863324,HIGH,CR01,2167.1284711410717,1.1497022925575329,2529.8578944774404,SYNTHETIC
BLST_2025_0810,2025,2025-10-11 16:41:37.109826592,58,4170,0.5520427099538067,137.16644720581363,58.27859139029297,2.531853434649397,351.5566155032051,3046.0501006480827,MEDIUM,CR01,3009.942923879451,0.988146230174957,3803.228210414602,SYNTHETIC
BLST_2025_0811,2025,2025-10-12 01:06:35.375722544,78,4215,0.33970663412147467,175.94259593088012,81.21913663374876,4.636317067455501,344.6254371134979,1969.2454668800538,MEDIUM,CR01,2441.9825841899296,1.2400600256599044,2831.1221292706764,SYNTHETIC
BLST_2025_0812,2025,2025-10-12 09:31:33.641618496,42,4005,0.33702189809188726,194.97561413337513,43.39364093048877,2.237460150750886,362.2442487090436,2165.4379911560554,HIGH,CR02,2288.1922028937715,1.056687936684893,2528.0387087432664,SYNTHETIC
BLST_2025_0813,2025,2025-10-12 17:56:31.907514452,167,3615,0.3605761261710484,163.78204492634273,36.128908767259595,3.77447703594041,337.05168699765005,2473.3511395605574,HIGH,CR02,2677.9921716895697,1.0827383661202958,3211.243929166536,SYNTHETIC
BLST_2025_0814,2025,2025-10-13 02:21:30.173410404,38,3810,0.5564725866884457,136.2258185215271,73.8736084279667,5.555508252765232,387.71743335520944,2206.1103097226824,HIGH,CR02,2364.7144110748986,1.0718930964844426,2904.5586540090108,SYNTHETIC
BLST_2025_0815,2025,2025-10-13 10:46:28.439306360,294,3750,0.37248392264956554,120.75340609345929,62.63532631103128,3.4731434764995037,353.59622395381587,2160.888123282884,HIGH,CR02,2268.947191548098,1.050006785219888,2656.9047841803963,SYNTHETIC
BLST_2025_0816,2025,2025-10-13 19:11:26.705202312,62,3615,0.6268124368994605,183.99575084288014,57.65956808058456,2.927908697861009,357.6657635403727,2213.7945112799102,HIGH,CR01,2457.5612022849814,1.1101126097128757,2890.207397851309,SYNTHETIC
BLST_2025_0817,2025,2025-10-14 03:36:24.971098268,83,3975,0.4543257486025939,97.71269186690597,51.29066373953077,1.8821831409277365,353.6430408581377,1745.9620831496088,MEDIUM,CR02,1825.2965702215129,1.0454388373250292,2148.822553800078,SYNTHETIC
BLST_2025_0818,2025,2025-10-14 12:01:23.236994220,393,3735,0.4344940624795245,166.95402770628567,58.98680602132227,1.7617580138657798,349.2435625346594,2128.6082943691545,MEDIUM,CR01,2554.705040109935,1.2001762122547122,3131.605158718147,SYNTHETIC
BLST_2025_0819,2025,2025-10-14 20:26:21.502890172,443,4290,0.47080065120741804,107.0067241093964,49.57402861117483,1.4340224628432237,373.67119846151644,2245.676572113701,HIGH,CR02,2628.3493571601985,1.1704042290855419,3114.778111131597,SYNTHETIC
BLST_2025_0820,2025,2025-10-15 04:51:19.768786128,287,4230,0.36290454910209435,141.03931975660478,52.23212017848715,4.652981475169644,361.2612869438453,1543.7050546379728,HIGH,CR01,2094.2834086659213,1.3566603298821673,2663.7146435249124,SYNTHETIC
BLST_2025_0821,2025,2025-10-15 13:16:18.034682080,609,3870,0.3348181670943037,190.74428008445747,52.17256993416294,1.6598930286080182,379.03334085048164,2930.4641649831037,MEDIUM,CR01,3445.5294920527936,1.1757623700792326,4238.130936242848,SYNTHETIC
BLST_2025_0822,2025,2025-10-15 21:41:16.300578036,80,3930,0.5316001078353534,120.30278176964163,59.05682684345603,6.224502895882791,340.35220530766696,1799.5224675752993,HIGH,CR02,2070.187442724232,1.1504093336015027,2619.432594211775,SYNTHETIC
BLST_2025_0823,2025,2025-10-16 06:06:14.566473988,107,3615,0.25613150828702463,120.13796276525397,66.64706284795103,4.431166391314308,342.0638797226676,2458.180887862756,HIGH,CR02,2337.8214363854368,0.9510371868597657,2573.4540521127374,SYNTHETIC
BLST_2025_0824,2025,2025-10-16 14:31:12.832369944,186,4020,0.5470818961988959,148.04504631516616,57.22121989269905,3.7180221523820034,341.62814334849634,3021.8780978985983,MEDIUM,CR02,3214.9127241625424,1.0638790249011632,3780.4541048054793,SYNTHETIC
BLST_2025_0825,2025,2025-10-16 22:56:11.098265896,210,3960,0.6442998517990297,231.91267639070662,58.96568087540474,2.876663330385579,376.5960328450248,2714.176501384644,LOW,CR01,3020.623106441242,1.1129059237305545,3231.9179062433523,SYNTHETIC
BLST_2025_0826,2025,2025-10-17 07:21:09.364161852,406,4020,0.41626490457637666,158.2338803156074,34.58845759859016,4.642217122494529,345.7183911859307,2955.2650928987846,LOW,CR02,3270.9472443217296,1.1068202484377794,3850.2998630338266,SYNTHETIC
BLST_2025_0827,2025,2025-10-17 15:46:07.630057804,32,3630,0.34855600633368666,104.458555089454,48.621319101442765,4.049908085412074,328.2358616689438,3653.116408171576,HIGH,CR02,3299.0115568939987,0.9030677340351136,3928.8241738332445,SYNTHETIC
BLST_2025_0828,2025,2025-10-18 00:11:05.895953756,175,4260,0.4925857365586551,144.38781364101013,56.97202740158314,4.215459623786468,331.4431306891672,2259.295573517518,LOW,CR01,2536.240074496376,1.122580021943601,2818.9727562473377,SYNTHETIC
BLST_2025_0829,2025,2025-10-18 08:36:04.161849712,131,4155,0.40299972400945483,93.2316858503015,47.35047727209124,3.8124821255818517,353.1111546153595,3359.1662367766176,LOW,CR02,2984.589719777114,0.8884912235367849,3497.8700023237816,SYNTHETIC
BLST_2025_0830,2025,2025-10-18 17:01:02.427745664,23,3750,0.4861582440379615,181.66957017873574,58.26978561818669,3.6327308000688907,348.1554689198974,2772.854524110037,MEDIUM,CR02,2860.042688372099,1.031443468636367,3017.748923033514,SYNTHETIC
BLST_2025_0831,2025,2025-10-19 01:26:00.693641620,343,3645,0.20411790221754847,146.55248301661985,73.65128395648777,7.042791084497044,356.08812719265666,2348.1179236880575,MEDIUM,CR02,2741.5749622092876,1.1675627252583844,3259.697879054573,SYNTHETIC
BLST_2025_0832,2025,2025-10-19 09:50:58.959537572,184,3615,0.46886323076196856,156.22819188210363,65.23536664152991,3.7537655174175146,338.3310474449437,2398.197730231709,MEDIUM,CR02,2728.0023108978826,1.1375218467220833,3135.925550966427,SYNTHETIC
BLST_2025_0833,2025,2025-10-19 18:15:57.225433528,156,3885,0.38995432336821245,74.69810888657562,48.683410115498816,2.317827976501466,328.6032172967782,2626.275392256227,HIGH,CR02,2543.592642154088,0.9685171058808474,2821.159067375358,SYNTHETIC
BLST_2025_0834,2025,2025-10-20 02:40:55.491329480,42,4290,0.585309886976678,139.16385173320137,39.59711531069445,3.56534850075303,338.4819157453492,2117.020360656449,HIGH,CR01,2341.4628271521206,1.1060180953696996,2789.559254996991,SYNTHETIC
BLST_2025_0835,2025,2025-10-20 11:05:53.757225436,449,3960,0.5207308788542339,86.9897619589643,58.839646960602394,4.480411273943243,379.8398666149722,2210.4718099542097,HIGH,CR02,2402.7646458173094,1.0869917612145812,2937.51317798614,SYNTHETIC
BLST_2025_0836,2025,2025-10-20 19:30:52.023121388,149,4035,0.43657689344866213,175.9320231307088,79.60355102026863,2.481521602308818,331.6863260965248,3240.558657175984,HIGH,CR01,3311.639514772325,1.0219347541939836,3813.5239910278938,SYNTHETIC
BLST_2025_0837,2025,2025-10-21 03:55:50.289017340,72,3795,0.39045115130691227,148.3099489252931,43.02656093280469,0.9232567448322722,322.35462526567073,2694.9716486330167,HIGH,CR02,2642.2042297432813,0.9804200467502132,3012.2175855300197,SYNTHETIC
BLST_2025_0838,2025,2025-10-21 12:20:48.554913296,60,3840,0.3842473608659407,102.03367258888542,73.71976195322522,3.0049183883686292,361.7515202078254,3470.30446542783,LOW,CR01,3644.1601551083427,1.0500981085125276,3826.36816286376,SYNTHETIC
BLST_2025_0839,2025,2025-10-21 20:45:46.820809248,153,4155,0.5259119061348247,214.13694639345866,52.820398328008714,6.393218293202002,302.6541437849106,2629.830080607532,HIGH,CR01,2913.8774935811784,1.1080097969325937,3534.154580133612,SYNTHETIC
BLST_2025_0840,2025,2025-10-22 05:10:45.086705204,25,4140,0.24770464560921943,104.76689103709498,45.4603381387213,4.22229632609563,370.90549650331127,2359.433491028782,LOW,CR01,2118.9434298319884,0.8980729645013503,2571.023936026699,SYNTHETIC
BLST_2025_0841,2025,2025-10-22 13:35:43.352601156,221,3975,0.4785050819807571,235.18388957373458,46.50262715301247,1.4334189359239038,348.6430512743267,1913.6505740904306,HIGH,CR01,2511.102333759641,1.3122052519714489,3013.60829760897,SYNTHETIC
BLST_2025_0842,2025,2025-10-22 22:00:41.618497112,606,4260,0.408351703437818,164.66158402596793,61.53536946274731,3.3975395538746267,366.653551935378,2633.79752691298,MEDIUM,CR01,3296.5197580201047,1.2516223150546761,4164.3804230702135,SYNTHETIC
BLST_2025_0843,2025,2025-10-23 06:25:39.884393064,313,3885,0.49415624043947415,125.07025798262546,48.829953677526774,3.847988997792575,351.4363045102003,3559.883035841026,HIGH,CR01,3805.2256678221893,1.068918733989585,4478.014204453916,SYNTHETIC
BLST_2025_0844,2025,2025-10-23 14:50:38.150289016,151,3945,0.47064760319177706,131.82820953180843,64.1272169624838,3.783142023986514,333.0099285585828,2191.112678933784,HIGH,CR02,2388.444975271656,1.090060314211634,3077.8368875398305,SYNTHETIC
BLST_2025_0845,2025,2025-10-23 23:15:36.416184972,96,3810,0.4066415000660727,174.85105180387887,59.775839985047426,4.21088147957556,358.1423477571928,3481.8486133516008,HIGH,CR01,3454.1641498439176,0.9920489180943929,4117.44979842805,SYNTHETIC
BLST_2025_0846,2025,2025-10-24 07:40:34.682080924,284,3885,0.36754553605621243,185.4267576111747,67.75083698067091,3.6073257265035465,336.69694272387846,2868.22424814675,HIGH,CR01,3246.5129546783746,1.1318895155342366,3699.359297509534,SYNTHETIC
BLST_2025_0847,2025,2025-10-24 16:05:32.947976880,580,3720,0.4599804000704813,96.55999545659725,59.05923090424363,4.829787637642736,388.16270857747384,2056.8029609577716,HIGH,CR01,2533.270968787194,1.2316546683730707,2936.4799570444566,SYNTHETIC
BLST_2025_0848,2025,2025-10-25 00:30:31.213872832,78,4020,0.37632937197643856,90.09583406006774,42.75189330945288,3.3023301079592575,340.0025436527572,2050.2259418798476,HIGH,CR02,2125.8522607390137,1.0368868217469849,2616.678652643233,SYNTHETIC
BLST_2025_0849,2025,2025-10-25 08:55:29.479768788,113,3735,0.6153463227923317,152.80834465191154,49.89139434579839,3.1011694961114533,355.46132405093846,2766.958160896402,HIGH,CR02,2833.607629708338,1.0240876315926453,3382.045520722536,SYNTHETIC
BLST_2025_0850,2025,2025-10-25 17:20:27.745664740,236,3900,0.4978601736748257,137.57261432886241,70.9480033825553,0.8595803715287524,340.46494026997465,2446.378795012813,HIGH,CR02,2593.6239498078558,1.060189025140022,3076.2681983243315,SYNTHETIC
BLST_2025_0851,2025,2025-10-26 01:45:26.011560696,70,3735,0.47189226209320634,90.03797154445672,62.90754662256808,4.074252768107327,360.04882970413445,2889.3676585088774,LOW,CR02,3037.2126404511787,1.0511686290621112,3532.938896633549,SYNTHETIC
BLST_2025_0852,2025,2025-10-26 10:10:24.277456648,59,3765,0.5362435982948359,101.30625871356996,78.32903913472265,2.4671532644184273,344.09235169016387,3483.7036441890505,HIGH,CR01,3201.849149644796,0.9190934352253533,3932.0833063331506,SYNTHETIC
BLST_2025_0853,2025,2025-10-26 18:35:22.543352600,310,3960,0.5194677187118701,45.0,53.614641432493094,4.716250386021972,367.7309122868745,2624.7809721597487,HIGH,CR02,2666.349109637055,1.0158368023534943,3040.6885133836654,SYNTHETIC
BLST_2025_0854,2025,2025-10-27 03:00:20.809248556,12,4170,0.4781472172069904,193.74913109851323,66.18468592197686,2.7164793350439917,377.8664972199946,2909.1591675451964,HIGH,CR02,2839.9097844035005,0.9761960830764272,3236.031986783886,SYNTHETIC
BLST_2025_0855,2025,2025-10-27 11:25:19.075144508,49,4155,0.2558291544939518,234.4042561669474,46.608261030876015,2.2352620285483846,367.328579693873,1663.260593057078,HIGH,CR01,2187.254676047765,1.3150402800246617,2658.101192071601,SYNTHETIC
BLST_2025_0856,2025,2025-10-27 19:50:17.341040464,176,4155,0.4775317841410588,71.46615536726176,41.21003276725965,1.5878342279171833,368.60038081066295,2348.3909655164625,HIGH,CR01,2539.7294663669263,1.0814764252034943,2903.1539044676724,SYNTHETIC
BLST_2025_0857,2025,2025-10-28 04:15:15.606936416,120,3765,0.40974170292960804,226.47960730964857,68.43171766320631,3.658265835770233,338.0135837834966,3131.0927348735195,HIGH,CR01,3514.386117548854,1.1224152125570366,4071.7379873834666,SYNTHETIC
BLST_2025_0858,2025,2025-10-28 12:40:13.872832372,272,3990,0.5779327322719822,92.69285698401576,61.180991689115714,4.675120977219823,377.5687748051379,2246.6134998071566,HIGH,CR01,2725.9054337969546,1.2133397373562205,3035.0130902994497,SYNTHETIC
BLST_2025_0859,2025,2025-10-28 21:05:12.138728324,412,3960,0.4582698555324821,109.86656803015751,57.55204427362892,3.957596726849269,372.98835013239443,3268.5561937542575,HIGH,CR02,3433.553619320991,1.0504802168865934,3860.273850667708,SYNTHETIC
BLST_2025_0860,2025,2025-10-29 05:30:10.404624276,217,3825,0.4487237591491202,256.0180295569351,83.25809547522817,1.6676729392129181,352.72149253046786,2483.8335214178974,HIGH,CR01,3204.573508065138,1.2901724211515617,3788.5909126219676,SYNTHETIC
BLST_2025_0861,2025,2025-10-29 13:55:08.670520232,201,4065,0.5105193712218682,154.11250732352687,35.923943733258675,4.4221683440468595,357.7917846022669,2822.242354904598,HIGH,CR02,2946.3930241438916,1.043990080803493,3274.967306477934,SYNTHETIC
BLST_2025_0862,2025,2025-10-29 22:20:06.936416184,63,4035,0.49626251613302946,183.45384081948384,67.19424661662363,2.644387812024021,363.3521268507535,2003.0254404821517,HIGH,CR01,2524.253137862906,1.2602202083141234,3105.482310511006,SYNTHETIC
BLST_2025_0863,2025,2025-10-30 06:45:05.202312140,210,4170,0.5540372880961899,99.09663527281943,58.99481083527504,4.315485351937348,361.68763668199887,2199.8326117532506,HIGH,CR02,2384.035851157116,1.0837351162173456,2812.1060823675557,SYNTHETIC
BLST_2025_0864,2025,2025-10-30 15:10:03.468208092,400,4155,0.605122223638688,134.85199535451275,52.84355940388376,5.66598932032732,332.3443911767182,3015.0640231434463,HIGH,CR02,3070.26831189395,1.0183094913828559,3542.956004795766,SYNTHETIC
BLST_2025_0865,2025,2025-10-30 23:35:01.734104048,195,4140,0.4098159137439751,181.02976616230035,59.38415313771702,3.9376728252624424,357.48445247880494,2517.4115184458497,HIGH,CR01,2917.6261567337997,1.1589786315647856,3459.6140842813006,SYNTHETIC
BLST_2025_0866,2025,2025-10-31 08:00:00.000000000,11,3615,0.6258958120632072,137.15663060596427,52.795830317934914,2.9060978306902046,391.80508877964786,2250.1579758975367,HIGH,CR01,2589.40416583358,1.15076549894268,3021.9263091361017,SYNTHETIC
BLST_2025_0867,2025,2025-10-31 16:24:58.265895956,11,4095,0.3262234699001771,97.38263641226845,59.7389045209249,5.548096612535668,347.6953531775691,3244.750429259354,HIGH,CR01,3201.9887623831833,0.9868212770724769,3809.532962208336,SYNTHETIC
BLST_2025_0868,2025,2025-11-01 00:49:56.531791908,445,4110,0.43576749415436494,82.79579048810507,76.49903277487984,2.776200421571727,369.43199605239124,2563.5279047022764,HIGH,CR02,2790.666618097446,1.088603955891617,3327.1087142274555,SYNTHETIC
BLST_2025_0869,2025,2025-11-01 09:14:54.797687860,139,3840,0.37847239213018785,148.742834561027,72.0926116490945,2.121631937129612,332.4075142524186,2078.4354464379076,HIGH,CR02,2353.666129298556,1.1324220501206077,2471.3494357634836,SYNTHETIC
BLST_2025_0870,2025,2025-11-01 17:39:53.063583816,75,3930,0.36395434437612645,136.43221770735988,64.62197058218858,3.0205997895979837,348.57056816715414,2822.4225000591723,HIGH,CR02,2648.195457758004,0.9382703892498322,2946.154014976396,SYNTHETIC
BLST_2025_0871,2025,2025-11-02 02:04:51.329479768,54,3885,0.38175107668222574,179.36242730249236,49.565953149252095,2.3119160779802295,367.8078985950086,3015.7125905739003,HIGH,CR01,3151.4864838477934,1.0450221595049463,3952.794842120237,SYNTHETIC
BLST_2025_0872,2025,2025-11-02 10:29:49.595375724,202,4050,0.4615473392032359,177.7915344558125,38.9071446162318,3.932154051028289,342.5349252245281,2996.5242931749954,HIGH,CR02,3025.1290075741676,1.009545964457663,3773.6771241218294,SYNTHETIC
BLST_2025_0873,2025,2025-11-02 18:54:47.861271676,104,3990,0.5121047522315453,107.65952770617952,47.33771172163956,2.318732791300803,329.61855389296045,2306.6128473384692,HIGH,CR01,2413.698545329766,1.046425518749217,2845.8084773282326,SYNTHETIC
BLST_2025_0874,2025,2025-11-03 03:19:46.127167632,110,4230,0.550695648135651,158.00487933866393,77.62507450049694,3.118223754761592,339.05145535825704,3088.614709821817,HIGH,CR02,2955.427576516332,0.9568780356831336,3447.5654185918456,SYNTHETIC
BLST_2025_0875,2025,2025-11-03 11:44:44.393063584,29,4290,0.5201732310651092,142.28408074782902,61.04953910452032,1.624170818569387,383.9522733094278,2616.931188130324,MEDIUM,CR02,2605.564709271967,0.9956565618118229,3019.4855756960774,SYNTHETIC
BLST_2025_0876,2025,2025-11-03 20:09:42.658959540,70,4215,0.42655981204243554,144.99476969517096,35.374317061591995,4.183159416467177,320.652944485103,2754.7850867454154,HIGH,CR02,2750.0237454243675,0.9982716106080445,3248.96247812412,SYNTHETIC
BLST_2025_0877,2025,2025-11-04 04:34:40.924855492,92,3675,0.39385458935943735,148.60994473819542,46.5734700464981,4.707401901492026,343.1234032497121,2008.8129945643916,HIGH,CR01,2540.1831737632174,1.2645194852067614,2746.9876507497083,SYNTHETIC
BLST_2025_0878,2025,2025-11-04 12:59:39.190751444,178,3840,0.5785773938958367,166.34491167621118,57.33406010789271,3.279881733318827,370.7717845408923,2752.8239231289785,HIGH,CR02,3149.3529701137427,1.1440444641784615,3640.5343401176788,SYNTHETIC
BLST_2025_0879,2025,2025-11-04 21:24:37.456647400,107,3945,0.4991230074029074,157.42498528393807,74.94139327033213,2.586826323780637,320.45511451241856,2438.5975137614887,HIGH,CR02,2539.6075054456596,1.0414213461279083,3321.550486139096,SYNTHETIC
BLST_2025_0880,2025,2025-11-05 05:49:35.722543352,54,3975,0.647881678654123,111.32664110120004,56.57790692947168,6.483583448005183,368.45926260568393,2999.3609734362444,HIGH,CR01,2962.5339023471033,0.9877216942491087,3731.0480097919435,SYNTHETIC
BLST_2025_0881,2025,2025-11-05 14:14:33.988439308,50,3810,0.31811015766621475,128.1081296904584,53.27735598885713,3.946635963329546,397.4483606815914,2755.308409416474,HIGH,CR02,2743.4468277821798,0.9956950076464193,3449.929565559881,SYNTHETIC
BLST_2025_0882,2025,2025-11-05 22:39:32.254335260,67,3645,0.48081796301986784,109.99829286831368,46.00907418705888,1.9639765148012147,348.6002775983364,2414.044838035456,HIGH,CR01,2623.954964048905,1.086953698086351,3031.7263788225964,SYNTHETIC
BLST_2025_0883,2025,2025-11-06 07:04:30.520231216,89,3825,0.5142217289452464,152.69041960520505,61.28837618667424,2.345944470768525,326.4325344227844,2615.643508714374,HIGH,CR01,2662.243889083918,1.0178160289100133,3309.2079769405855,SYNTHETIC
BLST_2025_0884,2025,2025-11-06 15:29:28.786127168,104,3825,0.5229595750442928,88.42051327943508,38.57979061966083,3.3401674006946434,375.8518820777815,1958.1782632931217,HIGH,CR02,2002.3188383260144,1.0225416530559686,2261.758865641046,SYNTHETIC
BLST_2025_0885,2025,2025-11-06 23:54:27.052023120,308,3885,0.48899250939353234,111.69208304376602,74.8219914120584,0.8955950380528899,347.92385464448233,3146.949544789249,HIGH,CR01,3102.13064505943,0.9857579859187668,3743.5417141056228,SYNTHETIC
BLST_2025_0886,2025,2025-11-07 08:19:25.317919076,6,4200,0.3681281633961541,194.28308225813888,78.67507515660763,3.352300295249758,327.24201745358556,2575.480761932956,HIGH,CR01,2875.046237760321,1.1163143907945694,3545.6286251700717,SYNTHETIC
BLST_2025_0887,2025,2025-11-07 16:44:23.583815028,155,4035,0.33937644630758884,209.78754600450543,49.96655929744682,3.2357543626943563,347.4187674874525,2892.369535325357,LOW,CR02,3044.87317541991,1.0527261949871831,3197.1168341909056,SYNTHETIC
BLST_2025_0888,2025,2025-11-08 01:09:21.849710984,85,3675,0.47425899212430717,159.30105052437642,55.193125544136336,3.2393270975459725,339.32638481814007,2274.5670931163486,HIGH,CR02,2369.475264364476,1.0417258174249304,3058.471897139338,SYNTHETIC
BLST_2025_0889,2025,2025-11-08 09:34:20.115606936,69,4140,0.38191135709928437,229.89716612361144,46.99841220140329,4.279890018972845,361.3855627118567,1603.2321306610907,LOW,CR02,2072.652538591606,1.2927962825551347,2364.234967337011,SYNTHETIC
BLST_2025_0890,2025,2025-11-08 17:59:18.381502892,276,3900,0.7368768976025444,138.93534727838505,32.92075290581512,2.478199124427781,313.57254214919084,2657.94833779641,HIGH,CR01,3182.527023778727,1.1973622581457781,3543.227320490299,SYNTHETIC
BLST_2025_0891,2025,2025-11-09 02:24:16.647398844,131,4050,0.4190503756137669,147.4696238749184,48.02181029241469,3.173364599703596,343.75394998779547,2838.2030272212546,LOW,CR02,3047.886617428907,1.0738789960395974,3670.194887107482,SYNTHETIC
BLST_2025_0892,2025,2025-11-09 10:49:14.913294800,120,4230,0.42132867648036304,168.87243967898272,70.4784451945668,4.765111640688766,366.38937811748264,2781.7420884720063,HIGH,CR01,3192.731104799094,1.1477451910550203,3703.563271992085,SYNTHETIC
BLST_2025_0893,2025,2025-11-09 19:14:13.179190752,166,4080,0.3983457199387527,101.60356402888041,48.731729409649674,3.971477275786106,343.28419100197243,2035.4093657235371,HIGH,CR01,2427.620108238609,1.1926937888367488,2794.072046423435,SYNTHETIC
BLST_2025_0894,2025,2025-11-10 03:39:11.445086704,31,3915,0.5143233964875383,144.70004591268128,53.61185981011123,3.140347070361623,332.15600970212006,2837.328831463954,MEDIUM,CR02,2810.582791207307,0.9905735140883029,3322.511012897633,SYNTHETIC
BLST_2025_0895,2025,2025-11-10 12:04:09.710982660,13,3600,0.38554841285029867,87.36303767394114,80.11409598083641,4.377424345164822,350.630944602414,2750.848897900948,MEDIUM,CR02,2583.3355814475076,0.939104864472468,3083.774218125382,SYNTHETIC
BLST_2025_0896,2025,2025-11-10 20:29:07.976878612,76,4110,0.1856505465150856,134.77517274776508,72.89875286770231,2.5594503692029185,346.9873922963601,2118.1049487808837,HIGH,CR02,2142.5804468143774,1.0115553755009077,2521.7398245490645,SYNTHETIC
BLST_2025_0897,2025,2025-11-11 04:54:06.242774568,144,3615,0.4060676818325913,119.04552221291269,63.178509379286695,5.113383888573075,381.34034745195135,1812.3742532777414,MEDIUM,CR02,2212.3468321162545,1.2206898371653365,2682.30225527611,SYNTHETIC
BLST_2025_0898,2025,2025-11-11 13:19:04.508670520,286,3615,0.4279311622669774,184.27840462708008,60.49275070756518,2.889421780204065,340.79197196658083,2859.197399056524,HIGH,CR01,3020.6121264010094,1.0564545586806104,3534.704367863309,SYNTHETIC
BLST_2025_0899,2025,2025-11-11 21:44:02.774566476,259,3945,0.21200926686469157,140.9601487146073,56.33169808803483,2.823973579962615,381.04790446547855,1706.7072743318713,HIGH,CR02,1927.8856506935253,1.1295936214065996,2425.1680454592306,SYNTHETIC
BLST_2025_0900,2025,2025-11-12 06:09:01.040462428,29,4065,0.32534456987757954,135.12378891176175,50.932473352848405,3.4155118808933413,357.6147880429252,2726.996451257008,HIGH,CR02,2701.8829781944387,0.9907907936400161,3091.989766631199,SYNTHETIC
BLST_2025_0901,2025,2025-11-12 14:33:59.306358384,78,3840,0.3912005120120119,94.12213192565548,59.022250916613814,2.8921137597440154,324.08875438981084,2446.3333998539993,MEDIUM,CR01,2896.172022258019,1.1838827947289878,3423.5527157238425,SYNTHETIC
BLST_2025_0902,2025,2025-11-12 22:58:57.572254336,52,4005,0.5604226330745443,156.6469121639753,62.44043248805228,4.5112247996737755,314.66784575687956,2697.6675319076185,HIGH,CR02,2758.8752069510333,1.022689109877129,3538.955601207315,SYNTHETIC
BLST_2025_0903,2025,2025-11-13 07:23:55.838150288,394,3900,0.5859533558550767,132.17157251539894,42.49771929753388,4.105280158600165,309.4268447690685,2929.9304333534346,HIGH,CR02,2894.1228440321916,0.9877786895847013,3496.5743641031017,SYNTHETIC
BLST_2025_0904,2025,2025-11-13 15:48:54.104046244,102,4050,0.3831363013686098,140.24335638636768,44.254389789159184,5.254509112273127,373.1894463483673,2931.9423944590217,HIGH,CR01,3056.134643273556,1.0423583522818323,3766.395493991686,SYNTHETIC
BLST_2025_0905,2025,2025-11-14 00:13:52.369942196,156,3825,0.39216654184392,176.87254041917458,40.23462399748949,1.5465020594328525,358.18654545212394,2208.2755211131316,HIGH,CR01,2528.8524555363997,1.1451707141424428,3030.404991484759,SYNTHETIC
BLST_2025_0906,2025,2025-11-14 08:38:50.635838152,96,3735,0.43898190783045116,187.1460729159763,55.79706233355342,3.291326045546265,345.8325210764839,2946.062295422007,MEDIUM,CR01,3037.790805486164,1.0311359709557728,3377.6434707244457,SYNTHETIC
BLST_2025_0907,2025,2025-11-14 17:03:48.901734104,144,3915,0.3873564619972955,233.81693721308247,62.80373426350091,2.699647821552871,350.9473213469906,2766.82824824293,MEDIUM,CR01,2858.5754150155876,1.0331596899196478,3246.3679870630963,SYNTHETIC
BLST_2025_0908,2025,2025-11-15 01:28:47.167630060,119,4155,0.4721119530257688,186.09191371241624,38.68429109774803,3.5181001407460033,340.9684700941203,2557.5705066409923,HIGH,CR01,2871.109301949625,1.122592434693197,3582.0221489540927,SYNTHETIC
BLST_2025_0909,2025,2025-11-15 09:53:45.433526012,258,4125,0.509764792013114,147.146916411906,29.48437256986664,3.3310211732254054,381.4192237110798,2077.9282541682405,HIGH,CR01,2552.464650160794,1.2283699617831618,2764.0555414502596,SYNTHETIC
BLST_2025_0910,2025,2025-11-15 18:18:43.699421964,150,3630,0.3287789064984948,181.16610689295956,41.34325958861024,3.3591024440581663,377.5085173787661,2622.329103357548,MEDIUM,CR01,2680.523293692353,1.022191795171817,3225.604975651441,SYNTHETIC
BLST_2025_0911,2025,2025-11-16 02:43:41.965317920,299,3900,0.25913595310324194,136.53492402497972,48.222170890793535,5.0665910852625755,375.7118644560045,2225.968358135219,MEDIUM,CR01,2563.7705560254803,1.1517551660856722,3062.106157218567,SYNTHETIC
BLST_2025_0912,2025,2025-11-16 11:08:40.231213872,335,3645,0.5167466965534039,199.45209173668255,72.28696155632336,2.0199091522679073,342.8701227953376,2243.484522925295,LOW,CR02,2530.8915236402713,1.1281074140597254,3127.1517653054207,SYNTHETIC
BLST_2025_0913,2025,2025-11-16 19:33:38.497109828,140,3885,0.3893276156380313,170.4309498362106,61.22935500311956,1.8099760254743702,329.0949523008184,2468.50818143063,HIGH,CR02,2676.630453494248,1.0843109508930209,2928.353241992385,SYNTHETIC
BLST_2025_0914,2025,2025-11-17 03:58:36.763005780,35,3600,0.32625681762357706,164.81224415861078,67.67315024398074,2.4190795544983783,348.8731419245117,2435.1855714266853,HIGH,CR02,2394.77905190377,0.9834072113447836,3077.954742525515,SYNTHETIC
BLST_2025_0915,2025,2025-11-17 12:23:35.028901736,168,3795,0.48146634291605683,127.19736912766899,72.3846039787391,3.886216271061289,326.96690353376033,2631.358314828847,HIGH,CR01,2935.5035492563634,1.1155848797609682,3470.4161767780765,SYNTHETIC
BLST_2025_0916,2025,2025-11-17 20:48:33.294797688,220,3795,0.33137551565765866,147.3520989666205,87.62697327604113,2.549064478493351,342.5348766817628,2518.558311180213,MEDIUM,CR01,2552.0314772395996,1.0132906059434061,2925.451228418767,SYNTHETIC
BLST_2025_0917,2025,2025-11-18 05:13:31.560693644,225,4140,0.4296380519921969,184.95155687708007,79.04722555800214,3.614951480945388,367.1111305634439,3082.682998946616,HIGH,CR02,3278.9901009016025,1.0636805996666108,3910.6351113406886,SYNTHETIC
BLST_2025_0918,2025,2025-11-18 13:38:29.826589596,48,3795,0.4468879618484352,119.20035760339218,74.70218945340102,4.00443065265548,354.14695833584153,2954.8816008066888,LOW,CR02,2731.5425650085645,0.9244169256266809,3277.4887138864287,SYNTHETIC
BLST_2025_0919,2025,2025-11-18 22:03:28.092485548,8,3705,0.503231056353851,167.38532811063382,68.86844426105478,4.482241554708555,366.3661450171326,1932.844072700905,HIGH,CR02,1956.0752994207976,1.0120191933989946,2444.286016756757,SYNTHETIC
BLST_2025_0920,2025,2025-11-19 06:28:26.358381504,726,3720,0.49405476863443143,107.50317094993513,43.65570310688959,6.18149351850316,329.1676718345457,2174.8063174260774,HIGH,CR02,2825.921736915118,1.2993900717833335,3381.9431468828175,SYNTHETIC
BLST_2025_0921,2025,2025-11-19 14:53:24.624277456,78,3735,0.374066590217799,129.3301119957796,71.60989526928417,3.2675559227417215,363.77908252514004,2683.2015483448695,HIGH,CR02,2728.895239254499,1.0170295410487578,3323.104063556469,SYNTHETIC
BLST_2025_0922,2025,2025-11-19 23:18:22.890173412,9,3885,0.46866465948467056,184.82581835055942,55.21869055477097,1.1713641887234383,356.8360845019935,3054.765323331993,HIGH,CR02,3045.308013236974,0.9969040796611167,3426.8150180646185,SYNTHETIC
BLST_2025_0923,2025,2025-11-20 07:43:21.156069364,66,4065,0.5025583579853402,144.38250159979543,63.700292422267495,3.2393333435540086,352.0689020930995,3264.28758456687,HIGH,CR01,3405.8736258647286,1.043374254758453,4108.550241173142,SYNTHETIC
BLST_2025_0924,2025,2025-11-20 16:08:19.421965320,323,3780,0.45831814444696384,171.76064191853803,70.68498548264316,2.124839261287062,360.1097222925068,2898.8162658163233,HIGH,CR02,3108.1288390802565,1.0722062228407532,3544.3048535544317,SYNTHETIC
BLST_2025_0925,2025,2025-11-21 00:33:17.687861272,233,3900,0.5216740701338142,122.48698333774783,20.2859283798553,2.389213985528204,351.5079947837626,2169.9778118798654,LOW,CR01,2753.2878415766672,1.26880921385619,3333.429811723375,SYNTHETIC
BLST_2025_0926,2025,2025-11-21 08:58:15.953757224,64,4095,0.4471432622699195,62.49419308002081,51.61995745296614,3.7204620620292124,353.83876136340683,2544.568709266549,HIGH,CR01,2607.904966063839,1.0248907630462634,2945.3341082549045,SYNTHETIC
BLST_2025_0927,2025,2025-11-21 17:23:14.219653180,61,3855,0.4175959061966702,183.6611553846029,64.7466593457589,3.357903414465992,354.21972014437176,2750.491486554784,HIGH,CR01,3229.983322965063,1.17432951119979,3632.929468845078,SYNTHETIC
BLST_2025_0928,2025,2025-11-22 01:48:12.485549132,149,4125,0.4806243777397329,102.21351414321184,63.013693443337836,1.7661889028863622,369.64245649707505,3800.0,MEDIUM,CR01,3468.8045301593424,0.9128432974103533,3666.5546644796455,SYNTHETIC
BLST_2025_0929,2025,2025-11-22 10:13:10.751445088,20,4065,0.3685467102822053,134.85621360103966,52.66270007825525,3.68789808221434,357.5048961912352,2562.868096296371,MEDIUM,CR01,2882.128863764187,1.1245716734033966,3428.8823300978456,SYNTHETIC
BLST_2025_0930,2025,2025-11-22 18:38:09.017341040,54,4125,0.4192489941675728,138.189561859904,51.94663480399253,4.246438158152546,357.3219928217938,2658.219341960003,LOW,CR01,2701.756687289961,1.0163783870814274,3364.4401910007286,SYNTHETIC
BLST_2025_0931,2025,2025-11-23 03:03:07.283236996,236,3900,0.3460059463258609,210.7773348170305,49.861902309088194,1.3185196995539636,367.1341736199654,2232.1815930959333,LOW,CR01,2561.7395882165943,1.147639419722828,3126.2981912381897,SYNTHETIC
BLST_2025_0932,2025,2025-11-23 11:28:05.549132948,36,3645,0.6653003231846537,152.11041934218568,65.20509940067873,4.248119679857587,326.8856803759907,3102.68662898095,HIGH,CR02,3130.32370300831,1.0089074654749897,3646.4669285571285,SYNTHETIC
BLST_2025_0933,2025,2025-11-23 19:53:03.815028904,279,3975,0.35294143510609416,155.07295928740865,59.39615546702274,4.435880857914513,347.03087618138187,2601.1740403334006,HIGH,CR01,2895.4524339215263,1.1131329119178843,3602.390429866256,SYNTHETIC
BLST_2025_0934,2025,2025-11-24 04:18:02.080924856,565,3825,0.29299193890612824,136.35875639707373,54.792769375054604,5.26810905632861,337.4496779876882,2547.9742473692536,HIGH,CR01,3096.049572615111,1.2151023801797594,3642.8455926944944,SYNTHETIC
BLST_2025_0935,2025,2025-11-24 12:43:00.346820808,314,4140,0.2736591164105928,150.6720934983127,41.219291442094644,3.4113109150323675,336.56078036740314,2599.4878168168793,HIGH,CR01,3169.7410100472243,1.2193713659826382,3658.847139971931,SYNTHETIC
BLST_2025_0936,2025,2025-11-24 21:07:58.612716764,54,3750,0.34649207947581184,176.93590913612792,82.30959459277246,5.039293751313089,347.189816250754,2186.6476553075545,LOW,CR01,2659.2340346396713,1.2161236988433086,3066.296510419207,SYNTHETIC
BLST_2025_0937,2025,2025-11-25 05:32:56.878612716,205,3735,0.37580385004683114,115.85515682267753,75.29306668843718,4.390351416757603,368.4981965671889,2940.327338048337,HIGH,CR01,3202.6214626656033,1.089205756523478,3777.0830188542072,SYNTHETIC
BLST_2025_0938,2025,2025-11-25 13:57:55.144508672,418,3660,0.5856034304784726,45.0,72.5056950554669,4.423503701108226,331.2663918566094,2689.2389526456213,HIGH,CR01,2808.541132303987,1.0443628036627235,3492.021707761406,SYNTHETIC
BLST_2025_0939,2025,2025-11-25 22:22:53.410404624,364,3990,0.48665532755666424,179.5481944597359,48.026310775431696,1.1888817024661318,348.69338593805077,1836.8350550338055,HIGH,CR02,2445.1511332337313,1.3311762134182104,2959.9252850956505,SYNTHETIC
BLST_2025_0940,2025,2025-11-26 06:47:51.676300580,114,3720,0.5153683383838771,117.7708915083097,60.58097619146488,3.0311169163133633,355.1162615352833,2978.8020889709737,MEDIUM,CR02,3141.511961769502,1.054622585837764,3387.614656570115,SYNTHETIC
BLST_2025_0941,2025,2025-11-26 15:12:49.942196532,84,4170,0.4884123713737697,179.31116040510025,83.62310726687394,4.326218776490267,340.66540883164225,3071.4074446278664,HIGH,CR01,3191.1321925680045,1.0389804186186844,3623.3085128548564,SYNTHETIC
BLST_2025_0942,2025,2025-11-26 23:37:48.208092488,199,3645,0.20682595291231382,162.78708918600086,38.75588929883958,2.634148772650981,366.6603705924249,2044.226480277293,HIGH,CR02,2521.9536027685344,1.2336957901193215,3179.788063711336,SYNTHETIC
BLST_2025_0943,2025,2025-11-27 08:02:46.473988440,312,3615,0.504823020165745,140.32527900690357,65.31238396667986,3.0305277909268553,362.4490722766569,2502.4499684168686,MEDIUM,CR02,2693.7331416901193,1.0764383606814976,3182.0539285352293,SYNTHETIC
BLST_2025_0944,2025,2025-11-27 16:27:44.739884392,507,3870,0.49377123603741024,143.6340971302971,86.05657992768036,2.1195361173557368,340.9101769551087,2139.439667863766,HIGH,CR02,2540.0334927413355,1.1872424031838034,3045.862043939092,SYNTHETIC
BLST_2025_0945,2025,2025-11-28 00:52:43.005780348,74,3855,0.43103159862097284,168.78855152798883,46.71678099050803,4.048190433029552,310.0314278539894,2648.531321358997,MEDIUM,CR02,2965.3258234080768,1.1196113859384258,3885.316322046536,SYNTHETIC
BLST_2025_0946,2025,2025-11-28 09:17:41.271676300,82,3615,0.2828030568855149,176.58682894627867,72.19012064541587,2.1356058239817397,340.4598238299115,2874.8845100036583,HIGH,CR02,2903.2781275708567,1.00987643763372,3525.7346817077646,SYNTHETIC
BLST_2025_0947,2025,2025-11-28 17:42:39.537572256,620,4230,0.5636878462935213,169.39364133671165,52.5198049712757,5.243433430646748,342.2741384817179,2013.3944108292546,MEDIUM,CR02,2445.606202671842,1.2146682187642373,2874.32508603278,SYNTHETIC
BLST_2025_0948,2025,2025-11-29 02:07:37.803468208,164,4125,0.32988670334648534,120.56678288175893,57.112881233235484,1.5681844186834366,333.315205121921,3236.816729744154,HIGH,CR01,3415.3237309472524,1.0551489367818512,4386.2900116776755,SYNTHETIC
BLST_2025_0949,2025,2025-11-29 10:32:36.069364164,33,3870,0.36684875875740547,187.99191143830836,72.19039721980513,1.8698762421538264,365.3163745492173,2831.727381076407,MEDIUM,CR01,3212.349342255149,1.1344133491530033,3510.06032819488,SYNTHETIC
BLST_2025_0950,2025,2025-11-29 18:57:34.335260116,39,3675,0.40078791852516404,146.67260234614045,51.15723613608453,2.470431192001339,349.6949854807637,2400.0876516057406,LOW,CR01,2565.6113115735816,1.0689656729232784,3199.54948524364,SYNTHETIC
BLST_2025_0951,2025,2025-11-30 03:22:32.601156068,490,4140,0.596023358562254,142.2003305546994,64.01240450943587,4.232560043773709,355.80400607967374,2045.4276082031197,HIGH,CR02,2486.6799656312637,1.215726215710845,2902.9291546563027,SYNTHETIC
BLST_2025_0952,2025,2025-11-30 11:47:30.867052024,176,4065,0.3164322854360645,190.9683355767081,64.63910401305283,4.272429013190872,337.0634714283667,3713.7835484238412,HIGH,CR01,3651.084939840201,0.983117322868682,4329.176517577329,SYNTHETIC
BLST_2025_0953,2025,2025-11-30 20:12:29.132947976,19,3600,0.3184527720011887,192.16901036046892,35.09144631720676,2.326823912874425,332.4051765958621,1866.9095104560338,HIGH,CR02,1965.1714971982458,1.0526335026908773,2253.2018077594116,SYNTHETIC
BLST_2025_0954,2025,2025-12-01 04:37:27.398843932,301,4230,0.2381438013527896,129.57269492084774,58.93459689222832,4.1204930805830795,361.01103639849043,1815.4013969640953,HIGH,CR01,2306.1195861291144,1.2703083681579455,2807.997574202575,SYNTHETIC
BLST_2025_0955,2025,2025-12-01 13:02:25.664739884,412,3885,0.5575357831302599,150.75879795199984,48.57267906450349,3.924838969945879,370.22923981769554,2090.885129279718,MEDIUM,CR01,2516.287199137289,1.2034554954265309,3238.3911187852013,SYNTHETIC
BLST_2025_0956,2025,2025-12-01 21:27:23.930635840,95,4200,0.46167388825052164,69.73499400527614,75.75067332343112,2.3478386945568515,329.38383906151444,2118.835527492789,HIGH,CR02,2313.1246550983237,1.0916961817397108,2741.750040649502,SYNTHETIC
BLST_2025_0957,2025,2025-12-02 05:52:22.196531792,17,4185,0.4039127686750942,202.1324565485252,52.66207827213778,5.1016452988843,343.0541819134938,2527.7181332633495,HIGH,CR01,2762.697936659661,1.0929612365809738,3340.75196259884,SYNTHETIC
BLST_2025_0958,2025,2025-12-02 14:17:20.462427748,193,4125,0.6718328434769847,188.21311788972935,77.73877123541132,3.2930565725540553,372.550586857434,2347.9854669714323,HIGH,CR02,2492.1716239233083,1.0614084537490156,2835.173607055591,SYNTHETIC
BLST_2025_0959,2025,2025-12-02 22:42:18.728323700,347,3930,0.5428879283840309,62.772004855442304,71.32040762925934,0.9679770058827066,393.710999389397,2149.729311519942,HIGH,CR01,2388.4923352959254,1.1110665526568873,2936.948829223942,SYNTHETIC
BLST_2025_0960,2025,2025-12-03 07:07:16.994219652,15,3975,0.2871372312243997,149.46477465719786,72.57534342851488,3.1413553642065626,374.8330683410132,2048.347469667844,MEDIUM,CR01,2393.8079695309902,1.16865327049183,2841.907322863097,SYNTHETIC
BLST_2025_0961,2025,2025-12-03 15:32:15.260115608,138,3855,0.4544369412605271,146.50129492862544,65.83461775977308,3.4519335543288285,354.8757438746545,2858.2016326502167,LOW,CR02,2753.1192465926947,0.9632347890165865,2935.45344621539,SYNTHETIC
BLST_2025_0962,2025,2025-12-03 23:57:13.526011560,117,4125,0.37697638378180587,131.2511912477465,59.83803148532633,2.2874931241846452,329.2202172546219,3028.884256520335,HIGH,CR02,2907.3315126912703,0.9598688052977278,3337.036669161056,SYNTHETIC
BLST_2025_0963,2025,2025-12-04 08:22:11.791907516,62,3930,0.4165874308866315,126.58460309530959,43.47561125833773,3.235116105805054,319.63891601228255,2884.081097352167,MEDIUM,CR01,2791.842383341285,0.9680179887813956,3379.847703260756,SYNTHETIC
BLST_2025_0964,2025,2025-12-04 16:47:10.057803468,140,3615,0.5138274589873962,198.9967625847218,47.1821139082174,3.4792613930060132,337.4756502819363,2611.543148720225,MEDIUM,CR02,2690.6952095562465,1.030308540325979,2899.974075813712,SYNTHETIC
BLST_2025_0965,2025,2025-12-05 01:12:08.323699424,85,4080,0.29507772038153257,189.9230301991018,55.98122561580993,2.4855515373349335,325.716427091833,2485.07469671498,HIGH,CR01,2687.9220248950865,1.0816262498862712,3367.0547458782876,SYNTHETIC
BLST_2025_0966,2025,2025-12-05 09:37:06.589595376,80,3960,0.46336591268009525,138.59729401027997,54.02010746285132,5.035296545965307,314.0313442148463,2151.034692386755,HIGH,CR02,2310.7544383039876,1.0742525197211068,2602.314019351229,SYNTHETIC
BLST_2025_0967,2025,2025-12-05 18:02:04.855491332,70,3810,0.4904207387777017,190.64673366602258,36.900917404986146,4.105618178446897,330.9073935312154,3374.9911474213827,HIGH,CR01,3566.7094832253206,1.0568055818310569,3981.5585671561585,SYNTHETIC
BLST_2025_0968,2025,2025-12-06 02:27:03.121387284,274,4095,0.3073582268370729,117.40602042698951,61.219670720356284,4.97267054030587,322.61997676574964,2717.4866526333103,HIGH,CR01,3046.1644585306112,1.1209491886846268,3446.9267297018414,SYNTHETIC
BLST_2025_0969,2025,2025-12-06 10:52:01.387283236,63,4125,0.47123244819025156,163.82840798169008,34.7462847273911,6.587117907462736,323.19165828926964,2839.014104364408,LOW,CR01,3233.2307576276394,1.1388568843871552,3995.0726986534883,SYNTHETIC
BLST_2025_0970,2025,2025-12-06 19:16:59.653179192,258,4290,0.5715244603185581,82.67265307728758,63.99771941345088,1.229100734804336,335.34484068969965,2460.1852909334602,HIGH,CR01,2586.482086968246,1.0513362942621551,2927.7472176531405,SYNTHETIC
BLST_2025_0971,2025,2025-12-07 03:41:57.919075144,343,4080,0.45355649399592424,187.27834770402825,50.26252533653483,2.922298096993574,353.07643211830003,2289.034268097782,HIGH,CR02,2662.313679127942,1.1630728802240082,3228.4122037519455,SYNTHETIC
BLST_2025_0972,2025,2025-12-07 12:06:56.184971100,208,3975,0.4926858234438919,179.6310638178457,52.65255727625806,2.2524822921507544,340.12532328401494,2543.1841267206405,MEDIUM,CR01,2658.4874819620145,1.0453381861068998,3043.627994218678,SYNTHETIC
BLST_2025_0973,2025,2025-12-07 20:31:54.450867052,164,4005,0.4412320557111785,187.4887049000623,57.206437151957054,3.548088444080363,367.20804101369436,3000.6258877602895,HIGH,CR01,3171.5310428522444,1.0569565022381118,3622.2259390037516,SYNTHETIC
BLST_2025_0974,2025,2025-12-08 04:56:52.716763008,4,4230,0.4662031848873985,220.1562946459964,72.37813570613467,5.097990444656184,330.60017815312494,2829.326495710166,MEDIUM,CR01,2764.1339572152624,0.9769582836785543,3511.239015963885,SYNTHETIC
BLST_2025_0975,2025,2025-12-08 13:21:50.982658960,76,4275,0.4169852198944347,152.0347247493963,67.3934206893326,6.062055677919491,343.06133953790857,3357.8237867095445,HIGH,CR01,3298.7209795499216,0.9823984786236981,3782.6748442904736,SYNTHETIC
BLST_2025_0976,2025,2025-12-08 21:46:49.248554912,137,4065,0.43375501952733914,146.15979345652525,63.847225402612665,2.124913518885724,378.13008949130415,2024.8920750644647,MEDIUM,CR02,2149.9944833581476,1.0617822598222673,2562.9100529174925,SYNTHETIC
BLST_2025_0977,2025,2025-12-09 06:11:47.514450868,899,4290,0.3925107581445685,174.7324695517679,48.971428268925365,2.2606264726754515,387.7851308692891,3215.4228900435905,HIGH,CR01,3680.8120312018036,1.1447365267564864,4087.981125141125,SYNTHETIC
BLST_2025_0978,2025,2025-12-09 14:36:45.780346820,753,3600,0.44265127270273164,141.36073759210583,54.72782644136112,1.425116218464213,380.98540333266953,2561.0847341014096,LOW,CR01,2385.7046849239173,0.931521184425385,2700.282006711848,SYNTHETIC
BLST_2025_0979,2025,2025-12-09 23:01:44.046242776,49,4185,0.5701709429290989,191.90866444842408,44.55366748829736,3.5471325814431487,377.14383379131493,3069.205563356054,LOW,CR02,2875.7143504183723,0.9369572324357099,3525.535713860826,SYNTHETIC
BLST_2025_0980,2025,2025-12-10 07:26:42.312138728,700,3615,0.4905732654670628,152.71834993399827,50.11131678573734,6.079233785118809,325.44463988209344,3431.5355530205197,MEDIUM,CR02,3711.0042800022684,1.081441303073708,4555.857582400286,SYNTHETIC
BLST_2025_0981,2025,2025-12-10 15:51:40.578034684,73,3915,0.5136760244829643,124.13604614596558,54.33148594111166,3.6007385850460136,399.32227625102354,1947.6468601403162,HIGH,CR01,2187.7097945908527,1.1232579372388078,2723.180864771324,SYNTHETIC
BLST_2025_0982,2025,2025-12-11 00:16:38.843930636,145,3885,0.5529917884213628,136.19846819373942,84.85469581864504,2.3493212041040987,379.0904512200091,3026.259165003152,HIGH,CR01,2777.505844414111,0.917801712600916,3414.8121744972823,SYNTHETIC
BLST_2025_0983,2025,2025-12-11 08:41:37.109826592,967,3810,0.455589499245161,186.70952405476697,72.56180023423173,4.268258420081212,342.390469776871,2788.3372378785225,HIGH,CR02,3474.8505763880376,1.2462088621073115,4039.716243677096,SYNTHETIC
BLST_2025_0984,2025,2025-12-11 17:06:35.375722544,302,3600,0.41921208081071487,81.86988484014194,41.39983047114477,0.2,357.209972965994,2218.9482325888453,HIGH,CR01,2441.727517903292,1.1003985951734125,2708.839455611677,SYNTHETIC
BLST_2025_0985,2025,2025-12-12 01:31:33.641618496,251,3870,0.36777926935752336,114.08405944933347,59.02506398477236,3.6159150860423503,370.16542011182503,2991.3377493912794,HIGH,CR01,3343.866382488657,1.1178498259412917,4148.917951080794,SYNTHETIC
BLST_2025_0986,2025,2025-12-12 09:56:31.907514452,124,4065,0.4566333792831579,138.65538901241794,90.0,2.021382228390857,374.61986753252586,1841.8124280111094,HIGH,CR01,2312.1473058898428,1.2553652428041366,2731.856524421662,SYNTHETIC
BLST_2025_0987,2025,2025-12-12 18:21:30.173410404,118,4065,0.4119004008423157,138.0833816621258,51.742434388821174,4.978966264563905,384.1226080481326,2732.6009608456093,HIGH,CR02,2551.3680921444175,0.9336775214171377,3335.1262845831134,SYNTHETIC
BLST_2025_0988,2025,2025-12-13 02:46:28.439306360,4,3810,0.35686745479002285,59.62724863082789,70.84043321783761,3.1397698255554793,368.62366829678365,2547.492786793136,HIGH,CR01,2424.832335475302,0.951850520655549,2985.2869292642495,SYNTHETIC
BLST_2025_0989,2025,2025-12-13 11:11:26.705202312,11,4110,0.4968199056023288,174.3176561816722,90.0,3.205684169472732,325.25297004988926,2447.197098505426,LOW,CR01,2737.0827966875695,1.118456211949248,3269.21041449579,SYNTHETIC
BLST_2025_0990,2025,2025-12-13 19:36:24.971098268,114,4290,0.6780933975912984,136.75882552805632,61.13724118508595,5.308816970252359,346.4971425215145,2585.842095246356,MEDIUM,CR02,3142.5724479017013,1.2152994390797496,3732.5278686269558,SYNTHETIC
BLST_2025_0991,2025,2025-12-14 04:01:23.236994220,192,3900,0.6359451751687053,247.75287134467374,54.77989638492834,1.8715180291684808,368.0661288928293,2842.5974693372473,HIGH,CR01,3309.928808555361,1.1644029252327,4217.491565446486,SYNTHETIC
BLST_2025_0992,2025,2025-12-14 12:26:21.502890172,122,3660,0.42946095566625075,192.88185063747912,64.84308723077834,2.809659517963728,342.14275569379623,2653.5685961137824,LOW,CR02,2897.647184064837,1.0919812618782547,3489.097813772923,SYNTHETIC
BLST_2025_0993,2025,2025-12-14 20:51:19.768786128,153,3690,0.43801306536979323,131.2213462572972,54.334307218031576,1.1952694087846245,330.2837753975771,2643.4578412896326,HIGH,CR01,2540.291863706603,0.9609730951741984,3340.8561536566845,SYNTHETIC
BLST_2025_0994,2025,2025-12-15 05:16:18.034682080,47,4125,0.3348302136581749,215.7764301907154,51.14913391860709,5.237739709169901,353.52063151711104,2452.7996631948145,HIGH,CR02,2644.7832815667844,1.0782712184989083,3252.3089199465294,SYNTHETIC
BLST_2025_0995,2025,2025-12-15 13:41:16.300578036,376,3735,0.46624548732789284,176.74423431248695,75.66924820264829,4.001847117318732,360.386458759567,2539.2834367501678,HIGH,CR02,2674.2779862766847,1.0531624581851666,2979.707119342828,SYNTHETIC
BLST_2025_0996,2025,2025-12-15 22:06:14.566473988,199,3900,0.4747417928893798,117.98625527232062,46.99020924029197,3.171680509821166,354.73343450917736,2120.7081267356607,HIGH,CR02,2392.0988539726864,1.1279717485945455,3049.6354424541187,SYNTHETIC
BLST_2025_0997,2025,2025-12-16 06:31:12.832369944,44,3795,0.5220429734697336,209.8305087525648,61.55661912206712,4.157574342656661,347.51360333440516,2403.196661392716,HIGH,CR02,2548.5685986512626,1.0604910699128134,2679.356840521141,SYNTHETIC
BLST_2025_0998,2025,2025-12-16 14:56:11.098265896,122,3645,0.4220386905011762,163.3649575715882,72.1126034299084,4.155187986137967,336.39646732359415,2258.6016678378533,HIGH,CR01,2353.524011796069,1.0420270405844003,2558.966235324819,SYNTHETIC
BLST_2025_0999,2025,2025-12-16 23:21:09.364161852,4,4290,0.4338867974475131,186.66552090511854,57.24401587174846,1.528423552819952,362.2367849534742,3330.0596602841656,HIGH,CR01,3417.6488167309494,1.0263025787469855,4431.245314147291,SYNTHETIC
BLST_2025_1000,2025,2025-12-17 07:46:07.630057804,141,3840,0.4700000253414752,272.8231060203301,31.740811871223574,2.266026265333764,360.9805184523683,2379.8906122691515,HIGH,CR02,3050.8219837454185,1.2819168948427235,3500.4785033908747,SYNTHETIC
BLST_2025_1001,2025,2025-12-17 16:11:05.895953756,124,4110,0.3124013309172094,190.66441302870322,72.23132388272015,3.435045485090639,351.69239429665174,3260.146774210524,HIGH,CR01,3400.6357497642343,1.043092837618555,4232.176822857475,SYNTHETIC
BLST_2025_1002,2025,2025-12-18 00:36:04.161849712,235,4290,0.5174577936079918,186.41976506420838,46.25000797562588,4.35995774896128,333.99484805426886,2511.196998083619,HIGH,CR01,2935.5711659727785,1.1689927824113417,3319.101314426697,SYNTHETIC
BLST_2025_1003,2025,2025-12-18 09:01:02.427745664,50,4095,0.5323317951775014,120.13918307413766,44.900628795235725,3.8259468102271605,392.9951469548646,2782.029313691281,HIGH,CR01,3070.4807083950604,1.1036838085365295,3817.526297034702,SYNTHETIC
BLST_2025_1004,2025,2025-12-18 17:26:00.693641620,361,3990,0.2120545035582096,111.72781948472071,51.60974052823581,4.2057178305937475,347.6177516782713,1707.7861288992513,HIGH,CR02,2187.4459245201538,1.2808664314014928,2694.9697061716,SYNTHETIC
BLST_2025_1005,2025,2025-12-19 01:50:58.959537572,107,4185,0.47195962557529686,118.7836706553699,23.262727504766488,2.80857212705516,325.6132640541378,2065.6193473017793,MEDIUM,CR01,2385.000561534251,1.1546176524003149,2756.774926607577,SYNTHETIC
BLST_2025_1006,2025,2025-12-19 10:15:57.225433528,179,4125,0.527202745782807,209.20354880594715,52.70225764787685,4.1132381250739485,358.3574121968305,2862.078458169405,HIGH,CR02,3012.935820352917,1.0527090240146668,3414.8085438563426,SYNTHETIC
BLST_2025_1007,2025,2025-12-19 18:40:55.491329480,158,4275,0.417130709373842,125.77853616423221,79.620919147679,5.371406976872904,322.65183859920785,2435.5557688051986,HIGH,CR01,2728.7534445420365,1.120382246833408,3237.1203765564615,SYNTHETIC
BLST_2025_1008,2025,2025-12-20 03:05:53.757225436,32,3960,0.4932983528251552,137.64201085057476,66.81036055169147,2.662927567359003,350.2673115431366,2213.866553945618,HIGH,CR02,2386.7693659064894,1.0780999250622034,2863.738636394387,SYNTHETIC
BLST_2025_1009,2025,2025-12-20 11:30:52.023121388,113,4155,0.48259122044337316,134.28645671374812,38.14509297445107,3.3496234637495816,352.8267764982801,1796.9854823509,HIGH,CR02,1992.0946888426527,1.1085758390415608,2400.196959780051,SYNTHETIC
BLST_2025_1010,2025,2025-12-20 19:55:50.289017340,225,4065,0.4925587007277132,99.75190921885059,73.55488828373096,5.051866546982097,319.81857202880605,2660.853396044362,HIGH,CR01,2807.5050364877557,1.0551145135096156,3539.799707778677,SYNTHETIC
BLST_2025_1011,2025,2025-12-21 04:20:48.554913296,431,3960,0.6030885273131763,187.89092301040853,61.5890416895065,4.304512860800504,367.9810403488757,3433.907788703725,HIGH,CR01,3600.9694225778303,1.0486505882375978,3781.017893706722,SYNTHETIC
BLST_2025_1012,2025,2025-12-21 12:45:46.820809248,124,3690,0.4387927489368084,138.71787519900622,53.656328980615434,4.434629041200253,387.90207296491803,2623.178019724944,HIGH,CR02,2542.2416690896903,0.9691456889213563,3110.089640841288,SYNTHETIC
BLST_2025_1013,2025,2025-12-21 21:10:45.086705204,114,4170,0.5510220177866693,110.31272651067047,77.8935908867908,1.4595177436213658,338.5803727935431,2300.3541435713373,HIGH,CR02,2425.112750526986,1.0542345218036553,2818.671291069439,SYNTHETIC
BLST_2025_1014,2025,2025-12-22 05:35:43.352601156,7,3900,0.2780073026763686,167.1422581670452,90.0,1.1538143992096734,369.8852113586745,3136.3608497099303,HIGH,CR01,2937.440509978882,0.9365760672119582,3475.7205056025405,SYNTHETIC
BLST_2025_1015,2025,2025-12-22 14:00:41.618497112,256,3900,0.5945448024370541,164.73684764541701,40.30015964858353,3.6737874297779816,325.24844070964025,2321.641445639686,MEDIUM,CR02,2436.229247222768,1.0493563731808335,2997.624313063172,SYNTHETIC
BLST_2025_1016,2025,2025-12-22 22:25:39.884393064,99,4050,0.477971562829187,137.45147840124244,77.06482276407787,4.31377737010043,306.94666962912436,2573.246364097502,HIGH,CR01,2732.587471935181,1.0619222123698846,3225.655675894043,SYNTHETIC
BLST_2025_1017,2025,2025-12-23 06:50:38.150289016,50,3750,0.5262975804938327,95.24358288577415,77.10536820820576,4.070878657997864,379.76836007058364,2443.63833566133,HIGH,CR02,2266.7045675200093,0.9275941265287784,2789.289122610758,SYNTHETIC
BLST_2025_1018,2025,2025-12-23 15:15:36.416184972,109,3810,0.49021311738108087,147.78532387274535,43.41829789231526,3.9006759389451906,346.8900382670426,2439.7637269410325,HIGH,CR02,2600.123233560672,1.06572747387334,3242.5373028577546,SYNTHETIC
BLST_2025_1019,2025,2025-12-23 23:40:34.682080924,87,3750,0.4869947366196627,124.89025003601066,58.46991473132047,4.331852678536676,350.3624446817407,2573.8657242445775,HIGH,CR02,2500.3559157299283,0.9714399209631559,3118.63705727506,SYNTHETIC
BLST_2025_1020,2025,2025-12-24 08:05:32.947976880,186,4260,0.48329143897965166,202.89759988033683,68.74282216124674,4.255046132441118,341.27983533490993,2337.674530620123,HIGH,CR01,2553.818161052205,1.0924609596421215,3204.0881544284557,SYNTHETIC
BLST_2025_1021,2025,2025-12-24 16:30:31.213872832,86,3630,0.46517250336789606,151.73817333911538,57.482176458753884,1.6236299791301765,361.88729264002,2513.7606531351285,LOW,CR02,2777.2668191014086,1.1048254795609276,3395.45260993544,SYNTHETIC
BLST_2025_1022,2025,2025-12-25 00:55:29.479768788,59,4215,0.4362663957033555,126.34977999856173,67.30296393338088,1.7565191709730636,323.8701412620281,2675.4713188221262,HIGH,CR02,2696.9814188278037,1.0080397423266518,3252.5350751328842,SYNTHETIC
BLST_2025_1023,2025,2025-12-25 09:20:27.745664740,158,4275,0.5242371768044483,114.83475501710272,57.5413019099149,2.462214407022726,362.86884911182693,3007.9256709185534,HIGH,CR02,3065.5324559546316,1.0191516650803696,3632.5917892536568,SYNTHETIC
BLST_2025_1024,2025,2025-12-25 17:45:26.011560696,174,4200,0.25824637915423526,136.90352427116005,78.34837616945757,2.8100064293161,358.98663708759165,1306.969361529967,HIGH,CR01,1825.8719954440576,1.3970273896142842,2061.7057192171505,SYNTHETIC
BLST_2025_1025,2025,2025-12-26 02:10:24.277456648,107,3720,0.5961060693795424,106.03744313148468,57.87593024611124,2.3203707531593927,367.8739546641682,2573.771768986214,MEDIUM,CR01,2852.014645516788,1.1081070512480489,3335.668919320292,SYNTHETIC
BLST_2025_1026,2025,2025-12-26 10:35:22.543352600,120,3915,0.5855116890505849,217.05021744048452,51.61853314395915,5.175374121103161,354.97117604761854,2868.524860274665,MEDIUM,CR01,3150.945803738053,1.0984551144647727,3568.237179243701,SYNTHETIC
BLST_2025_1027,2025,2025-12-26 19:00:20.809248556,107,4245,0.5158472023115535,140.78070722058186,53.76977798050597,1.5616886518748685,345.4332391913842,2120.1197942832314,HIGH,CR01,2373.6962089618128,1.1196047578831791,2672.1207076130286,SYNTHETIC
BLST_2025_1028,2025,2025-12-27 03:25:19.075144508,280,3960,0.659391769555456,156.87648575263879,67.64296755803548,3.2804227884000055,359.12434528241505,2566.392266532303,HIGH,CR01,3006.7831775783197,1.1715992199591028,3364.290638894307,SYNTHETIC
BLST_2025_1029,2025,2025-12-27 11:50:17.341040464,195,3915,0.4822589238349853,193.62917139944796,46.70056574706628,4.305765409937036,337.84257878570844,2926.1683989026956,HIGH,CR01,3119.28503521527,1.0659964192030071,3737.2514819148987,SYNTHETIC
BLST_2025_1030,2025,2025-12-27 20:15:15.606936416,184,3855,0.3961937061991839,195.4903574749544,59.065820515687136,3.4809711304174136,339.80207185532674,3157.152818386529,HIGH,CR02,3282.7883242071866,1.0397939260617939,3859.7363725056925,SYNTHETIC
BLST_2025_1031,2025,2025-12-28 04:40:13.872832372,206,4155,0.6547430401746382,211.35411184800049,69.67376150506975,3.1646307632884296,403.9743397977973,2577.7739597216964,HIGH,CR01,3098.319417169575,1.201936036899092,3486.295367916983,SYNTHETIC
BLST_2025_1032,2025,2025-12-28 13:05:12.138728324,94,3645,0.37122966430537313,159.26164312538208,62.83130036332995,2.5094745867212076,310.2906906816896,2906.636378052661,MEDIUM,CR01,3094.158868819106,1.064515290657746,3715.7740521456662,SYNTHETIC
BLST_2025_1033,2025,2025-12-28 21:30:10.404624280,180,3750,0.35226371507013565,144.24459994730756,43.94249741739564,1.1677736540771382,350.98285897194813,2234.537506491566,HIGH,CR01,2623.371485306896,1.1740109430634869,3420.3275604453365,SYNTHETIC
BLST_2025_1034,2025,2025-12-29 05:55:08.670520232,241,3705,0.24211569013830953,147.62691327800079,81.40424465680194,1.3016762864817188,332.2655317947061,2838.019838441158,LOW,CR01,2716.5897016009494,0.9572130768096017,3087.0627962724757,SYNTHETIC
BLST_2025_1035,2025,2025-12-29 14:20:06.936416184,29,3660,0.3609985621504539,220.14442653955393,56.1353454062459,5.3234985059826965,359.82250026456194,2028.5664678431576,LOW,CR02,2437.549855101721,1.2016120219582493,3020.380221972096,SYNTHETIC
BLST_2025_1036,2025,2025-12-29 22:45:05.202312140,400,4020,0.3723280420840506,109.16658062356811,67.52529193755608,3.0762811631091918,363.8795555340162,2782.762997254114,HIGH,CR01,2972.1187161291327,1.0680459381779424,3259.7389124881825,SYNTHETIC
BLST_2025_1037,2025,2025-12-30 07:10:03.468208092,203,4275,0.42949260081681695,188.26628825019696,50.5475459727119,4.913352396656189,345.9798134975296,2448.230515242769,LOW,CR01,2638.186048623419,1.0775889084781765,3092.646282519644,SYNTHETIC
BLST_2025_1038,2025,2025-12-30 15:35:01.734104048,40,3780,0.5551671298654022,131.41414238964956,58.457006478218325,3.0640120510615088,349.7845159960027,2320.103779829708,HIGH,CR02,2565.1613221997695,1.105623526197629,2980.350386620136,SYNTHETIC
BLST_2025_1039,2025,2025-12-31 00:00:00.000000000,32,3870,0.3521047337300086,141.72788064191712,64.47909190166611,6.0054972866441645,380.63340932776725,2862.916206866125,MEDIUM,CR02,2912.03447243759,1.0171567248296212,3541.0911677974286,SYNTHETIC
BLST_2026_0001,2026,2026-01-01 00:00:00.000000000,51,3795,0.48389582672210746,136.3179990344237,61.776752979134734,3.3573657096097205,330.5080672666718,1886.2424663609613,MEDIUM,CR01,2342.192629368967,1.24172404722053,2459.3022608374154,SYNTHETIC
BLST_2026_0002,2026,2026-01-01 07:46:57.087378640,236,3900,0.4688285751680048,159.15283798296335,75.54261665732243,3.3041564464715067,357.5098045696573,2428.3640610753064,HIGH,CR01,2621.850819444155,1.079677821571437,2842.9440619911393,SYNTHETIC
BLST_2026_0003,2026,2026-01-01 15:33:54.174757281,486,4140,0.4709723226734405,144.23361629750764,50.38077199943852,3.4169992460451413,359.5965961610028,2643.7469375831647,LOW,CR01,2872.7524409056336,1.0866215673168094,3156.960356551696,SYNTHETIC
BLST_2026_0004,2026,2026-01-01 23:20:51.262135922,330,4230,0.5406998214501666,220.928926674153,28.528974345031095,3.763645651766167,369.74929268179505,1960.7711075076559,HIGH,CR02,2764.6760302754587,1.4099942719931495,3212.183459503164,SYNTHETIC
BLST_2026_0005,2026,2026-01-02 07:07:48.349514563,107,4185,0.4960977976287549,118.79770994900416,54.816197212758006,2.4490141126648384,312.03801493330684,3085.833514588953,HIGH,CR02,3005.097406014588,0.9738365312993499,3155.352276315318,SYNTHETIC
BLST_2026_0006,2026,2026-01-02 14:54:45.436893203,45,4050,0.4721622157877683,217.5997051485,55.69372368456746,1.1311233046785931,363.5831620777379,2113.1415806462664,HIGH,CR02,2536.1291859244857,1.2001700260655777,2885.808854216869,SYNTHETIC
BLST_2026_0007,2026,2026-01-02 22:41:42.524271844,69,3720,0.4532253416233432,149.41037349111363,53.0730423170595,2.787689127950003,344.14558403287236,2606.7074102557362,HIGH,CR01,2939.044132213695,1.1274929133398037,3365.675451889567,SYNTHETIC
BLST_2026_0008,2026,2026-01-03 06:28:39.611650485,334,3645,0.3771032984290811,195.45510837604027,60.15620814941063,3.292111976283537,339.6585710071412,2936.433928038316,MEDIUM,CR02,3337.1718285269853,1.136470940708815,3846.8401024678087,SYNTHETIC
BLST_2026_0009,2026,2026-01-03 14:15:36.699029126,597,4050,0.5533436269602704,182.0281702760577,65.19184468527115,4.372498275191861,365.778930789035,1850.8131449911666,HIGH,CR01,2803.5915432327647,1.5147890811236622,2998.3915242671587,SYNTHETIC
BLST_2026_0010,2026,2026-01-03 22:02:33.786407767,56,3615,0.38771378186576977,101.94585096557282,74.51224914238642,2.2604485311293403,350.1331453317972,2088.087901062103,MEDIUM,CR02,1799.606592592994,0.8618442699072327,1996.394688141575,SYNTHETIC
BLST_2026_0011,2026,2026-01-04 05:49:30.873786407,190,4035,0.4857916650853096,209.56275035275533,58.60163270223735,4.55848415907396,349.7614046011531,2028.51278223781,MEDIUM,CR02,2554.9912558374,1.2595391452346634,3334.465111639888,SYNTHETIC
BLST_2026_0012,2026,2026-01-04 13:36:27.961165048,209,3825,0.5662958296234499,138.30907499600823,61.762480447063844,3.706565572829231,376.4373992071902,2897.9281545269023,HIGH,CR01,2860.4588397794214,0.987070309286671,3179.763371414568,SYNTHETIC
BLST_2026_0013,2026,2026-01-04 21:23:25.048543689,309,4275,0.37926072643671543,218.81923053203013,70.48208070401407,4.676478648574372,319.69368455896824,3181.8208551859716,LOW,CR02,3124.1289064404864,0.981868259914302,3591.6334951585377,SYNTHETIC
BLST_2026_0014,2026,2026-01-05 05:10:22.135922330,196,4245,0.38295603155954816,160.68920454137344,49.03472384238691,3.8827375261009074,350.20089401281143,2620.0155467517643,HIGH,CR02,2765.7849441613985,1.0556368444417652,3376.275274643414,SYNTHETIC
BLST_2026_0015,2026,2026-01-05 12:57:19.223300970,176,3990,0.32505754158887623,179.03801643693208,31.429724941807006,4.601716401924021,354.21800430913663,2623.258151910335,MEDIUM,CR02,2552.262105140328,0.9729359282774722,2984.405749323512,SYNTHETIC
BLST_2026_0016,2026,2026-01-05 20:44:16.310679611,435,4215,0.5070038925722453,120.69544933527956,53.32156335254682,2.7345411363506416,319.26017143338515,3068.04049782774,HIGH,CR02,3163.8435159602514,1.0312261256656627,3690.647895017811,SYNTHETIC
BLST_2026_0017,2026,2026-01-06 04:31:13.398058252,68,3705,0.5865297766162112,215.49824657616375,70.86257780878739,2.245612763066482,356.3881251025822,2541.163135253347,HIGH,CR01,2757.633690949017,1.0851856194089202,3025.768628111881,SYNTHETIC
BLST_2026_0018,2026,2026-01-06 12:18:10.485436893,507,4005,0.45402473478964334,129.53532284405944,84.95834143045316,2.2828126229422234,353.8392894591496,2560.475416075538,HIGH,CR01,2796.410364278385,1.0921449769529388,3533.7289466732836,SYNTHETIC
BLST_2026_0019,2026,2026-01-06 20:05:07.572815534,281,3855,0.38510648436303996,190.9812839541962,71.39011148495383,2.7465638379859647,310.07485928105257,2890.09185950609,HIGH,CR01,3101.333377614104,1.0730916276633902,3447.274550118792,SYNTHETIC
BLST_2026_0020,2026,2026-01-07 03:52:04.660194174,46,4140,0.5772424713913765,211.40356582119236,57.27179409084616,1.8406164909703004,334.5176510227916,2571.1770550126043,MEDIUM,CR01,2882.44276688508,1.1210596179153247,3671.2335622628416,SYNTHETIC
BLST_2026_0021,2026,2026-01-07 11:39:01.747572815,158,4275,0.3611938678004607,141.2849856129457,56.18041725651212,6.370483736541085,323.915050106886,2108.955785856087,HIGH,CR02,2425.6880995402157,1.150184425775222,2759.4015928837925,SYNTHETIC
BLST_2026_0022,2026,2026-01-07 19:25:58.834951456,16,4275,0.6388988213623616,236.69849824006826,58.45719026419035,3.5851880279032047,336.03948570302316,2558.835180261655,HIGH,CR02,2750.358185691024,1.0748477302902273,2944.9163599280955,SYNTHETIC
BLST_2026_0023,2026,2026-01-08 03:12:55.922330097,318,4125,0.31838480305717065,147.19394090705762,61.21712095684204,3.5097306080599395,355.7727989423346,2641.115346945529,HIGH,CR01,3102.9725231927123,1.1748720201794007,3431.429059036786,SYNTHETIC
BLST_2026_0024,2026,2026-01-08 10:59:53.009708737,83,4260,0.5060992335208481,163.48212309814073,64.95108428018291,4.133205565514878,339.6059397128601,2071.9399904026586,HIGH,CR01,2476.4373758662064,1.195226400058497,2932.3678213506414,SYNTHETIC
BLST_2026_0025,2026,2026-01-08 18:46:50.097087378,186,3615,0.21933198506173737,77.20741833728016,68.79169025558754,3.5570690083863012,365.8632053746859,2404.1684752115575,HIGH,CR01,2384.4661093518557,0.991804914646022,2715.207462810185,SYNTHETIC
BLST_2026_0026,2026,2026-01-09 02:33:47.184466019,108,4290,0.6536010317873472,121.51810398163468,80.10824481263393,3.6453511932592315,354.51477231240403,2158.7593597291543,MEDIUM,CR02,2319.123323952923,1.074285243281534,2725.1999388649756,SYNTHETIC
BLST_2026_0027,2026,2026-01-09 10:20:44.271844660,109,3885,0.40943089355755813,169.7557546527487,62.10186240176781,2.8365707929757287,336.6201373061012,2529.2168960840813,HIGH,CR01,2806.5667500496047,1.109658390466605,3285.385818930141,SYNTHETIC
BLST_2026_0028,2026,2026-01-09 18:07:41.359223301,41,3600,0.489070149946801,71.50031827906261,61.938607992757824,1.6941074003505785,347.06906897291583,2996.299305008475,LOW,CR01,2881.9674656370967,0.9618423168939543,3360.739298269252,SYNTHETIC
BLST_2026_0029,2026,2026-01-10 01:54:38.446601941,31,4245,0.5513031956396529,161.7834654649217,73.31686264147787,2.822807757760717,349.25099458829635,2805.4668997720473,HIGH,CR02,2722.9389564193407,0.9705831698248116,3033.7336016229383,SYNTHETIC
BLST_2026_0030,2026,2026-01-10 09:41:35.533980582,19,4125,0.38099766305318084,121.68673089356076,76.25834843368852,2.1545449498880256,361.6216621804743,2535.797495229384,HIGH,CR02,2590.1454759073017,1.0214323031630732,3043.9053794697866,SYNTHETIC
BLST_2026_0031,2026,2026-01-10 17:28:32.621359223,182,3690,0.5358532654342998,225.99128598272358,67.28463069871081,4.527927845208384,325.88051087738813,3394.938304248611,HIGH,CR02,3564.324751063138,1.049893821811886,4192.303954190128,SYNTHETIC
BLST_2026_0032,2026,2026-01-11 01:15:29.708737864,42,3630,0.5041162264878505,170.51068013300636,67.82253529777839,3.6494377349264244,362.25338333802927,3183.678276096943,HIGH,CR01,3161.8287844600213,0.9931370290142167,3798.4018767476077,SYNTHETIC
BLST_2026_0033,2026,2026-01-11 09:02:26.796116504,46,3900,0.4041820996318204,100.02636101911202,46.18757349362497,2.1925051534168922,335.0754338203765,2494.7450511546,MEDIUM,CR02,2618.1216222984303,1.0494545809748095,2911.828786985808,SYNTHETIC
BLST_2026_0034,2026,2026-01-11 16:49:23.883495145,58,4185,0.39616827080887007,159.3796488626047,68.53860080384273,4.572352118247336,369.8683701681722,2401.604433412849,HIGH,CR02,2369.9164707961518,0.9868055029480161,2860.0119654116083,SYNTHETIC
BLST_2026_0035,2026,2026-01-12 00:36:20.970873786,50,4005,0.5188294914132365,86.15452775693586,52.1859786437903,4.060319745483291,355.51862384157096,2922.6367425516682,HIGH,CR01,3018.5146150606856,1.032805264887387,3591.5023137330422,SYNTHETIC
BLST_2026_0036,2026,2026-01-12 08:23:18.058252427,129,3840,0.4308825354687655,176.12853597341027,76.98575644452171,3.5006650203639116,357.6304022696576,2646.002733435556,HIGH,CR02,2569.9061726257223,0.9712409364328093,3113.1069724489844,SYNTHETIC
BLST_2026_0037,2026,2026-01-12 16:10:15.145631068,29,3675,0.46456761931760027,197.85565607831342,70.36288910088453,3.1363972265221705,373.82805394363146,2445.101590978991,MEDIUM,CR02,2504.124084219136,1.0241390760440807,2852.855020972115,SYNTHETIC
BLST_2026_0038,2026,2026-01-12 23:57:12.233009708,148,3660,0.490055039446058,115.39262848413107,40.821083595333356,3.762364671273183,354.9245178446957,2410.3213035541025,MEDIUM,CR01,2547.227325878284,1.056799905523927,2960.876394163329,SYNTHETIC
BLST_2026_0039,2026,2026-01-13 07:44:09.320388349,118,4035,0.4761870288490601,116.0327702583892,52.32578012288284,4.469942482120902,370.4313239195298,1936.8995324664602,HIGH,CR01,2338.1439110926644,1.2071580750062225,2734.149151522797,SYNTHETIC
BLST_2026_0040,2026,2026-01-13 15:31:06.407766990,159,3765,0.5760674142695206,92.42901222071401,50.22707672971795,4.203424707958854,334.5368619688534,2287.6152968882543,HIGH,CR02,2407.9694091029533,1.0526111677861272,2646.7850504198354,SYNTHETIC
BLST_2026_0041,2026,2026-01-13 23:18:03.495145631,159,4020,0.36874321742047467,135.55627358499035,43.02853805468803,4.0302876397101315,350.2480388963769,2145.36753076142,HIGH,CR02,2335.886849911711,1.0888049792954,2743.3223645595294,SYNTHETIC
BLST_2026_0042,2026,2026-01-14 07:05:00.582524271,182,4215,0.38326710547069637,177.89357177467508,44.953791787727155,2.7066164879177976,344.3471372094872,2830.9860785919536,HIGH,CR01,3032.3687524457528,1.0711351692530966,3804.627957649594,SYNTHETIC
BLST_2026_0043,2026,2026-01-14 14:51:57.669902912,135,3705,0.290037378766245,224.88651732066074,55.96681378520063,0.4927679072592088,372.5537084249827,1862.0188471092524,MEDIUM,CR02,2273.9305134494416,1.221217774986367,2780.638748015749,SYNTHETIC
BLST_2026_0044,2026,2026-01-14 22:38:54.757281553,129,4080,0.3434561267768351,176.98132394873645,62.115373636095974,3.1537638274391595,357.17056751419153,2442.141305444814,HIGH,CR01,2751.2444999086692,1.1265705607512153,3323.0955952771487,SYNTHETIC
BLST_2026_0045,2026,2026-01-15 06:25:51.844660194,216,3765,0.70480037543007,133.75781989318813,66.75781708659768,2.0686268757562205,344.7337474796454,2077.191844230152,HIGH,CR02,2269.180018794354,1.0924267900904245,2516.3833800643,SYNTHETIC
BLST_2026_0046,2026,2026-01-15 14:12:48.932038835,65,3690,0.4986671988987686,176.55610567672994,64.70987756665876,4.732103707500487,328.65185859807053,2974.6114434930505,HIGH,CR02,2936.878661850203,0.9873150553073452,3457.4607076556613,SYNTHETIC
BLST_2026_0047,2026,2026-01-15 21:59:46.019417475,411,3975,0.5626257848376013,114.36060905387131,57.70738751343024,2.4671759474760764,375.94971532892333,1797.7030766987218,HIGH,CR02,2434.857058353338,1.3544267070091893,2853.5232440245345,SYNTHETIC
BLST_2026_0048,2026,2026-01-16 05:46:43.106796116,302,3705,0.3905253471597457,191.12928033176914,54.43537662315326,4.7250442197914495,340.5082413171602,2379.0686203657183,HIGH,CR02,2762.585133755063,1.161204477292626,2943.3690125073467,SYNTHETIC
BLST_2026_0049,2026,2026-01-16 13:33:40.194174757,61,3960,0.4300284892485438,122.08418075037109,67.10868485331748,3.5215877863789165,377.1550932587134,2912.895731585821,HIGH,CR02,2769.1613250985856,0.9506558353844734,3280.989551272514,SYNTHETIC
BLST_2026_0050,2026,2026-01-16 21:20:37.281553398,186,3630,0.5054034579801335,93.15268183914637,69.2845884875268,3.281717681244595,397.83700833185713,2872.122178860206,HIGH,CR02,2823.2688049193175,0.9829904959125813,3391.1128884029577,SYNTHETIC
BLST_2026_0051,2026,2026-01-17 05:07:34.368932038,95,3990,0.4084037778701785,120.13551141579202,38.071378909410306,1.5590077653465049,347.6683012816177,2323.8817675274654,HIGH,CR01,2525.236424842952,1.086645826878586,2869.789401783085,SYNTHETIC
BLST_2026_0052,2026,2026-01-17 12:54:31.456310679,91,3630,0.43868989638102424,131.76409332658386,71.45999963159463,4.435028473166701,378.7822389437393,2643.6040239241215,HIGH,CR02,2657.793347909269,1.0053674165482942,3287.9772134213645,SYNTHETIC
BLST_2026_0053,2026,2026-01-17 20:41:28.543689320,94,4110,0.26019931710845245,246.55267688691217,43.88366545101363,2.6766732407715277,333.08273757096913,2184.7432055344075,HIGH,CR02,2566.814722859906,1.1748816594818248,3112.165628062297,SYNTHETIC
BLST_2026_0054,2026,2026-01-18 04:28:25.631067961,123,3915,0.5755916858580378,121.83400501357866,72.08563298270404,5.246351682531791,317.07337761171675,2127.139999388363,HIGH,CR01,2267.6681718178966,1.0660643739809985,2823.1607782860583,SYNTHETIC
BLST_2026_0055,2026,2026-01-18 12:15:22.718446602,181,3630,0.5606014529454586,159.4596796054662,63.76238740485095,4.589102062800611,319.86145362193645,2412.602161968912,LOW,CR01,3077.890816104838,1.275755640371717,3649.1902304541563,SYNTHETIC
BLST_2026_0056,2026,2026-01-18 20:02:19.805825242,89,3750,0.31306224419031026,45.0,50.059139719090645,1.3665311916954734,369.71470190885503,3210.331869508277,LOW,CR01,2879.124561508817,0.8968308195344954,3749.056566000881,SYNTHETIC
BLST_2026_0057,2026,2026-01-19 03:49:16.893203883,83,3855,0.38401891810385186,220.84356009617753,57.357505164194194,5.513600383678545,378.91880076559465,2773.833697698017,HIGH,CR02,2777.9589212847536,1.001487192108943,3111.0256522158993,SYNTHETIC
BLST_2026_0058,2026,2026-01-19 11:36:13.980582524,15,3795,0.43772861534388674,179.95429691354676,64.16590661928,3.2950609423444637,377.1518349357308,1565.4414231587823,LOW,CR01,2096.6837309888615,1.3393562352260533,2731.66504177448,SYNTHETIC
BLST_2026_0059,2026,2026-01-19 19:23:11.067961165,278,3810,0.3990455465210961,153.13215737423246,64.02392354363388,2.694696756524577,349.773560590599,2386.2343499663416,MEDIUM,CR01,2680.550189483304,1.1233390339557865,3302.815189603546,SYNTHETIC
BLST_2026_0060,2026,2026-01-20 03:10:08.155339805,146,3630,0.18,169.4727106015572,61.297109678880425,0.6676916294347923,354.5324284161685,2553.600832972949,MEDIUM,CR01,2598.8544292992183,1.0177214840087534,3210.8289064460596,SYNTHETIC
BLST_2026_0061,2026,2026-01-20 10:57:05.242718446,34,3795,0.5085739665321714,174.03001342335648,46.0551841898198,4.131853810329352,347.65033372132643,2874.139705184364,HIGH,CR02,2801.1554919802993,0.9746065881653504,3488.203241056234,SYNTHETIC
BLST_2026_0062,2026,2026-01-20 18:44:02.330097087,170,3780,0.4039815227631603,155.09483166163514,77.9060732592947,1.6468021180195842,336.35498402130145,2787.339465152318,HIGH,CR01,2827.8368838246797,1.014529058687923,3897.6920841498727,SYNTHETIC
BLST_2026_0063,2026,2026-01-21 02:30:59.417475728,182,4095,0.5567546474525632,155.11282470538865,58.60003467614581,2.249106218695962,332.9215749070706,2701.487058551479,LOW,CR02,3135.5402389264127,1.1606719451055487,3935.1914574205234,SYNTHETIC
BLST_2026_0064,2026,2026-01-21 10:17:56.504854369,249,4035,0.3292248440369998,189.17664312946425,32.23487199311505,3.167326578223849,367.81563072343243,1706.9610131597808,LOW,CR01,2255.5794825229686,1.321400702847707,2635.6903315369577,SYNTHETIC
BLST_2026_0065,2026,2026-01-21 18:04:53.592233009,232,4290,0.5762113760165138,194.83840426369966,62.77444452945522,3.3252019942726783,323.9971562900734,2117.1964684634586,HIGH,CR02,2713.9199312987444,1.2818460505313207,3291.0850775065733,SYNTHETIC
BLST_2026_0066,2026,2026-01-22 01:51:50.679611650,774,4080,0.49303790205070097,125.53083592140669,86.36727692852584,5.598269469282256,373.505234261887,2955.0905714933706,HIGH,CR02,3465.5591500622463,1.1727421093259107,3898.2043878406826,SYNTHETIC
BLST_2026_0067,2026,2026-01-22 09:38:47.766990291,91,4275,0.47745640230963315,164.8793513225884,60.33084647514372,4.3871461802595455,341.9107654540156,2990.100418122486,HIGH,CR01,3147.7183878274213,1.0527132696780481,4234.750211323298,SYNTHETIC
BLST_2026_0068,2026,2026-01-22 17:25:44.854368932,39,3960,0.35331210736053364,167.68551422952967,62.23154624332783,3.980907629618005,348.4556949444338,2509.7173142705515,HIGH,CR01,2797.7911138197496,1.1147833654058072,3317.6289788529903,SYNTHETIC
BLST_2026_0069,2026,2026-01-23 01:12:41.941747572,177,3615,0.36744448189123924,145.45106500783848,39.125934260207764,2.880392083566829,307.4852789695759,3033.47729370478,HIGH,CR01,3225.083225484248,1.063163792976825,3585.135943606013,SYNTHETIC
BLST_2026_0070,2026,2026-01-23 08:59:39.029126213,190,4110,0.6097718008352953,202.37983594611785,50.529586356062545,3.8434661111363893,312.7517144683436,2587.180930299175,HIGH,CR01,2954.6343834738555,1.142028510210219,3732.3106940548873,SYNTHETIC
BLST_2026_0071,2026,2026-01-23 16:46:36.116504854,34,4065,0.31322043659618326,179.46352264517918,82.083003129986,3.5600000343583074,337.3799923955945,3293.1300093473997,HIGH,CR02,3107.2678818462937,0.9435606468698337,4002.962858888019,SYNTHETIC
BLST_2026_0072,2026,2026-01-24 00:33:33.203883495,32,3795,0.4389508077134371,174.40303365827208,63.64568225180292,1.6034357681653812,397.6065915213349,2401.333592087279,HIGH,CR02,2370.497399949398,0.9871587220370004,2664.530696062652,SYNTHETIC
BLST_2026_0073,2026,2026-01-24 08:20:30.291262136,489,4110,0.46279992609525733,118.40172043757796,74.47742389364629,2.5624158446719214,358.2276165393778,2945.249809008581,HIGH,CR01,3260.321118600253,1.1069760903227868,4070.1882075047624,SYNTHETIC
BLST_2026_0074,2026,2026-01-24 16:07:27.378640776,661,3780,0.39074974940058665,120.68508240640787,66.57412351184946,4.894870370259703,325.29592688294167,2147.0085764520677,HIGH,CR01,2852.3385141641706,1.328517522215799,3180.956187378143,SYNTHETIC
BLST_2026_0075,2026,2026-01-24 23:54:24.466019417,225,3660,0.5792672624480716,197.17219754759424,26.496987959528656,1.090219147437459,335.6095803790958,2639.2990111921968,HIGH,CR01,3024.657315684935,1.1460078236147515,3540.419246178629,SYNTHETIC
BLST_2026_0076,2026,2026-01-25 07:41:21.553398058,131,3855,0.4485819673387526,168.96500781409932,61.64196746458117,4.8180451858134195,349.1283949495074,2746.5659415269806,LOW,CR01,2769.3489626035157,1.0082950934226864,3252.5260692761954,SYNTHETIC
BLST_2026_0077,2026,2026-01-25 15:28:18.640776699,26,4065,0.4125921358284933,132.3546308482307,39.91103951886533,0.2,352.54571595607786,2303.532181101165,HIGH,CR01,2311.1265431053234,1.0032968334744636,2853.6677364045963,SYNTHETIC
BLST_2026_0078,2026,2026-01-25 23:15:15.728155339,47,3735,0.5554366605749951,246.40608646641016,65.01791119584213,1.464468723062679,383.9516366992946,2725.8414161206047,MEDIUM,CR01,3179.3414867701804,1.1663706729113366,3711.0237466461544,SYNTHETIC
BLST_2026_0079,2026,2026-01-26 07:02:12.815533980,71,3750,0.4087688833266671,130.59509298753943,77.88708621982633,3.0936904483781604,338.2697506207105,2425.697685994861,MEDIUM,CR01,2460.853218598118,1.0144929571422825,2942.789758139088,SYNTHETIC
BLST_2026_0080,2026,2026-01-26 14:49:09.902912621,516,3975,0.4699739126177223,46.125089084382736,66.68429774289073,3.8878209215026387,341.15064554816814,2315.952927937391,HIGH,CR01,2588.19573993011,1.1175510990351523,3187.566871236923,SYNTHETIC
BLST_2026_0081,2026,2026-01-26 22:36:06.990291262,76,3735,0.3690189851901494,156.0818129016117,71.03490484101548,2.097284684718887,322.11011353880116,2620.628293657799,HIGH,CR01,2553.2210551281855,0.974278214620232,2944.949632325503,SYNTHETIC
BLST_2026_0082,2026,2026-01-27 06:23:04.077669903,151,3720,0.4399954409866469,150.6790655910171,58.97767187772113,1.3926809826084032,350.57371071533777,2806.5319482460864,HIGH,CR02,2779.5061383947427,0.9903703893810177,3203.7637121618122,SYNTHETIC
BLST_2026_0083,2026,2026-01-27 14:10:01.165048543,51,3810,0.5601435028590298,103.48034946467516,60.05331100360637,5.375836489605926,360.18729475387545,2959.2738778583343,HIGH,CR01,2849.4609713507207,0.9628919420641503,3318.9669907608964,SYNTHETIC
BLST_2026_0084,2026,2026-01-27 21:56:58.252427184,166,4140,0.43415428271217404,171.36802780822458,68.25339241294611,4.663606238053476,353.8370297066433,2791.4477706187945,LOW,CR01,2935.2335887575705,1.0515094065710935,3578.347822423621,SYNTHETIC
BLST_2026_0085,2026,2026-01-28 05:43:55.339805825,285,4140,0.5659690069609682,145.0459195715031,41.81345728873333,0.2237448238005033,360.9140511400074,2366.146947093706,MEDIUM,CR01,2848.9429893599477,1.2040431355538805,3243.2902108878516,SYNTHETIC
BLST_2026_0086,2026,2026-01-28 13:30:52.427184466,88,4125,0.48643871692150503,197.28573799465607,39.30141966688232,3.8400934203564923,387.6090133913453,2722.976141780219,HIGH,CR01,2947.5187209177684,1.0824621911636538,3835.9115362271173,SYNTHETIC
BLST_2026_0087,2026,2026-01-28 21:17:49.514563107,14,4155,0.4477332230664732,144.98801685248083,72.05640612507247,4.556804075460253,341.8647763418366,2796.181376638547,MEDIUM,CR02,2764.5660678917397,0.9886933984286763,3275.5236057517777,SYNTHETIC
BLST_2026_0088,2026,2026-01-29 05:04:46.601941747,86,4080,0.48946452400121787,77.93793266579965,60.68171144773786,3.5991476092564554,330.2012307962576,2207.224582611232,LOW,CR02,2428.0052021133515,1.10002635039563,2723.033914312567,SYNTHETIC
BLST_2026_0089,2026,2026-01-29 12:51:43.689320388,24,3750,0.3474297947705525,159.87530542171027,63.247762130283434,4.140671087058916,340.27470634417693,3184.1942804917385,HIGH,CR01,3014.979767368925,0.946857980946853,3853.9385093647566,SYNTHETIC
BLST_2026_0090,2026,2026-01-29 20:38:40.776699029,51,3825,0.4922845791640753,153.5536467827064,73.83457657837128,5.62573937808977,373.2949397276552,2468.8449193082106,HIGH,CR01,2553.9438391497956,1.0344691232632912,2934.646749466744,SYNTHETIC
BLST_2026_0091,2026,2026-01-30 04:25:37.864077670,58,4155,0.3820315589878975,227.53831366157783,84.71124346255301,3.036194701609198,373.2007179879261,2639.101093010907,HIGH,CR02,2895.464125221799,1.0971402849590774,3512.0507833978204,SYNTHETIC
BLST_2026_0092,2026,2026-01-30 12:12:34.951456310,104,3870,0.47769438068457565,103.81999316270864,57.33827531437091,2.958901465744823,347.37550345307915,2134.722190341679,HIGH,CR01,2445.013358009505,1.1453543552747543,2787.8838695300847,SYNTHETIC
BLST_2026_0093,2026,2026-01-30 19:59:32.038834951,187,4125,0.42608496814878477,116.65193770486262,45.78192596607664,4.423803648162249,362.6952859186528,2315.6506471101243,HIGH,CR01,2676.5596137102425,1.1558563970133076,3160.638307638742,SYNTHETIC
BLST_2026_0094,2026,2026-01-31 03:46:29.126213592,173,3780,0.47632437869049266,189.58348892498512,70.43376150335476,2.073778793862956,313.29953739594947,3122.802463165437,HIGH,CR02,3099.5394716440146,0.992550604210219,3403.1648291545876,SYNTHETIC
BLST_2026_0095,2026,2026-01-31 11:33:26.213592233,171,4125,0.28337670478874755,231.55330198614686,69.17006003056194,2.582418664341249,304.32658975512,2437.334070849443,HIGH,CR01,2735.1777132119773,1.1222005821543912,3009.042871639468,SYNTHETIC
BLST_2026_0096,2026,2026-01-31 19:20:23.300970874,47,3825,0.4652032394740328,148.91222490964736,58.22524158863395,2.061293709821679,321.59187038319436,2696.4176359454295,MEDIUM,CR02,2618.1420807816967,0.9709705373083694,3159.0990092027278,SYNTHETIC
BLST_2026_0097,2026,2026-02-01 03:07:20.388349514,122,3945,0.6645208422259568,168.74486689504948,71.61124756240625,2.9141192318046487,321.1320397850908,1686.0243852965514,HIGH,CR02,2173.520049645609,1.2891391539768942,2488.606204983844,SYNTHETIC
BLST_2026_0098,2026,2026-02-01 10:54:17.475728155,170,4125,0.4998814558381293,181.05104033988653,59.73212852762362,2.786454773350131,347.2730430022353,2105.108700239882,HIGH,CR01,2463.238664589575,1.1701242146350366,2770.245378877025,SYNTHETIC
BLST_2026_0099,2026,2026-02-01 18:41:14.563106796,38,3810,0.34349104287457977,76.40651274132013,70.28168111994638,3.2221295089733544,382.3319034427073,2563.4698086617623,LOW,CR02,2763.2254613494288,1.0779239341975895,3485.2344166984612,SYNTHETIC
BLST_2026_0100,2026,2026-02-02 02:28:11.650485437,247,3840,0.4824687505894063,141.4348350399756,52.05137008857696,0.9326375082768026,366.9029081083069,2168.311976259081,HIGH,CR02,2525.531312650305,1.1647453596633837,2808.0858605463604,SYNTHETIC
BLST_2026_0101,2026,2026-02-02 10:15:08.737864077,112,3750,0.4307275943527712,127.2376787347161,50.5221950886958,2.422223942172282,345.3711036588886,2225.725515214693,HIGH,CR02,2362.2764087556457,1.0613511830670552,2632.932722022802,SYNTHETIC
BLST_2026_0102,2026,2026-02-02 18:02:05.825242718,65,3705,0.4811133312651009,185.242943473556,57.92477016428827,2.420363454376746,332.24705674811986,2857.6393823940616,HIGH,CR01,3313.160764570379,1.159404781786949,3665.6043670713616,SYNTHETIC
BLST_2026_0103,2026,2026-02-03 01:49:02.912621359,95,4200,0.3595499337465728,82.94767199596924,48.552966807663864,1.6428750348329983,328.70180681978513,2282.216213895588,HIGH,CR01,2490.361912088637,1.0912033211076693,2944.675869043958,SYNTHETIC
BLST_2026_0104,2026,2026-02-03 09:36:00.000000000,56,3705,0.37201788790334567,142.3099056556344,78.72917639705024,3.765161814539278,362.3829920381733,2940.0077676449714,HIGH,CR02,2855.9308611142014,0.9714024883008666,3498.729454118585,SYNTHETIC
BLST_2026_0105,2026,2026-02-03 17:22:57.087378641,159,3915,0.21322376294911177,183.67217001309768,61.22695444529969,1.8483428127184556,384.0185333359164,2402.6050119545534,HIGH,CR01,2781.1251310367047,1.157545712757096,3149.299338235009,SYNTHETIC
BLST_2026_0106,2026,2026-02-04 01:09:54.174757281,138,3615,0.3389121393354125,135.58972418383314,57.51584923547116,3.7407920258931235,353.5601316610538,1499.397808584862,LOW,CR02,1802.727710803199,1.20230115082309,2175.1091767218145,SYNTHETIC
BLST_2026_0107,2026,2026-02-04 08:56:51.262135922,226,4230,0.42690337908832343,120.5637620652487,20.0,2.9157643873724677,326.8496227223575,2917.7464027093965,HIGH,CR01,3006.0380514994276,1.0302602202535642,3564.336492396424,SYNTHETIC
BLST_2026_0108,2026,2026-02-04 16:43:48.349514563,30,4125,0.44975663649264763,81.35132076418148,72.68422176776414,2.9724702277649624,323.33486740669196,1590.1716747553878,LOW,CR02,1612.9592910894844,1.0143302869091804,1761.8192230611112,SYNTHETIC
BLST_2026_0109,2026,2026-02-05 00:30:45.436893204,81,3660,0.4187883972851601,140.3222355124731,68.26505504783168,2.9643226414552033,337.2799473120449,3378.2473365693554,MEDIUM,CR01,3156.254999942559,0.9342877194858586,3649.746197339575,SYNTHETIC
BLST_2026_0110,2026,2026-02-05 08:17:42.524271844,160,3660,0.3750253574425708,45.0,62.036528862801035,3.8451217705873075,353.09188614134916,3001.880944737196,MEDIUM,CR01,3003.4584454323913,1.000525504083685,3597.663887292488,SYNTHETIC
BLST_2026_0111,2026,2026-02-05 16:04:39.611650485,83,3780,0.5310582488811636,184.7020809210161,88.10951400249647,3.931935683206342,353.8705366132641,2594.0699231793274,HIGH,CR01,2670.9935840210646,1.029653657426265,3176.2973954876943,SYNTHETIC
BLST_2026_0112,2026,2026-02-05 23:51:36.699029126,401,4290,0.524415818850999,46.866144736498256,57.95533683791846,2.9834122896340345,358.5747108264106,2827.259717639927,HIGH,CR02,2724.9850147872107,0.9638255013451361,3336.299182779338,SYNTHETIC
BLST_2026_0113,2026,2026-02-06 07:38:33.786407767,117,3870,0.5074357400657041,161.07098391066836,44.24591455403416,5.659566440736825,365.7235395288552,2289.2956335509307,MEDIUM,CR02,2535.2623199254203,1.1074420807735392,2963.473455100019,SYNTHETIC
BLST_2026_0114,2026,2026-02-06 15:25:30.873786408,74,4290,0.3564072115513686,156.1144818560535,48.262768801365496,5.559958971082553,315.30589849893283,3091.079454375038,HIGH,CR02,3067.288495816654,0.9923033493931349,3953.835018602575,SYNTHETIC
BLST_2026_0115,2026,2026-02-06 23:12:27.961165048,28,4185,0.6889379543657604,217.30318736733807,66.86452350417505,2.984214951864825,348.0936511532928,2532.8155430496704,MEDIUM,CR01,3037.016258459552,1.19906728573009,3824.5242198822907,SYNTHETIC
BLST_2026_0116,2026,2026-02-07 06:59:25.048543689,136,4245,0.472194424343963,206.58334085187963,60.20469718266162,2.305065302667867,353.804925763138,2172.1934113371694,HIGH,CR01,2534.1629951082305,1.1666378241835464,2836.5249886542397,SYNTHETIC
BLST_2026_0117,2026,2026-02-07 14:46:22.135922330,147,4035,0.5226907602369925,124.95505129760467,54.82551243269589,2.6937375753027495,335.2434476518889,1984.5263930809806,HIGH,CR01,2335.0916257080894,1.1766493173632504,2673.1937542316914,SYNTHETIC
BLST_2026_0118,2026,2026-02-07 22:33:19.223300971,70,4125,0.4733297242499202,237.25495582175307,68.77375157802261,3.129887407828095,344.69717977986033,2030.5978725775992,LOW,CR01,2750.2762350715902,1.3544169784736582,2919.0331106412473,SYNTHETIC
BLST_2026_0119,2026,2026-02-08 06:20:16.310679611,30,3960,0.4122492034752464,141.48728838805042,85.26444940220864,5.586493599511333,345.5436157901181,2691.4695347425763,MEDIUM,CR01,2659.3487634863145,0.9880657124884255,3218.906130908381,SYNTHETIC
BLST_2026_0120,2026,2026-02-08 14:07:13.398058252,249,4005,0.2635450516607706,220.10343937560316,68.25930093379063,0.31146569843763094,371.2832661299048,3373.8054034247357,HIGH,CR02,3345.066059118188,0.9914816236059808,4218.59012225397,SYNTHETIC
BLST_2026_0121,2026,2026-02-08 21:54:10.485436893,243,3645,0.5027448430466365,77.02409749501446,62.46341885641232,5.329485376560031,368.9648946324532,3027.7270179080115,HIGH,CR01,3225.7712920858235,1.0654102146615085,3676.775083078042,SYNTHETIC
BLST_2026_0122,2026,2026-02-09 05:41:07.572815534,150,3915,0.5231058930379675,134.9150109596016,58.30480323210496,1.2678933063983102,346.7150622785561,2227.59157033089,HIGH,CR01,2608.6129085224634,1.1710463189331317,3287.4097165445796,SYNTHETIC
BLST_2026_0123,2026,2026-02-09 13:28:04.660194175,23,4140,0.5097641180979323,191.33853857214774,74.52856736363191,3.8275118814120996,383.13883748332586,2562.6079750305216,HIGH,CR01,2960.9973291212104,1.1554624655712094,3471.996543836815,SYNTHETIC
BLST_2026_0124,2026,2026-02-09 21:15:01.747572815,203,3825,0.4524421442112683,159.48897795179224,70.59528227952634,5.298623489187484,384.6252422022497,2563.978863613168,HIGH,CR02,2785.072961871763,1.0862308583726108,3204.099946325552,SYNTHETIC
BLST_2026_0125,2026,2026-02-10 05:01:58.834951456,349,3750,0.6003447299433324,127.49801871690985,41.671476157923806,4.720721023042833,357.4625968270685,2303.088384512234,MEDIUM,CR01,2705.421622808211,1.1746929214708304,3025.126393463135,SYNTHETIC
BLST_2026_0126,2026,2026-02-10 12:48:55.922330097,86,4125,0.27236778002586653,176.24089735447552,50.13280524661419,3.550080659781308,383.5836211559366,2344.665543461843,MEDIUM,CR01,2649.8339017351504,1.130154323768811,3190.7971934841485,SYNTHETIC
BLST_2026_0127,2026,2026-02-10 20:35:53.009708738,779,3735,0.49332548398713694,124.01015661024351,58.32951653853008,4.791386696605235,331.99319255768586,2230.565226641582,HIGH,CR01,2934.637668674664,1.3156475469193782,3460.1579339926666,SYNTHETIC
BLST_2026_0128,2026,2026-02-11 04:22:50.097087378,73,4230,0.4968962773356,124.76309042373765,53.50341695234189,4.378544963471376,375.5822362723103,2870.7590069626235,HIGH,CR01,2958.290742073802,1.0304907987395955,3400.6220723273855,SYNTHETIC
BLST_2026_0129,2026,2026-02-11 12:09:47.184466019,571,4170,0.4486358604881529,142.3677293326411,54.17123109278725,2.4717335741227657,398.9329239577862,2218.538778678493,MEDIUM,CR02,2694.2357937859742,1.2144190670360233,3108.4133048662825,SYNTHETIC
BLST_2026_0130,2026,2026-02-11 19:56:44.271844660,51,3795,0.6241330868993755,187.0360591281158,39.26742253476226,4.193472685305525,324.3439247281362,1702.3517680423893,MEDIUM,CR01,1917.722865145373,1.1265138622616455,2124.2826910088133,SYNTHETIC
BLST_2026_0131,2026,2026-02-12 03:43:41.359223301,250,3600,0.5498575519419306,88.61096726484189,58.412166217497294,4.1882671524177475,341.74328065468455,2718.496963165844,HIGH,CR02,2849.218533002962,1.048085972362053,3514.4718350389526,SYNTHETIC
BLST_2026_0132,2026,2026-02-12 11:30:38.446601942,98,3705,0.5612094993076373,151.03025504421143,61.53747645881392,2.2834775371977605,319.3919088646382,2597.672778566176,MEDIUM,CR01,2866.492383836002,1.1034847835677768,3495.54904175101,SYNTHETIC
BLST_2026_0133,2026,2026-02-12 19:17:35.533980582,82,3840,0.5019933463369441,124.84459430715572,56.114522490294185,2.8167229325479672,328.6600200478473,2582.6558877980488,HIGH,CR01,2728.269670710842,1.0563814109346725,3046.9971347210912,SYNTHETIC
BLST_2026_0134,2026,2026-02-13 03:04:32.621359223,71,4155,0.33133970326115875,61.21470234349793,57.23481891667433,5.177217633128317,320.87906257771897,2407.2904608420595,HIGH,CR01,2632.7485921095445,1.0936563887635815,3177.4451331988107,SYNTHETIC
BLST_2026_0135,2026,2026-02-13 10:51:29.708737864,85,3990,0.47405596039990616,230.15587024779666,53.95829087549312,3.3685670062105237,319.0827408166602,2540.6655534967817,HIGH,CR01,2685.1319130169513,1.0568616201063288,2954.0771498246036,SYNTHETIC
BLST_2026_0136,2026,2026-02-13 18:38:26.796116505,44,4125,0.4318225004665956,186.43066834287274,48.235543087759005,3.6816213191067195,351.42343505966284,2142.725947443056,MEDIUM,CR02,2383.7271783582987,1.1124741272689738,2859.5783009928095,SYNTHETIC
BLST_2026_0137,2026,2026-02-14 02:25:23.883495145,31,3600,0.5866994994360373,136.8881129855363,82.44575663437219,2.668754129764867,336.2974170666347,2461.9398720561867,MEDIUM,CR01,2575.4489279351496,1.046105535381805,2935.8996702421573,SYNTHETIC
BLST_2026_0138,2026,2026-02-14 10:12:20.970873786,157,4140,0.40800154403985983,154.18655934458008,62.184327399528826,3.152003372443541,389.0908371561994,2369.7235593149267,HIGH,CR01,2756.3860811853124,1.163167775562044,3392.521807179139,SYNTHETIC
BLST_2026_0139,2026,2026-02-14 17:59:18.058252427,435,4290,0.35621485816519455,169.54342485001973,54.25269480793783,0.917315519552985,354.1712353666579,3359.70277880072,LOW,CR01,3552.6636092026292,1.0574338990994878,4357.716911502457,SYNTHETIC
BLST_2026_0140,2026,2026-02-15 01:46:15.145631068,83,4170,0.6673438458395592,192.66507931453188,66.01557853101292,4.5790799757183915,402.2805328133819,2446.479220726542,HIGH,CR01,2830.438163212613,1.1569434717585891,3607.0970216824894,SYNTHETIC
BLST_2026_0141,2026,2026-02-15 09:33:12.233009709,64,3990,0.31762747974085315,147.86318948345027,60.9526373692292,2.2307749258876757,344.4232798487744,3158.0176605899046,HIGH,CR01,3286.3147073127816,1.0406258167343219,3764.892821532297,SYNTHETIC
BLST_2026_0142,2026,2026-02-15 17:20:09.320388349,58,3735,0.4650953395591979,165.65275604040508,66.82793584132313,3.425705499824611,382.0592042188268,2101.344594319927,MEDIUM,CR02,2077.090530566507,0.9884578360831533,2309.7700074862323,SYNTHETIC
BLST_2026_0143,2026,2026-02-16 01:07:06.407766990,24,4095,0.4751331913830811,141.21967449195844,71.67443226590359,5.664977353732775,347.260034538707,2371.215230300445,MEDIUM,CR02,2415.150997082126,1.0185287974791366,2799.0891116579364,SYNTHETIC
BLST_2026_0144,2026,2026-02-16 08:54:03.495145631,131,4125,0.4132970849057399,151.29683511216948,75.67106136392144,3.060467408006667,375.55750008213073,2932.505792761818,HIGH,CR01,3033.8659650541845,1.034564355351846,3846.9389212056403,SYNTHETIC
BLST_2026_0145,2026,2026-02-16 16:41:00.582524272,250,3630,0.5382575661980493,145.14577510932426,72.16225079397285,3.4852218037075393,369.33292473359927,3074.783275347877,HIGH,CR01,3342.0591784845406,1.0869251193342804,4167.511441266191,SYNTHETIC
BLST_2026_0146,2026,2026-02-17 00:27:57.669902912,88,3855,0.30052348303089765,159.39856445430468,78.02272403468274,2.411352116461337,344.44778212295444,3076.4424802528893,HIGH,CR01,2916.033119678959,0.9478588136773016,3139.895409739737,SYNTHETIC
BLST_2026_0147,2026,2026-02-17 08:14:54.757281553,245,4140,0.3501277674576036,178.05927369271336,53.73487441267769,2.2752821796225504,354.1258168135389,1942.0060153820073,MEDIUM,CR02,2394.515698635523,1.2330114735326934,2913.550140979019,SYNTHETIC
BLST_2026_0148,2026,2026-02-17 16:01:51.844660194,587,4275,0.5156203642268604,161.91859050205917,44.3488293199752,3.7588728019043294,346.36881538875843,2942.4145729586635,HIGH,CR01,3262.7735843369,1.1088762318955308,3946.7176915199034,SYNTHETIC
BLST_2026_0149,2026,2026-02-17 23:48:48.932038835,318,4005,0.5399492562687213,147.92229642016525,52.780933800520735,3.200266775436897,346.0358409219647,2406.6685986863936,HIGH,CR01,2762.0255935104005,1.1476551424728638,3487.4741289233084,SYNTHETIC
BLST_2026_0150,2026,2026-02-18 07:35:46.019417476,277,3975,0.4925178458466585,159.55587108802175,77.11989422664877,1.2799085052118413,335.6724012334369,2778.4484421965426,HIGH,CR01,2921.6244074281267,1.0515309059031501,3157.823684888006,SYNTHETIC
BLST_2026_0151,2026,2026-02-18 15:22:43.106796116,68,4140,0.4233163545421391,142.37516481339202,67.86927094503694,3.7423217863406335,411.01847364454795,2522.3346489666474,MEDIUM,CR02,2505.098090242005,0.9931664266945294,2993.5469939592354,SYNTHETIC
BLST_2026_0152,2026,2026-02-18 23:09:40.194174757,62,3855,0.38075227022942293,141.11991077985073,50.408529429770354,6.794606295988204,345.31932366383154,2029.9269098883208,MEDIUM,CR01,2232.6536462110707,1.0998689831319608,2757.5789707963986,SYNTHETIC
BLST_2026_0153,2026,2026-02-19 06:56:37.281553398,159,4095,0.3900968535676477,77.47640418233829,51.62333156222748,2.8553445791794525,339.9956746841874,2498.9182181585484,LOW,CR01,2652.0854701999256,1.0612934232614648,2992.6063081474254,SYNTHETIC
BLST_2026_0154,2026,2026-02-19 14:43:34.368932039,75,4095,0.2922205051888056,140.1206950248403,69.56210723977257,3.54543347220771,371.9587097544878,2576.912524511341,MEDIUM,CR01,2616.521560252421,1.015370733528718,3134.7457036799956,SYNTHETIC
BLST_2026_0155,2026,2026-02-19 22:30:31.456310679,20,3675,0.46680000941318334,171.6733841791599,49.731274972295836,3.6108079777186393,341.0032708659947,2528.4771806246713,HIGH,CR02,2629.083196611942,1.0397891730082436,2870.9215309853926,SYNTHETIC
BLST_2026_0156,2026,2026-02-20 06:17:28.543689320,203,4050,0.4930696950992721,134.9704642467999,70.44374260317771,1.6266245173605658,306.3588761637593,2768.060250255878,HIGH,CR01,2970.546853805291,1.0731510824342407,3398.27663442256,SYNTHETIC
BLST_2026_0157,2026,2026-02-20 14:04:25.631067961,147,3900,0.35632392014973113,163.0645036738789,65.49541865359083,3.5646123521358186,386.7535883585872,2367.5086918303264,HIGH,CR02,2595.980524471389,1.0965030597055296,3103.12929832483,SYNTHETIC
BLST_2026_0158,2026,2026-02-20 21:51:22.718446602,64,4080,0.24639962328438658,142.70287671967907,70.8033259736179,5.273417157755341,374.61071151966104,2476.3600408220705,HIGH,CR01,2798.4824035743973,1.130078969714514,2938.406523753117,SYNTHETIC
BLST_2026_0159,2026,2026-02-21 05:38:19.805825243,137,3765,0.2743608264198323,126.07809689269372,39.87861057030341,5.1679145794163945,358.3729959075964,3088.6487659284567,HIGH,CR02,3035.3931894025036,0.9827576456366853,3533.497641327908,SYNTHETIC
BLST_2026_0160,2026,2026-02-21 13:25:16.893203883,98,3750,0.2960156134848949,125.24431897414678,50.473722103270276,3.242654917006365,361.54080226523706,2744.3426905906163,HIGH,CR01,2848.520762093945,1.037961028650146,3225.46203197776,SYNTHETIC
BLST_2026_0161,2026,2026-02-21 21:12:13.980582524,385,3675,0.4605681093977955,181.8664452874398,62.494088500072365,1.8661602693319919,355.23913576421813,2378.5687167446713,HIGH,CR01,2897.2218023446544,1.2180525969036606,3578.2563782134753,SYNTHETIC
BLST_2026_0162,2026,2026-02-22 04:59:11.067961165,85,4140,0.3658090929054373,172.28215642611246,79.35487338015076,3.401349354846539,333.22516309074206,2775.5239220535263,MEDIUM,CR01,2879.4703797710004,1.0374511121635612,3477.969504986084,SYNTHETIC
BLST_2026_0163,2026,2026-02-22 12:46:08.155339806,446,4215,0.4537505701082527,90.15142261477523,59.28800904659408,3.118116663897588,352.8313101117234,2317.5583089934694,HIGH,CR01,2837.94293811844,1.2245400372907886,3713.7246120027007,SYNTHETIC
BLST_2026_0164,2026,2026-02-22 20:33:05.242718447,359,3990,0.5214571132754959,137.75104270151232,45.419093893534914,2.5766741304180685,367.37050176921156,2545.559676238886,HIGH,CR02,2708.6065586973073,1.0640514869796045,3514.113219766817,SYNTHETIC
BLST_2026_0165,2026,2026-02-23 04:20:02.330097087,34,4080,0.38110805846575674,171.9921940254608,48.476213791650494,1.778617327909,358.3526322806963,3144.9403599824304,HIGH,CR02,2986.44907715107,0.9496043598002457,3649.5207717970484,SYNTHETIC
BLST_2026_0166,2026,2026-02-23 12:06:59.417475728,63,4035,0.30986055064760026,223.11983278654088,52.3063854654151,3.3272987207345097,352.06296436779667,2810.2786584880105,HIGH,CR01,3303.0958865739176,1.175362406356903,4000.6522471776298,SYNTHETIC
BLST_2026_0167,2026,2026-02-23 19:53:56.504854369,55,4275,0.4516110889157624,93.53741828817937,47.613247771025186,1.7395889536569704,348.7895364330064,2741.4211941625917,MEDIUM,CR02,2423.8061532460674,0.8841421954448906,3086.860293279369,SYNTHETIC
BLST_2026_0168,2026,2026-02-24 03:40:53.592233010,95,3870,0.500009188039018,156.61555347434,60.828897389455015,3.1876549541970736,352.213804357614,1313.250864683031,HIGH,CR01,1735.3555502178951,1.3214196897839043,2042.8931834157472,SYNTHETIC
BLST_2026_0169,2026,2026-02-24 11:27:50.679611651,52,4215,0.5457381570706321,203.78221212284666,78.25397134169188,4.571247328676472,351.1990229838901,2244.0195664772164,HIGH,CR02,2762.669687653616,1.2311254896901835,3107.7656154205733,SYNTHETIC
BLST_2026_0170,2026,2026-02-24 19:14:47.766990291,51,3990,0.32864571634918105,101.89970984873031,66.81853388172608,1.1370729802435093,324.3475236654689,2832.495515061437,HIGH,CR02,2910.503001741665,1.0275401977745182,3418.45146307361,SYNTHETIC
BLST_2026_0171,2026,2026-02-25 03:01:44.854368932,37,3795,0.34473264844107804,183.93371851855716,59.867625271726084,4.519540246690213,301.0505345526457,2617.5654252700047,HIGH,CR01,2973.8868462296496,1.1361270352670898,3411.3838363775203,SYNTHETIC
BLST_2026_0172,2026,2026-02-25 10:48:41.941747573,80,3795,0.5247975394310029,268.4218433023102,57.76014980996759,2.94787296765694,366.30928245388424,2113.9405428423465,HIGH,CR01,2762.3642929498137,1.3067369857222257,3210.9966660650284,SYNTHETIC
BLST_2026_0173,2026,2026-02-25 18:35:39.029126214,237,3825,0.40224990439969743,78.92782744074378,69.99810283138004,2.8511888857537215,347.2464267127983,2570.2073961608903,HIGH,CR02,2439.9196902708145,0.9493084853445344,2823.1520898227113,SYNTHETIC
BLST_2026_0174,2026,2026-02-26 02:22:36.116504854,102,3960,0.30957179956492475,110.26332100397374,60.07107480625852,2.331352046652874,360.52454813133875,2459.046198605178,MEDIUM,CR01,2538.7663237730726,1.0324191246236503,2976.783400353121,SYNTHETIC
BLST_2026_0175,2026,2026-02-26 10:09:33.203883495,225,4080,0.5453834916035846,158.95008985064834,29.677670609855195,4.638744745543928,362.03201981290886,3041.4409169400697,HIGH,CR01,3343.054761902824,1.0991680763163407,4020.925853941964,SYNTHETIC
BLST_2026_0176,2026,2026-02-26 17:56:30.291262136,66,4080,0.46617567816154415,192.611532730326,59.811007828854194,4.644349261721752,351.6436815270153,2636.163567381697,HIGH,CR02,2656.639153020458,1.007767190887589,3135.4401317910033,SYNTHETIC
BLST_2026_0177,2026,2026-02-27 01:43:27.378640777,224,4170,0.39078840555053573,194.0977799100308,57.10757373200813,2.994355933469151,354.99752107960757,2938.6522638101824,HIGH,CR02,3395.565883404696,1.1554840718044301,3700.3797046330715,SYNTHETIC
BLST_2026_0178,2026,2026-02-27 09:30:24.466019418,266,4125,0.501558671106927,170.86910319941634,64.58404555684298,2.0400283635128957,339.309868833741,2615.870955202206,HIGH,CR01,3025.5801451442826,1.156624388954388,3394.7198407228143,SYNTHETIC
BLST_2026_0179,2026,2026-02-27 17:17:21.553398058,31,4065,0.4167390435029675,85.96944516316475,67.91158658940603,4.159902089934245,349.43748876805614,2306.3947844226022,LOW,CR02,1972.0287890661161,0.8550265558980643,2384.7875797899615,SYNTHETIC
BLST_2026_0180,2026,2026-02-28 01:04:18.640776699,145,3615,0.44719614402022195,183.61775896481169,44.15655778607641,1.6398695016016396,348.9898955156561,2056.286950359672,HIGH,CR01,2506.6932054538424,1.21903861959314,3002.566004059153,SYNTHETIC
BLST_2026_0181,2026,2026-02-28 08:51:15.728155340,25,4110,0.48229781309368047,129.8255295114361,40.488191323548165,1.363686907390526,365.86397741038047,2627.713743171504,HIGH,CR01,2664.2184812445753,1.0138922050272539,3258.595106431954,SYNTHETIC
BLST_2026_0182,2026,2026-02-28 16:38:12.815533981,338,4215,0.3968644019359436,59.819068981391,71.41775107612163,3.502636355746267,339.93074325243117,2913.752302942091,MEDIUM,CR01,2813.7890520063715,0.9656926050869925,3200.7754841284186,SYNTHETIC
BLST_2026_0183,2026,2026-03-01 00:25:09.902912621,428,3750,0.5088908254107944,157.3480022413589,87.28696019535009,3.6452916444300163,328.7678946608474,3115.55874755515,HIGH,CR02,3296.5626765561597,1.058096779315443,3763.9001535726134,SYNTHETIC
BLST_2026_0184,2026,2026-03-01 08:12:06.990291262,274,3750,0.4783740901443248,172.64620895992573,63.7168773773656,1.595665669337333,361.06030364891245,2354.7835688506175,HIGH,CR01,2815.1326529850317,1.195495284672431,2955.889285634283,SYNTHETIC
BLST_2026_0185,2026,2026-03-01 15:59:04.077669903,112,3675,0.3061899170791666,45.95290881778712,68.69737326673807,3.8533069373219466,360.4097771524633,3236.4597199371665,HIGH,CR01,2905.786891051095,0.8978288446325879,3433.3802334321244,SYNTHETIC
BLST_2026_0186,2026,2026-03-01 23:46:01.165048544,108,3675,0.45245576285434086,132.27302711411195,57.45282047048977,2.4021274666756414,370.93356428955343,2960.621461529484,HIGH,CR02,2866.3162847928493,0.9681468306698298,3244.5624514216097,SYNTHETIC
BLST_2026_0187,2026,2026-03-02 07:32:58.252427185,105,4245,0.5358933471490684,223.78380357775052,34.71035205594664,3.8985553934384827,325.7662973610201,3055.4355723203657,HIGH,CR01,3514.25407974595,1.1501646808010249,4495.247608970206,SYNTHETIC
BLST_2026_0188,2026,2026-03-02 15:19:55.339805825,98,3975,0.5743993501192632,93.71157933615038,68.0487005029572,3.8527370241568155,328.81850856306875,2163.1057385528547,HIGH,CR01,2459.0182125696965,1.1367998192334374,2896.1648637798344,SYNTHETIC
BLST_2026_0189,2026,2026-03-02 23:06:52.427184466,153,3735,0.334556366266466,141.81223883709572,59.79313429569289,3.079377851730302,388.4978430864795,2737.905352110024,LOW,CR02,2909.5413412988746,1.06268879567242,3791.3818914283206,SYNTHETIC
BLST_2026_0190,2026,2026-03-03 06:53:49.514563107,89,3660,0.5274771843211552,142.089560874617,56.856556143920045,1.138958663311298,374.8569046814521,3069.496454141587,MEDIUM,CR02,3007.774598586075,0.9798918628909858,3369.102365829475,SYNTHETIC
BLST_2026_0191,2026,2026-03-03 14:40:46.601941748,119,4140,0.5823123413251812,177.05753595446276,48.069739492868706,3.8225792347519008,357.54303314805765,2284.7019632898105,HIGH,CR01,2875.3307187920027,1.258514574326241,3374.3816113403577,SYNTHETIC
BLST_2026_0192,2026,2026-03-03 22:27:43.689320388,42,3930,0.3784381453933587,218.47176831878124,66.7007551331917,0.7971472625974654,365.02084200900873,2768.829243660805,HIGH,CR02,3053.308841904111,1.1027436411597493,3494.7723863771503,SYNTHETIC
BLST_2026_0193,2026,2026-03-04 06:14:40.776699029,88,4260,0.5242430205274851,137.40547542153925,77.96914774241888,1.95759869806296,377.75675880694376,2398.303413274658,MEDIUM,CR01,2576.2056599672437,1.0741783736402548,3325.7233226102917,SYNTHETIC
BLST_2026_0194,2026,2026-03-04 14:01:37.864077670,90,3675,0.42303572891768115,194.82794133384587,55.93644238621939,0.9899563003172496,346.8743234071555,2446.9926234840273,HIGH,CR01,2800.1667454169874,1.1443298678318494,3428.0351670032624,SYNTHETIC
BLST_2026_0195,2026,2026-03-04 21:48:34.951456311,96,3780,0.5878617132249855,110.8710929699227,61.306710348979855,4.853503274237379,338.01701756536653,2418.0294823143618,HIGH,CR01,2503.1574857206765,1.0352055274879595,2749.190885940928,SYNTHETIC
BLST_2026_0196,2026,2026-03-05 05:35:32.038834952,769,4140,0.3652604939680586,169.01749229113844,54.65296637802051,2.441590552482488,328.27765086491854,2097.9675352625723,HIGH,CR02,2999.428019024254,1.429682761343997,3874.989900844647,SYNTHETIC
BLST_2026_0197,2026,2026-03-05 13:22:29.126213592,132,3660,0.4911916545934652,126.95183354815059,67.82981775340635,2.9043701572907445,388.608759714023,2343.244066059927,HIGH,CR01,2449.0900759565834,1.0451707150056428,2955.672956238682,SYNTHETIC
BLST_2026_0198,2026,2026-03-05 21:09:26.213592233,52,3765,0.6702669817231093,113.66858660451774,68.4215220923735,5.036971993421437,358.22579714440536,2681.769338635219,HIGH,CR01,2885.345425509548,1.0759111098562755,3363.992031560451,SYNTHETIC
BLST_2026_0199,2026,2026-03-06 04:56:23.300970874,141,4245,0.3229291078065748,149.384784468606,71.22733080906411,4.866828488241964,339.7735523113737,2346.9609436894652,HIGH,CR01,2731.1763711178173,1.1637076358093792,2894.8825256558835,SYNTHETIC
BLST_2026_0200,2026,2026-03-06 12:43:20.388349515,89,3720,0.5513386842473736,143.09471896969285,48.172793725432385,4.443532780443677,355.38903219363397,2522.8953997670264,HIGH,CR02,2630.620853299565,1.0426991358985738,3031.9794608188763,SYNTHETIC
BLST_2026_0201,2026,2026-03-06 20:30:17.475728155,48,3945,0.606534489722368,90.59180454418873,48.14360430558974,3.1595684470175245,366.906671000145,2784.394060397123,HIGH,CR01,2765.0706370349108,0.9930600974779208,3441.4993412963977,SYNTHETIC
BLST_2026_0202,2026,2026-03-07 04:17:14.563106796,56,3885,0.4774571336635445,208.7096102640973,40.38059712873787,2.232571351890647,359.87022377337695,2732.176323585731,HIGH,CR02,2840.835483416891,1.0397701857281871,3338.9040573264747,SYNTHETIC
BLST_2026_0203,2026,2026-03-07 12:04:11.650485437,90,3720,0.6005863024410834,191.80357580221565,37.14781382007928,5.04051133673225,355.26149134397735,3277.9694609411736,MEDIUM,CR01,3476.273761052916,1.0604960791961757,4309.8600864092905,SYNTHETIC
BLST_2026_0204,2026,2026-03-07 19:51:08.737864078,45,4200,0.49305274326631393,122.69760899795801,72.27421334873786,5.0021180848130635,372.97024427240547,1806.411927675465,HIGH,CR02,2061.1849981666883,1.1410381910061187,2491.5540620670927,SYNTHETIC
BLST_2026_0205,2026,2026-03-08 03:38:05.825242719,203,3825,0.48699883039639025,102.40118038882025,67.37320885774763,2.673220355622034,330.9440655878603,2853.2976517084803,HIGH,CR01,3013.80715059278,1.056254032518546,3754.080977958099,SYNTHETIC
BLST_2026_0206,2026,2026-03-08 11:25:02.912621359,167,3630,0.6066828928678898,91.95242157310076,45.3210176852159,1.9212701327657256,376.8041619396054,2066.969061187242,HIGH,CR01,2489.553473789957,1.204446414093875,2694.2540917080837,SYNTHETIC
BLST_2026_0207,2026,2026-03-08 19:12:00.000000000,203,3750,0.24732726066560867,151.36357089304403,58.22635761273968,3.2186478165201615,321.45522131728757,1853.110862036777,HIGH,CR01,2060.217602311574,1.1117616568536883,2272.692126686217,SYNTHETIC
BLST_2026_0208,2026,2026-03-09 02:58:57.087378641,40,4080,0.5331481953859988,103.57716487599825,57.80891084454927,1.6165479427134224,309.6603487909309,2979.413518766228,MEDIUM,CR01,2995.2731428314014,1.005323069109165,3451.01370940471,SYNTHETIC
BLST_2026_0209,2026,2026-03-09 10:45:54.174757282,181,4185,0.4082050743561625,100.84725452267107,56.69990362884102,3.100548842348094,370.0069522893582,2452.1834596054587,HIGH,CR01,2556.911952010485,1.0427082614862253,3036.1791665360165,SYNTHETIC
BLST_2026_0210,2026,2026-03-09 18:32:51.262135922,365,3885,0.40116538190995604,148.65119533032436,43.35726133079778,2.0209520209458827,338.6560534799389,2505.1741321664827,HIGH,CR01,2809.468731111332,1.1214664461993684,3499.7573994466293,SYNTHETIC
BLST_2026_0211,2026,2026-03-10 02:19:48.349514563,114,3810,0.5391485054582117,45.0,40.75895038289383,3.913921542074146,316.795387706106,1979.8316866580246,LOW,CR01,2470.4965871798368,1.2478316231770485,3056.062702523635,SYNTHETIC
BLST_2026_0212,2026,2026-03-10 10:06:45.436893204,134,3600,0.5320256363384004,175.51136828767912,63.91398456740531,2.7952584952868262,323.3518655889863,3117.7906365610124,HIGH,CR01,3397.9774259311635,1.0898670956556604,3912.1719743131625,SYNTHETIC
BLST_2026_0213,2026,2026-03-10 17:53:42.524271845,106,3720,0.4404662229026999,196.45647532630372,47.58242262542218,4.071165885611731,326.29797627877883,2467.184988967054,HIGH,CR01,2689.7905673288865,1.0902265453775446,2934.402686848653,SYNTHETIC
BLST_2026_0214,2026,2026-03-11 01:40:39.611650486,114,3705,0.5538280327716454,84.53247970430773,78.32361449166933,5.045792437877366,349.7753602255314,2717.4718597714814,HIGH,CR02,2598.7298632992574,0.9563042406326117,3290.8500077998974,SYNTHETIC
BLST_2026_0215,2026,2026-03-11 09:27:36.699029126,94,3630,0.40478000580824874,79.67451350831759,59.89700893824639,2.8465898040778432,346.6869168874912,2467.2461682249636,HIGH,CR02,2543.469341286778,1.0308940283476669,2839.246417322764,SYNTHETIC
BLST_2026_0216,2026,2026-03-11 17:14:33.786407767,90,3900,0.3782599892981332,164.0401729776723,62.86364363262259,3.163149364814395,358.89727394831004,2912.2615133916975,HIGH,CR02,2735.424105047953,0.9392783211498769,3241.8016509936156,SYNTHETIC
BLST_2026_0217,2026,2026-03-12 01:01:30.873786408,50,4080,0.44978455085331254,205.5395753797348,62.82808084357272,2.8841447842057364,325.13646450008747,2972.137821059861,HIGH,CR02,2974.7369929174215,1.000874512561007,3526.611858566013,SYNTHETIC
BLST_2026_0218,2026,2026-03-12 08:48:27.961165049,148,4200,0.3823817978629547,106.63828932759496,68.0827180046772,2.1999863917895826,351.9007145326679,1972.5683585011195,HIGH,CR02,1987.7665963492989,1.0077047965322368,2345.7463437679808,SYNTHETIC
BLST_2026_0219,2026,2026-03-12 16:35:25.048543689,78,4230,0.38125535522519594,134.1064967235911,57.69252575303581,4.665537098967022,336.084592348261,2615.5987480979757,HIGH,CR01,2740.2796890211525,1.0476682216696438,3436.453653604844,SYNTHETIC
BLST_2026_0220,2026,2026-03-13 00:22:22.135922330,168,4095,0.3064231851510836,204.96475497805784,63.296090219268784,3.8654797318491187,318.31705019164787,2475.6972025157,HIGH,CR02,3002.308919934583,1.2127124903981643,3275.047126665288,SYNTHETIC
BLST_2026_0221,2026,2026-03-13 08:09:19.223300971,33,3885,0.3835973926909702,123.89475267306841,51.47079982339117,3.6588260491057194,350.67312384140814,2119.9951918922893,HIGH,CR01,2414.750705143406,1.1390359347881447,2914.874758181902,SYNTHETIC
BLST_2026_0222,2026,2026-03-13 15:56:16.310679612,107,3660,0.4619128722444804,131.10486049630677,65.00714990298698,1.9389091323710281,328.4864540244241,2490.513854678474,HIGH,CR01,2606.7109246307214,1.0466558616945532,2970.1980446985667,SYNTHETIC
BLST_2026_0223,2026,2026-03-13 23:43:13.398058253,31,4155,0.46474787925089595,53.200336893065185,34.56777564422827,4.1644551667899385,335.532667797202,2513.3100524073498,HIGH,CR02,2291.4569287128293,0.9117287087273531,2596.2135588924602,SYNTHETIC
BLST_2026_0224,2026,2026-03-14 07:30:10.485436893,195,3720,0.2647290508885397,164.87427285203086,60.544241364368375,3.7596811827453047,338.1198306348929,3350.779883704356,HIGH,CR01,3630.3807878322327,1.0834435307098633,4167.272376926945,SYNTHETIC
BLST_2026_0225,2026,2026-03-14 15:17:07.572815534,156,4260,0.252683160422739,160.99847784888607,62.21724474523246,2.851759520867863,356.98367203553164,2888.5218019725276,HIGH,CR01,3008.457847073306,1.04152159939346,3725.1449038983806,SYNTHETIC
BLST_2026_0226,2026,2026-03-14 23:04:04.660194175,107,3690,0.5180873753691766,216.6722795488867,45.15710401329844,3.070592965617228,339.70093810436373,2186.28420064545,HIGH,CR01,2670.420496844378,1.2214425261162285,3122.0748219299703,SYNTHETIC
BLST_2026_0227,2026,2026-03-15 06:51:01.747572816,288,4170,0.4631295888577169,119.73060071914563,28.28054223791692,2.2356364891538787,342.46293798239356,3495.4515600950313,HIGH,CR01,3426.0001962097767,0.9801309322440256,3696.881441965238,SYNTHETIC
BLST_2026_0228,2026,2026-03-15 14:37:58.834951456,114,3990,0.5921302786769693,153.6475000116474,37.66137544146716,2.75865417946092,356.85666282971533,2011.077405613159,HIGH,CR01,2432.2056859870004,1.209404311936687,2832.2756774640857,SYNTHETIC
BLST_2026_0229,2026,2026-03-15 22:24:55.922330097,443,3960,0.398801934076686,192.72119365228406,59.67557794891924,3.8143075147662433,372.6513851572994,2855.3810876556877,MEDIUM,CR02,3371.675240511646,1.1808144471811444,3881.136227719278,SYNTHETIC
BLST_2026_0230,2026,2026-03-16 06:11:53.009708738,110,3915,0.4602393179034876,137.74848955440478,76.0925456232633,0.4751164871875977,337.3199294519987,1986.8700196598797,MEDIUM,CR01,2448.310015124255,1.232244681785156,2896.9101456673975,SYNTHETIC
BLST_2026_0231,2026,2026-03-16 13:58:50.097087379,34,3930,0.5070186952884248,156.25567423483773,53.32652805010625,3.65262067840594,326.93418479217695,3089.335217965033,HIGH,CR02,2943.0202987141897,0.9526387041457994,3350.7560468108645,SYNTHETIC
BLST_2026_0232,2026,2026-03-16 21:45:47.184466020,33,3945,0.463102658153684,207.73691575085252,53.26809711558459,4.572510210283178,327.34570754870316,2287.1975346480717,HIGH,CR01,2736.820448043317,1.1965824580448527,3195.3298272018606,SYNTHETIC
BLST_2026_0233,2026,2026-03-17 05:32:44.271844660,238,4110,0.6658261217306239,82.11550442368807,52.00510757894003,1.7486479983924168,341.19375211820596,3152.0892569998095,HIGH,CR02,2936.271418573645,0.9315318124488701,3179.0668870088666,SYNTHETIC
BLST_2026_0234,2026,2026-03-17 13:19:41.359223301,409,4095,0.4014952243648197,161.01402980817403,58.59471657350196,2.1967968826813,351.06162051235054,2063.47232007024,HIGH,CR02,2437.4633668590777,1.1812435491143913,2842.8001055134305,SYNTHETIC
BLST_2026_0235,2026,2026-03-17 21:06:38.446601942,56,4080,0.2875773168959076,108.60643834481165,72.48342404298376,2.8246659950992035,313.5553057107858,3255.6280924915045,MEDIUM,CR01,2988.781852809189,0.9180354045052792,3488.719341692125,SYNTHETIC
BLST_2026_0236,2026,2026-03-18 04:53:35.533980583,35,3855,0.47047407577514544,187.00571972010474,57.631053714452854,1.337267301717664,322.21128487875245,1801.4092391256468,HIGH,CR01,2274.5205705764815,1.2626340096270794,2594.8141255872547,SYNTHETIC
BLST_2026_0237,2026,2026-03-18 12:40:32.621359223,58,4290,0.4938177951480109,199.1392443426248,51.216816232296544,3.5293100544827376,359.4097890426648,2968.3877484926875,HIGH,CR02,2972.0885796357434,1.0012467478835725,3583.372808549888,SYNTHETIC
BLST_2026_0238,2026,2026-03-18 20:27:29.708737864,80,4275,0.2638380466545516,110.24673204547753,73.85662442337579,3.8409925853301337,336.3266906282999,2369.4218369030295,HIGH,CR02,2283.571657771743,0.9637674567718606,3059.2794320219855,SYNTHETIC
BLST_2026_0239,2026,2026-03-19 04:14:26.796116505,170,4050,0.6558820421771325,218.01961392675625,46.18953341727877,3.5196383453563405,359.19049472949166,3004.7313909945906,HIGH,CR02,3399.151092287712,1.1312662098433248,4014.39893323346,SYNTHETIC
BLST_2026_0240,2026,2026-03-19 12:01:23.883495146,226,3960,0.49851926191276885,181.88170904521735,56.55103998418815,3.098517477956521,313.8453191338708,2412.4583718566446,LOW,CR01,3041.3217722247323,1.260673264958396,3653.9463556571145,SYNTHETIC
BLST_2026_0241,2026,2026-03-19 19:48:20.970873787,131,3975,0.44255709174712526,195.2275336057614,39.45903594982637,2.5886312119438015,353.9157939140324,2718.9836915767,HIGH,CR02,2854.339660731999,1.0497818245746109,3541.631663729686,SYNTHETIC
BLST_2026_0242,2026,2026-03-20 03:35:18.058252427,331,4110,0.5380898468553479,126.99061604954215,64.87268980930267,2.8063148336801556,345.5734849275028,2374.003222583534,LOW,CR01,3026.358911339352,1.2747914082635006,3397.6060854817015,SYNTHETIC
BLST_2026_0243,2026,2026-03-20 11:22:15.145631068,215,4155,0.5694951485767232,181.00069332351956,46.61605012712463,4.246210642942188,331.05314522515283,2412.7988614262736,HIGH,CR01,2725.791170367352,1.1297216746679248,3107.04868073522,SYNTHETIC
BLST_2026_0244,2026,2026-03-20 19:09:12.233009709,26,3705,0.6246440468642873,148.2510565375046,37.52142798776525,2.8157364710894064,391.2577667953566,2827.929962672254,MEDIUM,CR02,2724.0326820621826,0.963260306308331,3508.8647030691172,SYNTHETIC
BLST_2026_0245,2026,2026-03-21 02:56:09.320388350,39,4200,0.38038268555136984,196.9446337897239,40.84826560507441,2.061382604453697,339.5605061812998,3164.9157556885093,LOW,CR01,3350.9306506080115,1.0587740430642318,3981.400816520714,SYNTHETIC
BLST_2026_0246,2026,2026-03-21 10:43:06.407766990,154,3840,0.29886895368638366,165.57720923659124,49.208406070559036,3.4261543417817637,303.76325585723623,3062.306792831576,HIGH,CR01,3158.134294125353,1.0312925868557963,3652.450727105837,SYNTHETIC
BLST_2026_0247,2026,2026-03-21 18:30:03.495145631,16,3750,0.40304292812184417,175.6862655156487,61.78525613241052,3.1942114593256923,327.7343421737715,3040.108512643954,MEDIUM,CR01,3010.50416301331,0.990262074689927,3862.6898219972513,SYNTHETIC
BLST_2026_0248,2026,2026-03-22 02:17:00.582524272,53,4185,0.4360780299454494,51.975869640124415,51.03904023564395,1.998257902303383,321.5113520412207,2529.807494765737,LOW,CR01,2356.827088280651,0.9316230950999281,2802.2134801852776,SYNTHETIC
BLST_2026_0249,2026,2026-03-22 10:03:57.669902913,89,3690,0.4717970296988696,145.58415898011154,57.73591518415352,3.611811285954425,372.5375915709378,2493.4217853010487,HIGH,CR01,2982.5366837671645,1.196162117997642,3512.0645451522805,SYNTHETIC
BLST_2026_0250,2026,2026-03-22 17:50:54.757281554,40,3915,0.503345363514542,101.93778036812009,48.72826371917868,3.072360665997272,362.9832640533342,2549.084529057026,HIGH,CR02,2373.4857834819545,0.9311130158402279,2870.339425517012,SYNTHETIC
BLST_2026_0251,2026,2026-03-23 01:37:51.844660194,227,4035,0.4820671800405618,139.7826103150182,45.61060558572497,1.7418164382408587,359.9570334693817,2602.456122550912,HIGH,CR02,2632.6781491337183,1.0116128861197409,3186.0241968657624,SYNTHETIC
BLST_2026_0252,2026,2026-03-23 09:24:48.932038835,78,4140,0.296413105269765,139.64421903321005,69.2590841624869,3.9740233329609,350.9830095562407,2575.462746679208,HIGH,CR02,2224.0360004829768,0.8635481151302384,2650.6698117243395,SYNTHETIC
BLST_2026_0253,2026,2026-03-23 17:11:46.019417476,439,3915,0.3968938614396168,106.08182276823737,83.4328141711145,4.587152639176182,344.77952369061256,2503.4676009387713,HIGH,CR02,2587.799881276253,1.033686188032095,3157.06908367789,SYNTHETIC
BLST_2026_0254,2026,2026-03-24 00:58:43.106796117,183,4230,0.45021694567335596,152.048924308344,44.16210103077029,4.698820081270131,351.86450759848896,2980.8956079437944,HIGH,CR02,2990.927473009622,1.0033653862413343,3290.889777869109,SYNTHETIC
BLST_2026_0255,2026,2026-03-24 08:45:40.194174757,160,4005,0.34525022509776115,197.76449777054557,69.29483141830625,5.3181249927086345,328.8099317527134,3288.8325442329824,HIGH,CR02,3267.8873567801356,0.9936314217366967,3656.1138826483025,SYNTHETIC
BLST_2026_0256,2026,2026-03-24 16:32:37.281553398,247,3990,0.2595438855066534,151.03605063813472,68.93721064628666,3.2534482494032506,357.7093617769481,2552.3756620485506,MEDIUM,CR01,2973.061594452211,1.1648213226050024,3418.106856499951,SYNTHETIC
BLST_2026_0257,2026,2026-03-25 00:19:34.368932039,161,3735,0.3675843188307756,144.64704100515775,54.897840998563524,3.7720281155893725,320.7023043088799,2237.2725279136685,HIGH,CR02,2443.7233394239,1.0922779004052554,3020.376803752769,SYNTHETIC
BLST_2026_0258,2026,2026-03-25 08:06:31.456310680,208,3855,0.48402164210887916,166.8166763899432,53.451056330452346,2.889666037648174,395.33219057828353,2464.891842869494,HIGH,CR02,2771.956045286944,1.1245751221522087,2910.5538475512913,SYNTHETIC
BLST_2026_0259,2026,2026-03-25 15:53:28.543689321,127,4230,0.406658960748424,158.54591770281345,57.43871161059221,2.0720733308968358,333.33009092935157,2932.3989505766544,HIGH,CR01,3249.3923641744605,1.108100370700061,3668.5650751263415,SYNTHETIC
BLST_2026_0260,2026,2026-03-25 23:40:25.631067961,88,4185,0.3984505123719077,123.51280310956379,44.758770288962644,1.9970981695140664,367.4895505241403,2269.2667666169136,HIGH,CR02,2492.704786435842,1.0984626501854764,2984.031331241127,SYNTHETIC
BLST_2026_0261,2026,2026-03-26 07:27:22.718446602,89,3855,0.5929232524856299,131.55616400752925,60.462415126935895,3.4678808245770667,330.02309300389504,1978.2706759617406,HIGH,CR01,2273.4039219427245,1.149187494697865,2540.397986556655,SYNTHETIC
BLST_2026_0262,2026,2026-03-26 15:14:19.805825243,764,3900,0.5315184552358199,144.6878885629044,76.8180780486287,1.9757217095125703,375.44270676294155,2349.8488130826545,HIGH,CR01,3125.4949016719174,1.330083401226026,3765.1595557927826,SYNTHETIC
BLST_2026_0263,2026,2026-03-26 23:01:16.893203884,154,3600,0.46758183071507087,182.82317684863045,53.132047425569226,3.2343811205103745,367.11978450882305,2264.893115327171,HIGH,CR02,2548.1901639600574,1.1250818622370016,2779.9097882081783,SYNTHETIC
BLST_2026_0264,2026,2026-03-27 06:48:13.980582524,128,3705,0.4602763511994847,156.84167672645725,54.10419211290794,3.262671271693648,335.36321074682564,3172.205608034032,HIGH,CR02,3190.9733069010163,1.0059162933258337,3635.1549483768304,SYNTHETIC
BLST_2026_0265,2026,2026-03-27 14:35:11.067961165,77,3990,0.51677610667014,188.59823137135126,64.52204543214675,2.266778430881282,330.55758152346726,2502.3086994462483,HIGH,CR02,2528.237437391642,1.0103619261488925,2837.1584423608547,SYNTHETIC
BLST_2026_0266,2026,2026-03-27 22:22:08.155339806,201,4215,0.5144764356258972,212.3831709649393,87.7663064566828,3.7406874849528786,346.90084729475893,3201.891049837648,HIGH,CR01,3590.044445842899,1.1212262971986298,4405.699707036146,SYNTHETIC
BLST_2026_0267,2026,2026-03-28 06:09:05.242718447,128,3720,0.3300419089635873,122.65367532196669,53.78150187840152,5.163471976799373,393.37393190871285,2714.482089297874,HIGH,CR01,2834.1812827172466,1.04409651251386,3227.8551135550238,SYNTHETIC
BLST_2026_0268,2026,2026-03-28 13:56:02.330097088,127,4230,0.42785895119797546,158.07842332811222,53.724027446152796,2.0804388412813677,323.7077044406179,2320.296113087399,MEDIUM,CR02,2278.4464270034046,0.9819636442745624,2513.301330981154,SYNTHETIC
BLST_2026_0269,2026,2026-03-28 21:42:59.417475728,47,4125,0.5675845941281312,180.02599620157181,58.146392577225456,3.807538560783609,358.1563883389661,2720.3620815800055,HIGH,CR01,2998.3914361719494,1.1022030693908447,3664.75631159203,SYNTHETIC
BLST_2026_0270,2026,2026-03-29 05:29:56.504854369,70,4110,0.4220882430979438,156.79512053460098,34.061523025435065,3.0441504448247474,343.2210308180765,2158.541037619165,HIGH,CR01,2357.3582178354404,1.0921072042417908,3044.762500220439,SYNTHETIC
BLST_2026_0271,2026,2026-03-29 13:16:53.592233010,68,3720,0.3494193659656113,182.18307685306434,70.9330886021104,3.6429409908732158,394.7457400372413,2212.754459399582,MEDIUM,CR02,2458.811486631961,1.1111994266635192,2868.894402022969,SYNTHETIC
BLST_2026_0272,2026,2026-03-29 21:03:50.679611651,135,4035,0.41504605527975236,104.86390755109352,58.706244496356774,2.2024966858801274,357.7488797459644,2552.6994444869647,HIGH,CR02,2626.6139700484528,1.028955436066365,2959.3643860922443,SYNTHETIC
BLST_2026_0273,2026,2026-03-30 04:50:47.766990291,46,4230,0.36938328469772125,120.43973615996812,59.67861498324205,3.967356642207112,362.19624561156246,2023.072416940868,LOW,CR01,2309.675033525698,1.1416670081529796,2890.9311637093315,SYNTHETIC
BLST_2026_0274,2026,2026-03-30 12:37:44.854368932,195,4050,0.4638423567976526,239.21863029655907,50.06326280441207,1.2210732584877844,366.6217406955177,1755.3032383450118,HIGH,CR01,2670.9859779905864,1.5216664104767028,3184.7213749127473,SYNTHETIC
BLST_2026_0275,2026,2026-03-30 20:24:41.941747573,35,3765,0.47495779558746576,157.16448340139317,61.789984303119574,2.8166783607607506,361.2311565905365,3081.1448431633926,HIGH,CR01,3241.0016145245772,1.0518822643849033,4013.68536626894,SYNTHETIC
BLST_2026_0276,2026,2026-03-31 04:11:39.029126214,277,3765,0.38060298153737115,162.18162523085212,71.35194464403534,4.308474318661404,369.6423350066228,1954.8226544447543,HIGH,CR01,2377.887607766673,1.2164211430433243,2496.781988155007,SYNTHETIC
BLST_2026_0277,2026,2026-03-31 11:58:36.116504855,31,4095,0.4169479341051923,146.37184374783044,66.45248155700276,4.527379577738351,341.42102175618044,2775.3623825711165,HIGH,CR01,2707.8495829640974,0.9756742398646786,3285.700221152124,SYNTHETIC
BLST_2026_0278,2026,2026-03-31 19:45:33.203883495,38,4125,0.5423460964438129,132.56215038965982,49.56630572589765,2.2652228074409093,351.8669319414663,2415.377208038022,LOW,CR02,2576.7368332480273,1.0668051452473029,2965.7530458144774,SYNTHETIC
BLST_2026_0279,2026,2026-04-01 03:32:30.291262136,64,4140,0.45361101562217104,138.62630661958806,64.39465429254197,1.9784654794159549,318.17506514714137,3118.187005012029,HIGH,CR01,3204.677136660196,1.0277373138651231,3624.253876362075,SYNTHETIC
BLST_2026_0280,2026,2026-04-01 11:19:27.378640777,72,3900,0.23427816202256918,127.94689376544426,54.69786717840653,2.0433125083878694,329.1457547657913,2327.8350952791507,MEDIUM,CR02,2429.554942272757,1.0436971876572763,2989.644227170549,SYNTHETIC
BLST_2026_0281,2026,2026-04-01 19:06:24.466019418,157,3630,0.5720425043778281,171.93521104235484,57.8724818085027,2.889868566871435,359.01095934006327,1883.989489585506,HIGH,CR01,2488.1432689552607,1.3206778926896636,2833.0666681400776,SYNTHETIC
BLST_2026_0282,2026,2026-04-02 02:53:21.553398058,60,4140,0.4596951246178967,145.16633006651946,42.68683429543554,3.1454972454013177,348.62396459695447,2180.307855080949,HIGH,CR01,2559.475890693191,1.1739057329581397,3005.263926650675,SYNTHETIC
BLST_2026_0283,2026,2026-04-02 10:40:18.640776699,41,3945,0.4913905698467481,130.44871736254004,45.447223458027956,3.4722766967667016,359.7701113610653,3128.064654472027,HIGH,CR02,2798.6368929401356,0.89468639624794,3204.2320271927133,SYNTHETIC
BLST_2026_0284,2026,2026-04-02 18:27:15.728155340,56,3690,0.3932916017573871,116.28033942028893,32.8601443956785,3.3731233374361165,315.4582121831336,2794.3733303221684,HIGH,CR01,2997.004177350187,1.0725138780954,3552.4408210175543,SYNTHETIC
BLST_2026_0285,2026,2026-04-03 02:14:12.815533981,247,3615,0.5247788950117711,129.90373790955823,51.66102387760485,4.497150466051746,320.2274210684345,2542.763488186687,HIGH,CR02,2838.1949606663534,1.1161851953011745,3054.23144258301,SYNTHETIC
BLST_2026_0286,2026,2026-04-03 10:01:09.902912622,85,4020,0.5688616945055597,171.7310095233779,59.90857012754864,2.632407043745898,352.2693625991811,2880.3249218549126,MEDIUM,CR01,2769.3214841373483,0.9614614875997813,3467.2460284962617,SYNTHETIC
BLST_2026_0287,2026,2026-04-03 17:48:06.990291262,54,4260,0.35111267982559335,148.9884045059411,39.45707661018548,1.9351864249672706,349.0861397211561,3006.236135647278,HIGH,CR01,2936.5425846941066,0.9768170071117299,3083.369713928812,SYNTHETIC
BLST_2026_0288,2026,2026-04-04 01:35:04.077669903,136,3960,0.40746343916504574,204.92123782395402,61.01117326546532,2.773224545261215,334.98298053766644,2059.8639532179286,LOW,CR02,2801.7559105658256,1.3601655129645382,3167.911852683278,SYNTHETIC
BLST_2026_0289,2026,2026-04-04 09:22:01.165048544,289,4200,0.3329974368501216,148.8063387099172,66.16585004343368,4.2255282752018815,375.6043597220025,2620.9877048810527,HIGH,CR01,2887.6091878036805,1.101725575601175,3567.206307222373,SYNTHETIC
BLST_2026_0290,2026,2026-04-04 17:08:58.252427185,61,3600,0.5744702958779735,186.0100046199348,47.1850464845357,3.288157159237735,333.937000483005,1557.83621657896,MEDIUM,CR02,1942.7572142631334,1.2470869489280894,2170.040852444782,SYNTHETIC
BLST_2026_0291,2026,2026-04-05 00:55:55.339805825,15,4035,0.4381403260340157,174.4455158401513,47.34558209803022,2.0671971543073315,345.09908997554163,2616.4316161991896,HIGH,CR01,2806.754284430273,1.0727413118893432,3153.2515188515526,SYNTHETIC
BLST_2026_0292,2026,2026-04-05 08:42:52.427184466,13,4155,0.3185499996078073,142.13252600566423,57.56504362275276,4.6223237824821695,302.1734846957429,2498.6865631604487,HIGH,CR01,2280.6670191388685,0.9127463415235965,2930.1577449796914,SYNTHETIC
BLST_2026_0293,2026,2026-04-05 16:29:49.514563107,223,4260,0.5314320944425265,143.01035136985095,63.47062623589947,2.692831524139154,353.7813106133464,2830.2059655138173,MEDIUM,CR01,3258.332085978359,1.1512703052997828,3877.5450487264825,SYNTHETIC
BLST_2026_0294,2026,2026-04-06 00:16:46.601941748,86,4065,0.44478970357066633,169.12001869984272,64.35752854745274,3.026348174416419,328.67567764251817,2117.564134439982,LOW,CR01,2416.9354980420517,1.1413753466698389,2754.9212892054784,SYNTHETIC
BLST_2026_0295,2026,2026-04-06 08:03:43.689320389,127,3735,0.4964438411836516,106.93837833535245,57.93993455724677,2.8275687586493783,351.9248331873315,3200.97614435772,MEDIUM,CR02,2977.170270146454,0.9300819924554069,3796.928376281163,SYNTHETIC
BLST_2026_0296,2026,2026-04-06 15:50:40.776699029,129,3885,0.42021104716339813,165.81444167539956,64.62523513627673,3.726172663120031,377.3654786878084,2216.6689476924275,HIGH,CR02,2527.2074882354955,1.1400924305211841,2848.6519639286475,SYNTHETIC
BLST_2026_0297,2026,2026-04-06 23:37:37.864077670,69,3915,0.4588315330444394,122.00298030976828,66.2821571375046,4.28528574115443,371.09252742054025,2353.7778546107947,HIGH,CR01,2699.99961383796,1.1470919435107076,3344.2501618745823,SYNTHETIC
BLST_2026_0298,2026,2026-04-07 07:24:34.951456311,86,3885,0.5095152903874149,130.21808208657106,69.92346771744519,2.6878686346380185,376.21753643964155,3153.2435136769604,MEDIUM,CR01,3416.8769364319323,1.083607060987038,4131.987023162254,SYNTHETIC
BLST_2026_0299,2026,2026-04-07 15:11:32.038834952,103,4215,0.4552474849057289,66.95994116871609,60.71350562981831,2.5633216859408354,350.6058578126991,2481.9569570368153,HIGH,CR02,2412.565029721267,0.9720414461182297,2893.621329738025,SYNTHETIC
BLST_2026_0300,2026,2026-04-07 22:58:29.126213592,81,3735,0.49755862016210517,157.0547816092394,60.246509406826334,3.529115700666136,355.6552545150605,2472.963714431707,LOW,CR01,2626.354379239576,1.0620270584290066,3365.876379648872,SYNTHETIC
BLST_2026_0301,2026,2026-04-08 06:45:26.213592233,163,4050,0.5018422557394047,160.69120461402642,55.03844612693412,4.383497867914546,319.31980324970317,2941.2879005487307,HIGH,CR01,3263.8440714030626,1.1096649433039707,4194.742671895652,SYNTHETIC
BLST_2026_0302,2026,2026-04-08 14:32:23.300970874,33,3825,0.3560275463319255,170.0155680709169,51.99962057139249,3.5861100149905374,396.9099760088458,3337.068323996203,HIGH,CR01,3396.3001689923276,1.0177496650488693,3907.431635709091,SYNTHETIC
BLST_2026_0303,2026,2026-04-08 22:19:20.388349515,759,3825,0.4513072700444952,158.48838397878464,55.29399249125227,3.8231471373117873,359.4777052248404,1620.4335759171595,HIGH,CR01,2686.3231483170402,1.6577804781640564,3104.3289582395346,SYNTHETIC
BLST_2026_0304,2026,2026-04-09 06:06:17.475728156,164,4080,0.4678475826673812,197.93352664277006,71.3782251332726,3.354983379593058,367.83824464047586,2767.3831187048027,HIGH,CR02,2903.8801610389814,1.0493235076168501,3194.3621331784816,SYNTHETIC
BLST_2026_0305,2026,2026-04-09 13:53:14.563106796,80,3705,0.5073004694493112,158.65847663556926,57.26051542160931,4.483218235288923,348.57937449124677,2412.933442203195,HIGH,CR01,2684.4494103196844,1.1125252621425703,3573.3387345655715,SYNTHETIC
BLST_2026_0306,2026,2026-04-09 21:40:11.650485437,115,4095,0.4729673346632203,116.09644818987047,44.051962848965076,3.5231260205923163,338.5385641301203,1937.8385706444997,HIGH,CR01,2372.4507522442946,1.2242767731964632,2970.8000587395777,SYNTHETIC
BLST_2026_0307,2026,2026-04-10 05:27:08.737864078,71,3915,0.44697862486219553,100.81746015932987,61.24236412025021,3.112524793847123,325.9075733263553,2837.9590030889303,HIGH,CR01,2904.934462949393,1.0235998687040808,3178.249802047262,SYNTHETIC
BLST_2026_0308,2026,2026-04-10 13:14:05.825242719,85,3945,0.37954617638166754,230.78443340603076,88.70119712797917,1.2575373704368613,339.54677387512066,2542.5004592068976,HIGH,CR02,2869.130202450575,1.1284679190758398,3437.1675663231817,SYNTHETIC
BLST_2026_0309,2026,2026-04-10 21:01:02.912621359,58,3915,0.5554373959735736,129.25014652017254,88.11935188301115,3.5091359120591967,321.6351487661376,1768.883116718307,HIGH,CR02,1906.9631956565281,1.0780606008577842,2242.8975632150714,SYNTHETIC
BLST_2026_0310,2026,2026-04-11 04:48:00.000000000,177,3915,0.5371075035800603,189.71024412466397,63.18071509532069,4.020062502481361,345.44650393588864,2180.4982308902327,HIGH,CR02,2612.662623651593,1.1981952503510724,2773.9757378366385,SYNTHETIC
BLST_2026_0311,2026,2026-04-11 12:34:57.087378641,162,4170,0.340578954401665,180.6614933426805,65.94750952488528,2.2113248822807714,344.7127967152181,3522.637345504283,HIGH,CR01,3618.5709143888826,1.0272334502463143,4293.563472582137,SYNTHETIC
BLST_2026_0312,2026,2026-04-11 20:21:54.174757282,21,3600,0.5243388080887142,186.8419119517437,40.85565374839108,0.8943801078394342,351.4402532771025,2577.5993776533696,HIGH,CR02,2756.393303603951,1.069364513159277,3166.2874286389388,SYNTHETIC
BLST_2026_0313,2026,2026-04-12 04:08:51.262135923,155,4140,0.5077073236392541,153.56196312949336,50.300740590825995,3.1081879707551865,344.4854295977555,2439.2207889651004,HIGH,CR02,2684.5629170477255,1.1005821732876906,2984.564399315419,SYNTHETIC
BLST_2026_0314,2026,2026-04-12 11:55:48.349514563,90,3660,0.48589673070130773,133.0019619869953,58.178333687454064,4.9207602658435405,393.2848981791284,2537.858286422551,MEDIUM,CR01,2724.8056397324267,1.0736634327889927,3238.5889720235577,SYNTHETIC
BLST_2026_0315,2026,2026-04-12 19:42:45.436893204,65,3975,0.25743313751834884,145.20727195834777,48.58285056693603,4.435546460572401,353.13806036241925,2133.3737111522137,HIGH,CR01,2353.0376879256987,1.1029655402732261,2520.085306613908,SYNTHETIC
BLST_2026_0316,2026,2026-04-13 03:29:42.524271845,165,3825,0.5876731713058919,49.31173790394996,57.59154668979056,4.029428611436284,317.7968640482714,2945.7368336233208,HIGH,CR01,3022.2470829111044,1.025973212682979,3798.494960026089,SYNTHETIC
BLST_2026_0317,2026,2026-04-13 11:16:39.611650486,205,3765,0.25248862449941467,133.6348990093169,62.840964831350526,2.7849625996787912,348.199941732948,3015.161408528775,HIGH,CR02,2774.068630357678,0.9200398434759961,3346.4461724665393,SYNTHETIC
BLST_2026_0318,2026,2026-04-13 19:03:36.699029126,226,4050,0.40678978875663385,80.0212625780076,69.25356262159167,2.475498173884776,330.4448547282642,2223.018960071373,HIGH,CR02,2242.4132045527545,1.0087242820820381,2388.5240656449537,SYNTHETIC
BLST_2026_0319,2026,2026-04-14 02:50:33.786407767,118,4110,0.49006653991575067,215.61028460911808,48.858767984060286,2.5988633501008658,332.12292734605074,3381.334314967095,HIGH,CR01,3479.4324288193125,1.0290116577405544,3871.9397578140615,SYNTHETIC
BLST_2026_0320,2026,2026-04-14 10:37:30.873786408,139,4080,0.3983506569651186,130.89627060248242,32.268390792758424,1.83822500193616,354.3991878593104,2950.1202814858075,MEDIUM,CR02,2823.657744257421,0.9571330911413909,3253.0254439468395,SYNTHETIC
BLST_2026_0321,2026,2026-04-14 18:24:27.961165049,96,4200,0.33378381379747907,146.03477961813203,61.7963845527549,2.6296133063164313,393.94472271803244,2961.054161029114,HIGH,CR01,2816.4882717402875,0.951177559940821,3447.908600763618,SYNTHETIC
BLST_2026_0322,2026,2026-04-15 02:11:25.048543690,28,3795,0.4614881545407314,225.47426042109518,81.36633078502089,3.8787668669719335,346.2516975965696,2043.539741630364,MEDIUM,CR02,2415.574418909704,1.1820540455858841,2992.6606769309856,SYNTHETIC
BLST_2026_0323,2026,2026-04-15 09:58:22.135922330,83,3810,0.49265524967597346,137.2483320334266,48.303573393725976,3.6351330841179457,315.2665981318063,3191.7946084522255,LOW,CR01,3020.253060536822,0.9462554553287538,3449.2540446147823,SYNTHETIC
BLST_2026_0324,2026,2026-04-15 17:45:19.223300972,95,3690,0.6564192129289446,121.91257823830904,50.83637918204129,4.764665252232181,331.5819114362939,2674.933613723735,HIGH,CR02,2516.518510953699,0.9407779311018083,2850.032167127404,SYNTHETIC
BLST_2026_0325,2026,2026-04-16 01:32:16.310679612,47,4020,0.6093138006247488,109.77477809137503,59.74105018222161,6.285142306062278,334.6598735770632,2685.897839527394,HIGH,CR02,2561.2138638191204,0.9535782880966862,3174.5410016077985,SYNTHETIC
BLST_2026_0326,2026,2026-04-16 09:19:13.398058252,106,3600,0.39429016727559235,183.3675655676558,73.39217833767714,4.481635988188482,355.8038111974942,3699.063511928442,HIGH,CR02,3392.188977581644,0.9170399390664113,4145.456119965614,SYNTHETIC
BLST_2026_0327,2026,2026-04-16 17:06:10.485436894,161,4095,0.4656397594528659,124.71818603232882,55.793991732011456,2.1290820941311033,331.6605971512682,2343.5102019084256,MEDIUM,CR02,2556.0670386299134,1.0907001968877257,2971.1445676858607,SYNTHETIC
BLST_2026_0328,2026,2026-04-17 00:53:07.572815534,286,3630,0.4367603128208773,204.17614618422743,52.17078224092617,5.6747780224951505,352.71554774790945,1858.5020173910875,MEDIUM,CR02,2983.4310466173697,1.6052880323506056,3457.9811396607665,SYNTHETIC
BLST_2026_0329,2026,2026-04-17 08:40:04.660194174,115,4095,0.48410254461893126,204.29931908101298,32.88547105380606,5.533865687425939,344.64489523734585,2588.0661613880307,HIGH,CR01,2814.2685590449337,1.087402092354388,2954.9819869971807,SYNTHETIC
BLST_2026_0330,2026,2026-04-17 16:27:01.747572816,192,3885,0.5964469538758912,145.6403157719538,50.03191916020851,2.557740016001075,340.1977710670234,3316.9446639010816,HIGH,CR01,3215.9868485115544,0.969563008847187,3968.7757043133493,SYNTHETIC
BLST_2026_0331,2026,2026-04-18 00:13:58.834951456,48,3645,0.6471290572340535,153.41420320784997,59.26111423082008,3.7341497307740363,343.52259409530683,2264.6861399339145,HIGH,CR01,2459.946202123107,1.0862194803713023,2648.551014835325,SYNTHETIC
BLST_2026_0332,2026,2026-04-18 08:00:55.922330098,274,3975,0.36012700142756715,177.14562750746208,58.03188195098917,3.12475228377951,355.0480488382067,2606.1805035845327,MEDIUM,CR01,3000.132847303556,1.151160805315358,3611.046838253237,SYNTHETIC
BLST_2026_0333,2026,2026-04-18 15:47:53.009708738,95,4245,0.4202144904577336,175.18560916146816,35.347351801435465,4.464196251873798,351.58422121028184,2790.322755003845,HIGH,CR02,2575.807448587174,0.9231216868973369,3269.438257397305,SYNTHETIC
BLST_2026_0334,2026,2026-04-18 23:34:50.097087378,119,4110,0.21416835306572773,74.97766074733485,84.47316591071626,3.8165185838373077,341.5508671117034,2728.5674379628995,LOW,CR01,2588.3903598422053,0.9486261266002104,2717.8098778343156,SYNTHETIC
BLST_2026_0335,2026,2026-04-19 07:21:47.184466020,95,3735,0.4175283686597213,61.232735079869826,62.455049880677166,3.738279770242137,333.4543447959798,2759.2449066538206,LOW,CR02,2656.2506994136784,0.9626730461686183,3260.0207219532695,SYNTHETIC
BLST_2026_0336,2026,2026-04-19 15:08:44.271844660,41,3930,0.40951442803523935,165.75081639053047,64.34330424507448,3.40296965687639,378.39620780421,1647.910777523458,MEDIUM,CR01,2090.639436863713,1.2686605763969845,2563.7729147197388,SYNTHETIC
BLST_2026_0337,2026,2026-04-19 22:55:41.359223302,159,4290,0.2555002506617301,111.0596378281999,61.56410428083055,1.8517048238074603,333.5924811965692,2207.4801258440893,HIGH,CR02,2200.7899800471228,0.996969329092189,2580.5231156852988,SYNTHETIC
BLST_2026_0338,2026,2026-04-20 06:42:38.446601942,95,4200,0.330256838956663,127.75882638712199,48.54686981127244,3.6019819407873865,334.6517251621257,2615.32892279245,MEDIUM,CR01,2479.2438768405086,0.9479663744143355,2906.048161545441,SYNTHETIC
BLST_2026_0339,2026,2026-04-20 14:29:35.533980582,141,3720,0.4427802477588052,188.12231977012718,57.04000827138422,5.202884092604335,369.3602564554466,2262.635665062624,HIGH,CR01,2536.141127183827,1.1208791438871062,2976.649634473845,SYNTHETIC
BLST_2026_0340,2026,2026-04-20 22:16:32.621359224,47,3750,0.36261559858753517,131.0004042475557,60.02567287408099,1.4605148755107678,329.7587093138804,2326.236313155931,HIGH,CR01,2386.7439989935488,1.0260109798370094,2835.7569082719224,SYNTHETIC
BLST_2026_0341,2026,2026-04-21 06:03:29.708737864,769,3705,0.3802595249010139,108.14067915869653,47.23051028115831,5.64899413629117,307.8714318213965,2552.0186404904143,HIGH,CR01,3175.254348290531,1.2442128352480808,3729.742348503645,SYNTHETIC
BLST_2026_0342,2026,2026-04-21 13:50:26.796116506,366,4185,0.22818578281490826,150.81584209504086,55.05482057621155,4.577504513439774,323.49024563517656,2780.948020840471,HIGH,CR02,2896.110564117312,1.0414112534336533,3316.959479114666,SYNTHETIC
BLST_2026_0343,2026,2026-04-21 21:37:23.883495146,19,3900,0.5390793894675776,146.05352563095215,53.06209915260232,1.9376049758963643,374.2015394603467,2512.9257601938675,HIGH,CR01,2578.7735380821546,1.0262036304181175,2926.5185782645162,SYNTHETIC
BLST_2026_0344,2026,2026-04-22 05:24:20.970873786,59,3855,0.5672352882963103,178.6058538814463,57.07356637268203,2.784458308018151,337.53401454285944,2748.573342114172,LOW,CR01,2638.276768115482,0.9598713367736255,3040.5639228570976,SYNTHETIC
BLST_2026_0345,2026,2026-04-22 13:11:18.058252428,87,3900,0.4214793309011123,192.54873877603666,40.80250394047255,3.585338022213093,395.4483393933676,2771.760017440506,HIGH,CR01,3019.9082944455267,1.0895273311699494,3573.328429809076,SYNTHETIC
BLST_2026_0346,2026,2026-04-22 20:58:15.145631068,131,3915,0.4705043825540945,119.03537588245118,75.74782541784175,1.6103272514594358,333.514403992688,2843.586303278346,HIGH,CR02,2570.1293449399345,0.9038337756715366,3006.617755988705,SYNTHETIC
BLST_2026_0347,2026,2026-04-23 04:45:12.233009708,68,3720,0.524712253778647,94.41948649021431,60.1032143416811,2.6885961200407262,374.5711622201199,2432.6593555015725,HIGH,CR01,2631.473257547339,1.0817269798157887,3323.4126209021947,SYNTHETIC
BLST_2026_0348,2026,2026-04-23 12:32:09.320388350,345,4170,0.47984623878573723,215.26939375645992,57.519791401641086,2.025947986541743,348.5580973443934,2162.7167138465434,HIGH,CR01,2968.442443918917,1.3725525978108033,3552.3780894902416,SYNTHETIC
BLST_2026_0349,2026,2026-04-23 20:19:06.407766990,133,3825,0.49106322814795855,121.33158156283977,36.11691041911847,4.361572293605222,341.84909556530573,2375.03928046288,HIGH,CR01,2590.7165080496175,1.0908099623281613,3031.1595247992527,SYNTHETIC
BLST_2026_0350,2026,2026-04-24 04:06:03.495145632,38,3825,0.4580737249669008,137.8867013046832,65.15159684785732,1.500271724456679,369.11170117681013,2297.6763078932036,HIGH,CR02,2511.1926182525503,1.092927062713688,3099.351448452573,SYNTHETIC
BLST_2026_0351,2026,2026-04-24 11:53:00.582524272,169,3975,0.39366866508342774,169.52234779416352,51.8932534259582,2.596272706448524,400.87121202093704,2535.1158896494003,HIGH,CR01,2707.46353576087,1.0679841291734025,3471.2566037955903,SYNTHETIC
BLST_2026_0352,2026,2026-04-24 19:39:57.669902912,267,3675,0.5833219827934769,157.2250301025017,34.17460396851623,4.539921175655793,326.2545680542489,2391.001664533944,HIGH,CR02,2769.7803910640628,1.1584184286228636,3220.4840793040053,SYNTHETIC
BLST_2026_0353,2026,2026-04-25 03:26:54.757281554,90,4005,0.44710967351556735,194.1216660131975,74.09083670342696,2.850762179193491,327.77636497628737,2654.660416454352,HIGH,CR01,2991.8994060608097,1.1270365834801894,3342.921094498615,SYNTHETIC
BLST_2026_0354,2026,2026-04-25 11:13:51.844660194,53,3960,0.4919758430748199,171.33813349584884,68.79551825181913,3.7886345782753086,310.045723150398,3235.2059075060074,HIGH,CR02,3255.671120043693,1.006325783620203,3861.1412864756717,SYNTHETIC
BLST_2026_0355,2026,2026-04-25 19:00:48.932038836,146,4155,0.49047600971729577,198.83758106037442,58.20992468504651,3.537112015723567,387.5728455847634,2616.5283673978324,MEDIUM,CR02,2737.0324141695105,1.0460549361028029,3327.903630540253,SYNTHETIC
BLST_2026_0356,2026,2026-04-26 02:47:46.019417476,242,3915,0.4920567402576563,124.6686039557267,87.11840901229053,3.4107245658780236,324.9185301187972,3079.093296312315,HIGH,CR01,3087.752494455404,1.0028122558525459,3584.7831498059004,SYNTHETIC
BLST_2026_0357,2026,2026-04-26 10:34:43.106796116,103,4110,0.4263618984787853,117.6584200722883,51.1050733698886,4.891479889978558,361.2082511821461,2745.6119439537997,HIGH,CR02,2861.1900409864743,1.0420955689995424,3229.8798731095753,SYNTHETIC
BLST_2026_0358,2026,2026-04-26 18:21:40.194174758,175,3615,0.5228438948114781,219.6514111018401,76.81002105126991,3.791335884249855,369.55923445553344,2398.5529770093267,MEDIUM,CR01,2888.619801563956,1.2043176987342081,3280.7785268953876,SYNTHETIC
BLST_2026_0359,2026,2026-04-27 02:08:37.281553398,57,3630,0.2932212327237044,152.77117039360866,44.841114967914464,3.7241530088613497,351.70774951032416,2603.424027613533,HIGH,CR01,2833.721850128569,1.0884595901675462,3465.9715647455682,SYNTHETIC
BLST_2026_0360,2026,2026-04-27 09:55:34.368932040,307,3705,0.4668186364690824,133.25610507952018,61.631331137866304,3.458284127483113,324.70291530890864,3483.524902585341,HIGH,CR01,3335.209237972534,0.9574236818279288,3868.668213556899,SYNTHETIC
BLST_2026_0361,2026,2026-04-27 17:42:31.456310680,171,3735,0.3928712309241194,202.55773213521445,43.981637030014696,4.243758980671898,341.06494542558147,2424.8494753433797,HIGH,CR01,2726.2471933241563,1.1242954340240423,3156.4036404128096,SYNTHETIC
BLST_2026_0362,2026,2026-04-28 01:29:28.543689320,44,4290,0.5115261951105264,171.00974983161382,20.0,4.265623499604141,382.02869588324097,1803.813857855182,HIGH,CR02,2068.9444247576876,1.1469833296534033,2711.0565194961273,SYNTHETIC
BLST_2026_0363,2026,2026-04-28 09:16:25.631067962,24,4035,0.31446407980550256,232.80348555737146,65.8202563825625,0.9490189320642295,361.0257006220173,1750.8644742063398,HIGH,CR02,2360.9841208000817,1.3484676601655916,3090.2723942114008,SYNTHETIC
BLST_2026_0364,2026,2026-04-28 17:03:22.718446602,72,3930,0.22694748326231368,148.67927351410572,69.73191732262288,2.526072054030259,294.76940913416126,2611.640209620541,HIGH,CR01,2713.032595538419,1.0388232596298592,3333.225460690823,SYNTHETIC
BLST_2026_0365,2026,2026-04-29 00:50:19.805825242,171,4155,0.4241597126350798,162.82311113172545,61.58637906864027,3.1558405696690244,318.55940077724466,3132.137080437311,LOW,CR01,3127.582075781861,0.9985457198907738,3588.909574958107,SYNTHETIC
BLST_2026_0366,2026,2026-04-29 08:37:16.893203884,460,4125,0.5537601106736882,151.40718534622448,64.71352502545959,2.353654983966571,342.6317728473558,1987.037111008819,HIGH,CR01,2640.439441124018,1.3288324744893498,3252.4853630840607,SYNTHETIC
BLST_2026_0367,2026,2026-04-29 16:24:13.980582524,139,3645,0.45632864986796284,133.07962162950525,71.44571897833917,5.402261018264628,337.4562024509662,2152.6338801563325,LOW,CR02,2447.8001834339357,1.1371186740107273,2825.5765977821607,SYNTHETIC
BLST_2026_0368,2026,2026-04-30 00:11:11.067961166,38,4125,0.5162238192287524,115.29101121427512,53.12940728602702,2.4472433156458377,353.2642890148021,2663.0105645593153,LOW,CR02,2542.5617996624865,0.9547697006914574,3095.573803835965,SYNTHETIC
BLST_2026_0369,2026,2026-04-30 07:58:08.155339806,169,3975,0.6360504985557505,168.3474323065018,47.42774750394267,4.291161153764855,297.7616370876499,1942.7706546583518,HIGH,CR01,2466.0997422449045,1.2693725511715552,3049.0340690745957,SYNTHETIC
BLST_2026_0370,2026,2026-04-30 15:45:05.242718446,55,3900,0.3757250199842496,132.75087786706322,44.735693786275576,1.773758992279026,338.6980402788749,2583.207055889291,HIGH,CR02,2469.4526990393133,0.9559639028584115,2764.4066527670607,SYNTHETIC
BLST_2026_0371,2026,2026-04-30 23:32:02.330097088,177,3975,0.3323937369821397,123.57872053402684,66.75046618906018,4.841653260610212,372.38507837524,2313.106218179548,HIGH,CR01,2752.9414096503397,1.1901491544201326,3220.3465561584994,SYNTHETIC
BLST_2026_0372,2026,2026-05-01 07:18:59.417475728,252,4290,0.4546421810860825,160.1964001022006,58.64157219395437,3.750798377358741,359.32235070238653,2718.7967710931343,LOW,CR02,2731.9959087311454,1.0048547717057588,3163.9576472657222,SYNTHETIC
BLST_2026_0373,2026,2026-05-01 15:05:56.504854370,160,3990,0.5809182536221029,182.40335656320235,61.45080141854782,2.6702940401597637,364.7222235697061,2355.8739780259884,MEDIUM,CR01,2759.442662624928,1.1713031717159565,3002.902056162783,SYNTHETIC
BLST_2026_0374,2026,2026-05-01 22:52:53.592233010,37,3960,0.4107455691881162,174.4256511549261,37.42197101155828,2.302850545264838,408.0730928292087,2203.516304267706,HIGH,CR01,2400.305242828983,1.0893067767096354,2884.502871002632,SYNTHETIC
BLST_2026_0375,2026,2026-05-02 06:39:50.679611650,109,3840,0.49760714340557566,176.22536897268466,39.57148758694534,3.67176432785845,337.94993532028326,2411.141831908916,HIGH,CR02,2571.4699295497894,1.0664946771355797,2985.4600249832965,SYNTHETIC
BLST_2026_0376,2026,2026-05-02 14:26:47.766990292,140,4140,0.4736201286784067,132.55509372664528,78.8276398780187,5.113849129049859,343.1073178990954,2764.0356751099557,HIGH,CR01,2977.161347513243,1.0771067010178184,3477.14504406885,SYNTHETIC
BLST_2026_0377,2026,2026-05-02 22:13:44.854368932,13,3615,0.38947307483676585,157.899742844575,50.56240775313068,3.335647427153273,334.9668268145484,2698.152186462056,HIGH,CR01,2712.7151802921044,1.0053973952629944,3371.20737078338,SYNTHETIC
BLST_2026_0378,2026,2026-05-03 06:00:41.941747574,51,4200,0.5659759610495949,232.42118994434662,66.1463065085436,2.2151559321910472,335.66761000059876,2385.2737861962964,HIGH,CR02,2731.1958103981724,1.1450240329658359,3227.8833468419034,SYNTHETIC
BLST_2026_0379,2026,2026-05-03 13:47:39.029126214,172,3705,0.33093576593769225,116.11604889295428,62.41577608836954,4.429759239023085,380.8094764735171,2453.773935871841,HIGH,CR01,2597.140533953401,1.0584269789427936,3355.1153397863745,SYNTHETIC
BLST_2026_0380,2026,2026-05-03 21:34:36.116504854,56,4230,0.48493786125907085,202.882149808705,54.736197635138204,3.866619057937743,346.5069950760118,2944.264374707134,MEDIUM,CR01,3303.970216579081,1.122171719687274,4215.785024631669,SYNTHETIC
BLST_2026_0381,2026,2026-05-04 05:21:33.203883496,194,3960,0.6292630962474848,224.03090311887195,79.53005299786929,3.6804649778584757,356.55230650314263,1998.5163731443736,MEDIUM,CR01,2423.511552405694,1.2126553402175297,2860.406242912596,SYNTHETIC
BLST_2026_0382,2026,2026-05-04 13:08:30.291262136,779,4005,0.39529917233923845,130.6880639688853,56.61021386966038,4.2295656158351065,335.6921308855226,2354.1768264353777,HIGH,CR02,2919.141772529656,1.2399840741571357,3493.612711421102,SYNTHETIC
BLST_2026_0383,2026,2026-05-04 20:55:27.378640776,33,3750,0.4868515544565781,181.89627145614296,65.03763658849793,1.778567548858034,351.23990583722593,3744.1747630881146,HIGH,CR01,3616.1939333764744,0.9658186816028629,4398.427089411746,SYNTHETIC
BLST_2026_0384,2026,2026-05-05 04:42:24.466019418,769,4050,0.40686734666034347,220.67841528969035,74.45894063639905,4.07254312440604,364.53077404232187,3347.3878814258014,HIGH,CR01,4138.0067357620255,1.2361897940550184,5016.418268182963,SYNTHETIC
BLST_2026_0385,2026,2026-05-05 12:29:21.553398058,90,4230,0.5117238349663786,151.05922944305743,29.974360803480913,1.6827354216837929,331.5890969901652,2699.398562251737,HIGH,CR02,2634.9678600934903,0.9761314601484781,3108.5883348907687,SYNTHETIC
BLST_2026_0386,2026,2026-05-05 20:16:18.640776700,93,4170,0.30745712878275566,202.22174952503468,48.449715960312744,3.56804388630691,351.1282119863445,2938.021467364424,HIGH,CR02,3135.993564159994,1.0673827945080205,3857.9468184956454,SYNTHETIC
BLST_2026_0387,2026,2026-05-06 04:03:15.728155340,137,3720,0.5494934655609934,132.5581488259263,39.046430732172965,1.6458112282330297,380.2738161250246,2445.123992127431,HIGH,CR02,2358.131075122854,0.9644218791011546,2644.391647752547,SYNTHETIC
BLST_2026_0388,2026,2026-05-06 11:50:12.815533980,45,4035,0.44508533618914764,133.21472451780198,33.089484170086024,5.262637720887572,327.9118890375365,2659.128321067097,HIGH,CR01,2826.8796470282505,1.0630850811644303,3278.0742665871626,SYNTHETIC
BLST_2026_0389,2026,2026-05-06 19:37:09.902912622,398,3960,0.3948614871734455,99.63626613630466,48.987697302529085,4.207114354252293,348.36655010250837,2946.327108839247,MEDIUM,CR01,3047.38678436157,1.0343002225445825,3365.7738482901723,SYNTHETIC
BLST_2026_0390,2026,2026-05-07 03:24:06.990291262,593,3645,0.40089172247868304,199.6167339944685,55.705621592065775,4.339355515952172,338.9976833326768,2742.862720328231,HIGH,CR02,3210.5710596062654,1.1705183186207968,3918.8079027258964,SYNTHETIC
BLST_2026_0391,2026,2026-05-07 11:11:04.077669904,93,4260,0.5520739158140401,195.52234869601074,70.5076412602202,4.203230827287262,342.54918894861254,2422.3317350058073,HIGH,CR02,2743.0048754260015,1.132382008535848,3368.3172853902706,SYNTHETIC
BLST_2026_0392,2026,2026-05-07 18:58:01.165048544,105,3735,0.26028604781162024,114.34333765613293,46.70937830027924,2.5475975213940725,339.4570838558361,2328.9659734562815,HIGH,CR01,2430.2244387325786,1.0434778637517084,2767.1614451994233,SYNTHETIC
BLST_2026_0393,2026,2026-05-08 02:44:58.252427184,101,3645,0.44990710646905024,130.9420989949885,50.783379301762366,4.0465761978248125,413.3368135335314,1855.4983667187025,HIGH,CR01,2197.146724646309,1.1841275444137327,2548.5581428600626,SYNTHETIC
BLST_2026_0394,2026,2026-05-08 10:31:55.339805826,15,4005,0.4363758393210169,196.89703175482953,35.18903245797475,1.9729688138709918,339.6577448629536,3206.1960585045517,HIGH,CR02,2893.2597784330937,0.902396399234107,3436.0502585301097,SYNTHETIC
BLST_2026_0395,2026,2026-05-08 18:18:52.427184466,97,3630,0.5345825294993436,148.93880908286812,77.64060478462886,3.5979512557324607,335.2747253973837,2916.5490721036363,HIGH,CR02,3084.710004322043,1.0576575014035736,3891.328347061656,SYNTHETIC
BLST_2026_0396,2026,2026-05-09 02:05:49.514563108,117,3810,0.5095198188055492,172.03885110625427,55.66082858192068,2.2169805586735123,360.880842404554,2658.2079635720656,MEDIUM,CR02,2900.267215088851,1.0910610662649243,3677.377068248855,SYNTHETIC
BLST_2026_0397,2026,2026-05-09 09:52:46.601941748,115,3645,0.3892923686478432,110.7133319512751,53.50203776629907,4.878574321220196,371.17199837452915,1912.7479732447257,HIGH,CR01,2129.8196480058687,1.1134868146758035,2488.4199304232907,SYNTHETIC
BLST_2026_0398,2026,2026-05-09 17:39:43.689320388,59,3990,0.28736830288335224,215.61018001982114,48.96691975001216,1.3434242402871337,348.2913438333502,2074.7231610432905,HIGH,CR02,2321.4089269577794,1.118900569746588,2901.6635960505937,SYNTHETIC
BLST_2026_0399,2026,2026-05-10 01:26:40.776699030,136,4140,0.33712572357276377,114.99260562425083,38.456667799516886,2.21199392809743,325.1873782333843,2981.122422236015,HIGH,CR02,2855.2499127939136,0.957776806311869,3459.5720199202688,SYNTHETIC
BLST_2026_0400,2026,2026-05-10 09:13:37.864077670,349,3675,0.2607874411162402,178.9370796320079,42.33233712486185,2.507815989851139,363.0916020011611,1842.0073793378442,MEDIUM,CR02,2139.336350782874,1.1614157330639534,2507.889236597597,SYNTHETIC
BLST_2026_0401,2026,2026-05-10 17:00:34.951456310,83,4215,0.35545206931127843,150.60808139995459,70.55501521693922,3.655189279844287,336.65611056604615,2890.9971816216375,MEDIUM,CR01,3094.4611593624763,1.0703784766841975,3828.8676225416393,SYNTHETIC
BLST_2026_0402,2026,2026-05-11 00:47:32.038834952,48,3750,0.4035341550269582,169.07448032497163,58.646293276212965,5.238619079742627,354.80600050721205,2745.3527143601646,HIGH,CR02,2999.3758725784573,1.0925284233568857,3650.2608802152818,SYNTHETIC
BLST_2026_0403,2026,2026-05-11 08:34:29.126213592,128,3870,0.42046945542245495,97.95887053899696,52.434440043495215,1.450235865312715,363.60641042067687,2582.896326603854,HIGH,CR02,2557.0834068121003,0.9900062114278918,2684.937577152705,SYNTHETIC
BLST_2026_0404,2026,2026-05-11 16:21:26.213592234,4,3660,0.4740898716157572,119.69087874352428,60.10734250925642,3.322193855902147,350.9611761389291,3369.280147632806,HIGH,CR02,3371.5108339198105,1.0006620661355725,4110.162257897158,SYNTHETIC
BLST_2026_0405,2026,2026-05-12 00:08:23.300970874,82,3690,0.4902332852323499,109.97916667865408,69.28906527637447,2.533800880765386,358.4890519957211,3323.5841021161964,HIGH,CR02,3249.2595500604757,0.9776372284340882,3784.9652371475063,SYNTHETIC
BLST_2026_0406,2026,2026-05-12 07:55:20.388349514,97,4170,0.6148416416051183,210.0252685921017,55.13642770244154,2.8297828000895815,392.0603986848235,3390.663675349151,MEDIUM,CR02,3539.7866206551844,1.0439804591620776,4432.353862575574,SYNTHETIC
BLST_2026_0407,2026,2026-05-12 15:42:17.475728156,77,3630,0.45109447737669556,110.71626723464499,41.04453693840893,5.493066656661731,327.1044878001178,2267.5844687401946,HIGH,CR02,2287.0485729780485,1.0085836291905226,2982.4956802991874,SYNTHETIC
BLST_2026_0408,2026,2026-05-12 23:29:14.563106796,12,3810,0.30361451752140645,164.871990084726,50.318039018193105,2.2993948460066957,351.19167065516064,1991.1047941435615,HIGH,CR01,2277.7359116490284,1.1439558170662514,2645.0036976972624,SYNTHETIC
BLST_2026_0409,2026,2026-05-13 07:16:11.650485438,61,3720,0.261201081457318,185.89857695573244,49.142546800176454,1.5689539459535808,372.74706787619374,3150.896503974517,LOW,CR02,3008.6261024887776,0.9548476437400337,3695.6781301662695,SYNTHETIC
BLST_2026_0410,2026,2026-05-13 15:03:08.737864078,182,3720,0.49261488825295136,152.06859365052753,53.344074497283046,2.028459584754207,361.18427667426306,2981.4215065569497,MEDIUM,CR02,2948.054781108961,0.9888084508095866,3618.66196214261,SYNTHETIC
BLST_2026_0411,2026,2026-05-13 22:50:05.825242718,126,3915,0.3431124255699538,109.39869819260457,56.069085109360046,3.5783326413986867,368.1801174747845,2085.7935374288854,HIGH,CR01,2463.782073322475,1.1812204943158122,2771.9757764441842,SYNTHETIC
BLST_2026_0412,2026,2026-05-14 06:37:02.912621360,62,3795,0.5925047596675779,176.61420705910504,57.50076469672008,2.1281358118518345,355.97580471139554,2175.628920250388,HIGH,CR01,2724.4290088811053,1.2522489398456595,3189.3371784999968,SYNTHETIC
BLST_2026_0413,2026,2026-05-14 14:24:00.000000000,84,3825,0.4060272900139432,162.08320995596858,65.25186839283903,5.594488536280656,354.05125288663413,2305.2123210055006,MEDIUM,CR01,2270.3203705426495,0.9848638886123809,2543.325851299024,SYNTHETIC
BLST_2026_0414,2026,2026-05-14 22:10:57.087378642,143,3675,0.6034745975273101,227.0890901242444,46.00118869256696,1.7399305948629562,338.69146562304667,2956.2155543905674,HIGH,CR02,3270.7660992808915,1.1064031154369491,4042.810586087913,SYNTHETIC
BLST_2026_0415,2026,2026-05-15 05:57:54.174757282,173,4110,0.4155441109171,202.0613396968073,62.13257246296763,2.2667183318389457,372.21970864197607,2021.4488004352447,MEDIUM,CR01,2412.00726489928,1.1932072008848025,2806.2990976268875,SYNTHETIC
BLST_2026_0416,2026,2026-05-15 13:44:51.262135922,203,4275,0.558276484415046,210.58840164091473,60.52531149520409,2.564612539361931,382.45889087348905,3114.0875403736895,LOW,CR01,3621.053787728505,1.1627976865717717,4288.849754524974,SYNTHETIC
BLST_2026_0417,2026,2026-05-15 21:31:48.349514564,283,4050,0.48673335163619497,170.5695806827136,43.35111446308791,3.3089541226316084,340.18309482226385,2627.7790059250256,HIGH,CR02,2752.991746752742,1.047649646543865,3389.0353426409997,SYNTHETIC
BLST_2026_0418,2026,2026-05-16 05:18:45.436893204,268,4245,0.5871327624708816,162.9398185805181,53.13541342233507,2.352578775126222,347.3843304274834,2136.871151686287,MEDIUM,CR02,2554.7143254037187,1.195539713935347,3141.2646548882103,SYNTHETIC
BLST_2026_0419,2026,2026-05-16 13:05:42.524271844,175,4005,0.37279433186561267,145.43529679432686,59.702406606852186,3.4005495975176916,379.2482395987216,2479.5843718420897,HIGH,CR01,2776.2740418000753,1.1196529843175185,3343.2890879321767,SYNTHETIC
BLST_2026_0420,2026,2026-05-16 20:52:39.611650486,314,4095,0.465700766066935,154.73117973198134,87.64967577555282,5.104602461544388,342.6627109796981,2128.2793584656124,HIGH,CR01,2635.352146762681,1.2382548072366983,3059.5410963003574,SYNTHETIC
BLST_2026_0421,2026,2026-05-17 04:39:36.699029126,34,4125,0.3617696485493036,112.9850595755953,61.54447230967684,3.0676893626395096,383.48209546415336,2811.421166940281,HIGH,CR02,2721.8327892838765,0.9681341313390248,2984.849659740143,SYNTHETIC
BLST_2026_0422,2026,2026-05-17 12:26:33.786407768,100,3825,0.5486968080727137,210.75793135672268,62.56969337848308,3.525436779595073,362.2255621981943,2271.338745478117,HIGH,CR01,2517.4825615047457,1.1083694876057846,2869.8080719264162,SYNTHETIC
BLST_2026_0423,2026,2026-05-17 20:13:30.873786408,123,3945,0.4431907284101202,141.3500316139541,34.80721154185636,0.8906260364817649,340.4444890401856,2780.046183050865,HIGH,CR02,2764.9160867141836,0.9945576097156497,3478.6395711524556,SYNTHETIC
BLST_2026_0424,2026,2026-05-18 04:00:27.961165048,266,3660,0.5852039248172034,210.2553085608578,53.138108267991726,3.7321307670652097,346.8425085201576,2606.221407845642,HIGH,CR01,3140.1296675521057,1.2048591336481285,3875.3480912882897,SYNTHETIC
BLST_2026_0425,2026,2026-05-18 11:47:25.048543690,68,4230,0.47359960938860896,92.01161031233119,57.37041270138592,2.969655465109495,352.335844663177,2453.6343719218876,MEDIUM,CR01,2279.528264595699,0.9290415437122304,2533.5768477099523,SYNTHETIC
BLST_2026_0426,2026,2026-05-18 19:34:22.135922330,9,3645,0.49139062114281334,200.44430120651361,41.1358464571076,1.8034373655709677,366.9861218438187,2283.87834568154,HIGH,CR01,2505.784186612327,1.0971618481126093,3055.6577984379787,SYNTHETIC
BLST_2026_0427,2026,2026-05-19 03:21:19.223300972,57,3795,0.2885651072303657,186.05607504454971,59.615969208518884,3.07088535805292,334.58962926860625,2235.0109756027778,HIGH,CR01,2430.3617351434746,1.0874048323131886,2812.0863013421467,SYNTHETIC
BLST_2026_0428,2026,2026-05-19 11:08:16.310679612,36,3795,0.5771576833733596,192.10044346414324,66.07410552115465,2.388084790136583,366.2937672150022,2600.0155234929775,HIGH,CR01,2913.9331719903053,1.1207368362461148,3626.3379922104355,SYNTHETIC
BLST_2026_0429,2026,2026-05-19 18:55:13.398058252,142,4275,0.5554376409910196,153.69276518361974,50.58175852482224,2.509038576700933,360.6935622713088,2579.5889628013983,HIGH,CR02,2713.2843051590435,1.0518281572318613,3252.093769969406,SYNTHETIC
BLST_2026_0430,2026,2026-05-20 02:42:10.485436894,317,3840,0.37891217432666985,212.05333525985588,59.21695082440008,1.8862694822749437,352.8545523456054,2926.3553102524347,HIGH,CR01,3130.181330258314,1.0696518359516285,3835.815632569326,SYNTHETIC
BLST_2026_0431,2026,2026-05-20 10:29:07.572815534,91,3735,0.5868293821588256,202.73457303024622,55.12281641526573,2.8426256231526468,328.7404668941296,2077.4904060926647,HIGH,CR02,2456.664964681605,1.1825156725041586,2999.0530690955384,SYNTHETIC
BLST_2026_0432,2026,2026-05-20 18:16:04.660194176,160,4140,0.533137293147293,150.52286610698954,48.85104546646326,3.5817440411777546,353.9196382085379,2419.3446883666256,MEDIUM,CR01,2554.625814889894,1.0559164335589573,2992.2724544539087,SYNTHETIC
BLST_2026_0433,2026,2026-05-21 02:03:01.747572816,774,4065,0.26343196965218807,174.38667354455558,59.65597466757114,4.416306518651887,337.93739552120496,2866.442331475332,HIGH,CR01,3537.098798104651,1.2339682397462146,4173.4990374847885,SYNTHETIC
BLST_2026_0434,2026,2026-05-21 09:49:58.834951456,17,3810,0.42045981119274817,172.0844150788622,59.664803835549314,1.4375435480459164,357.4804909841667,1997.7168567434287,HIGH,CR01,2409.611076983221,1.206182482191816,2687.7080861141803,SYNTHETIC
BLST_2026_0435,2026,2026-05-21 17:36:55.922330098,128,3990,0.49578319849614316,180.41058544856804,59.68861058745705,2.8223728432595707,350.8164281413957,2041.131675615488,LOW,CR02,2130.5474365122204,1.0438069537428396,2730.2505775310246,SYNTHETIC
BLST_2026_0436,2026,2026-05-22 01:23:53.009708738,138,4290,0.40855550377822847,221.78666554832301,50.988906476658435,2.381686744938571,371.48213888039,3138.1812789769237,LOW,CR01,3404.648394025399,1.0849113200800642,3867.0441242751363,SYNTHETIC
BLST_2026_0437,2026,2026-05-22 09:10:50.097087378,56,3750,0.3607921604761556,133.3249250907109,57.82189875623837,0.2,349.098854833589,2604.278682227135,HIGH,CR01,2658.7347447683233,1.0209102285837621,3249.226211722324,SYNTHETIC
BLST_2026_0438,2026,2026-05-22 16:57:47.184466020,217,4065,0.5683886079548419,143.99068038410286,54.89270520096526,1.3252229453307423,346.3408509958356,2175.47924834266,HIGH,CR01,2371.3554993752277,1.0900382070671517,2929.0889642750467,SYNTHETIC
BLST_2026_0439,2026,2026-05-23 00:44:44.271844660,120,3825,0.3677060292874021,174.41275480880302,53.76096653313571,4.235952858573896,349.3520334873161,2609.02331266496,HIGH,CR02,2857.731434947167,1.0953261402743721,3747.3211982035755,SYNTHETIC
BLST_2026_0440,2026,2026-05-23 08:31:41.359223302,158,3915,0.39825153436818705,174.75502062074034,47.56844329898708,4.438305776197749,412.9025623052482,2503.86844016468,HIGH,CR01,2931.9669139668777,1.1709748271654565,3262.2984031082747,SYNTHETIC
BLST_2026_0441,2026,2026-05-23 16:18:38.446601942,123,4020,0.4447302720243914,141.79810428476588,41.144296773689035,3.02425771377336,366.60061381219464,2160.0676278241745,HIGH,CR01,2152.3078935636745,0.9964076429087009,2623.4693749746034,SYNTHETIC
BLST_2026_0442,2026,2026-05-24 00:05:35.533980582,102,4095,0.34870313841377487,231.3750429493656,57.55040009205337,2.2890910691925983,362.45773439328576,2318.8694978803287,MEDIUM,CR01,2697.5034482821275,1.1632838548042082,3412.0106345811446,SYNTHETIC
BLST_2026_0443,2026,2026-05-24 07:52:32.621359224,48,4290,0.34878060306980035,189.82588005705264,51.962467258199375,2.883738965547594,328.28997235117293,1819.7797378283094,HIGH,CR02,2019.6396315523568,1.109826419961438,2478.971590200729,SYNTHETIC
BLST_2026_0444,2026,2026-05-24 15:39:29.708737864,749,3795,0.5077208899767672,150.429051082926,71.04159893410338,1.9978341307856273,353.235004224055,3043.463658407662,LOW,CR01,3594.631745269939,1.181098954587369,4114.238590729994,SYNTHETIC
BLST_2026_0445,2026,2026-05-24 23:26:26.796116506,102,4035,0.36958261897934314,106.41110740429832,52.15754512768458,2.741945083654937,375.0222660363801,2184.7283577420144,MEDIUM,CR01,2183.8405746434164,0.9995936414266552,2408.9530811591503,SYNTHETIC
BLST_2026_0446,2026,2026-05-25 07:13:23.883495146,329,3705,0.4166700239899455,165.84302107673122,66.9742580790762,4.4220860973539535,379.44479523750806,2981.52970750603,MEDIUM,CR01,3315.836103729531,1.112125797499814,3941.444426745993,SYNTHETIC
BLST_2026_0447,2026,2026-05-25 15:00:20.970873786,154,3870,0.4766680975389656,159.46086050909463,62.069673517186544,4.831523094229656,359.88518068518704,2976.4349635080553,HIGH,CR01,3048.7411879425,1.0242928958035165,3575.9045495808655,SYNTHETIC
BLST_2026_0448,2026,2026-05-25 22:47:18.058252428,45,3780,0.3899400626722946,132.34816723219214,50.59562532357054,5.729618622678979,358.83758875765,1881.846233357353,LOW,CR01,2356.119978184098,1.2520257693853154,2678.583314963292,SYNTHETIC
BLST_2026_0449,2026,2026-05-26 06:34:15.145631068,79,3600,0.4388530602429011,235.0837057058398,41.591725499589074,3.0166217641678545,350.0185618875052,2813.21085922711,HIGH,CR01,2809.2724194077055,0.9986000196869399,3281.4946740473874,SYNTHETIC
BLST_2026_0450,2026,2026-05-26 14:21:12.233009710,21,3795,0.6659491039670511,144.876251557073,48.6576254279552,1.6144380366231592,356.36586943875784,2500.281570622674,HIGH,CR02,2447.7951014880205,0.9790077766634971,2976.8725610896067,SYNTHETIC
BLST_2026_0451,2026,2026-05-26 22:08:09.320388350,156,3840,0.45934495943866094,107.3511977100569,64.11601972921535,5.543882934681978,306.1483707132262,2865.318554470923,HIGH,CR01,3054.3294663852653,1.0659650605407966,3874.158805532211,SYNTHETIC
BLST_2026_0452,2026,2026-05-27 05:55:06.407766990,246,4080,0.3960050253988002,149.50052680287706,49.427298879004105,1.8577873512247716,359.5306103120952,3190.319670021597,HIGH,CR02,3210.017188714442,1.006174152038097,3663.3061962544143,SYNTHETIC
BLST_2026_0453,2026,2026-05-27 13:42:03.495145632,160,4245,0.5455956871624107,167.08752873030545,47.965599101533094,0.9176283294575733,336.0821101635073,2207.989717761744,HIGH,CR02,2516.139828464428,1.1395613884538638,3019.3429716516557,SYNTHETIC
BLST_2026_0454,2026,2026-05-27 21:29:00.582524272,115,4200,0.6045203972532367,131.91919250612497,57.35353145945157,3.700438756078483,356.1306254347773,2777.6792628611292,HIGH,CR02,2778.5788291877557,1.0003238553632359,2945.5046262531664,SYNTHETIC
BLST_2026_0455,2026,2026-05-28 05:15:57.669902912,34,3840,0.35648542308289577,155.7475551763248,54.16825337695917,4.261018143492281,322.2760975453622,2522.0743606403503,HIGH,CR02,2563.9862616778873,1.0166180274823047,2902.795489782605,SYNTHETIC
BLST_2026_0456,2026,2026-05-28 13:02:54.757281554,221,3870,0.24946453386279752,47.089174028780434,59.60106906373751,1.845174155934745,362.49882601358104,1650.474944856469,MEDIUM,CR01,1956.6442297399922,1.1855037459597115,2341.3497446222937,SYNTHETIC
BLST_2026_0457,2026,2026-05-28 20:49:51.844660194,411,3765,0.33648794859176734,207.07503427464331,81.87838933471366,2.6748562271653635,377.1711504012342,2923.234095021867,HIGH,CR01,3245.9004733116935,1.110379931199938,3883.050433126836,SYNTHETIC
BLST_2026_0458,2026,2026-05-29 04:36:48.932038836,49,3750,0.5048629710222844,154.7799275303261,53.477460197391125,6.012264732155229,306.95987364284576,2107.572033844512,MEDIUM,CR02,2270.487810817712,1.077300217670861,2528.947539709617,SYNTHETIC
BLST_2026_0459,2026,2026-05-29 12:23:46.019417476,759,4110,0.5456150080724178,179.16863618863727,44.40359733925035,2.559318427697219,359.7834822863135,2146.217287692423,HIGH,CR01,3011.2056440145348,1.4030292558365016,3410.2129689880953,SYNTHETIC
BLST_2026_0460,2026,2026-05-29 20:10:43.106796116,87,3855,0.4754172415595777,178.90526571577874,77.89130057074401,3.9250795146323902,325.829518458402,1912.9871503401787,HIGH,CR01,2459.7132508556106,1.2857970584999538,3055.046161139976,SYNTHETIC
BLST_2026_0461,2026,2026-05-30 03:57:40.194174758,181,3915,0.3404295819552621,100.86296877666621,59.92600265743486,2.0929781973389434,374.401915021555,2081.816822728703,HIGH,CR02,2021.1412334971815,0.970854501429193,2392.5913064400447,SYNTHETIC
BLST_2026_0462,2026,2026-05-30 11:44:37.281553398,168,4125,0.5611504518907733,205.94991715711691,71.58489848802554,3.1059536372821097,358.60162494469284,3046.78337363044,HIGH,CR01,3389.721532836659,1.1125574473637705,3729.835773232274,SYNTHETIC
BLST_2026_0463,2026,2026-05-30 19:31:34.368932040,244,3900,0.5491989029541341,103.68615875696034,41.9316175457001,2.695295513926551,369.46301962281336,2489.682715644928,HIGH,CR02,2837.5086718138436,1.1397069409620795,3256.4354490491473,SYNTHETIC
BLST_2026_0464,2026,2026-05-31 03:18:31.456310680,42,4050,0.41947945672175324,130.26250585330246,41.263522627737345,4.621857277752172,363.8964393943987,2651.251136692901,MEDIUM,CR01,2589.7139867567103,0.9767893923421563,3236.714566280932,SYNTHETIC
BLST_2026_0465,2026,2026-05-31 11:05:28.543689320,38,4275,0.5215496318639997,133.29196712031032,71.27077235133748,5.16479314942475,342.06883823883135,1796.2522437609293,LOW,CR01,2088.3614839058014,1.1626215032768805,2416.2056902403906,SYNTHETIC
BLST_2026_0466,2026,2026-05-31 18:52:25.631067962,103,3720,0.45095514260535996,192.03379905526214,81.48378600218572,4.432255199812179,332.0161178244837,2455.854079956462,MEDIUM,CR02,2835.4227530017265,1.1545566880960587,3381.139169716376,SYNTHETIC
BLST_2026_0467,2026,2026-06-01 02:39:22.718446602,5,3750,0.38127553599646313,203.49221715412202,61.02001577436973,3.0758806688621636,401.7885321320776,2694.9723634245393,HIGH,CR02,2782.740809386404,1.0325674753303726,3249.919417400127,SYNTHETIC
BLST_2026_0468,2026,2026-06-01 10:26:19.805825244,97,3810,0.3624588220651005,199.3987087128804,42.21414849376924,2.293323127987707,365.69054690766995,2979.784303388796,MEDIUM,CR02,3037.5662802927754,1.0193913287073384,3379.062611753762,SYNTHETIC
BLST_2026_0469,2026,2026-06-01 18:13:16.893203884,72,3900,0.4921209115790075,161.1105651670092,59.84202645374692,2.0187590003193145,371.142305979028,2003.9914045869373,HIGH,CR02,2300.3304382402207,1.147874403540351,2713.510940152622,SYNTHETIC
BLST_2026_0470,2026,2026-06-02 02:00:13.980582524,23,3825,0.4372165454094303,136.48687496415963,51.83826779198182,2.9954988431768714,381.3201338767906,1973.7442165079178,HIGH,CR01,2265.220118983842,1.1476766341038978,2910.5021955876414,SYNTHETIC
BLST_2026_0471,2026,2026-06-02 09:47:11.067961166,92,3705,0.2984390274807424,142.18479607898672,65.59388374742711,2.828749662791888,336.5644612313162,2366.0034708970643,HIGH,CR01,2491.502541573681,1.0530426401399293,2895.6919344102225,SYNTHETIC
BLST_2026_0472,2026,2026-06-02 17:34:08.155339806,106,3720,0.33135034600655716,122.34822172341205,56.807292323112875,3.760654139970777,356.1291114196364,2568.8687720924704,MEDIUM,CR01,2581.520255820511,1.0049249241010219,3257.68520812519,SYNTHETIC
BLST_2026_0473,2026,2026-06-03 01:21:05.242718446,312,3765,0.4077974946416727,153.8890735436023,73.17330492007827,5.537530469471578,360.78719474454385,2355.1418310201802,HIGH,CR01,2825.681671774409,1.1997925706879422,3065.5033181640306,SYNTHETIC
BLST_2026_0474,2026,2026-06-03 09:08:02.330097088,42,3765,0.277154511489649,173.93185234951724,46.82304794304593,3.748889748506398,351.8713305319632,2529.8887978270263,HIGH,CR01,2604.9176948944464,1.0296569940670373,2851.0609028922504,SYNTHETIC
BLST_2026_0475,2026,2026-06-03 16:54:59.417475728,60,4050,0.4624029361751683,152.6440346942966,51.97201887843469,0.8829109750335067,336.2146652621504,2939.7668921639756,HIGH,CR01,2758.8169827858846,0.9384475313806623,2979.341749962121,SYNTHETIC
BLST_2026_0476,2026,2026-06-04 00:41:56.504854370,157,4200,0.47559090488514527,138.81693811398202,51.25559128537977,3.5271814987334515,330.52725375715534,2647.156806137107,MEDIUM,CR02,2747.8209514562127,1.0380272695163837,3322.1023992674895,SYNTHETIC
BLST_2026_0477,2026,2026-06-04 08:28:53.592233010,115,4260,0.42644566543720275,194.91460509795755,58.60917051967145,3.07660585478157,337.65225207534786,2695.7606650182215,HIGH,CR02,2883.8891503331524,1.069786790702972,3249.135779110785,SYNTHETIC
BLST_2026_0478,2026,2026-06-04 16:15:50.679611650,50,3810,0.5206564298338858,146.95966227247584,81.11147554449232,4.067333662954097,368.4008964568582,2518.3317911504555,HIGH,CR02,2609.7961490551475,1.0363194231300665,3072.5654215255213,SYNTHETIC
BLST_2026_0479,2026,2026-06-05 00:02:47.766990292,69,4260,0.4101648655373804,80.83056646873302,54.77360709338272,2.5084390102297425,322.28088761518126,2381.3222004010568,LOW,CR02,2697.0142862581083,1.1325700847217917,3451.3370072838766,SYNTHETIC
BLST_2026_0480,2026,2026-06-05 07:49:44.854368932,77,4050,0.42218800215020025,197.98291621508957,61.396975759343206,2.6871763919184777,362.77841067772937,2615.6063917168935,MEDIUM,CR02,2762.251615115038,1.0560654783007646,3452.8488539286614,SYNTHETIC
BLST_2026_0481,2026,2026-06-05 15:36:41.941747574,66,3630,0.43445365673790215,174.9444745918082,56.82624193617639,4.107764026086069,329.769766082619,2753.1924545236184,HIGH,CR01,2914.396686276061,1.0585517483485678,3493.1710408046433,SYNTHETIC
BLST_2026_0482,2026,2026-06-05 23:23:39.029126214,170,3660,0.4246214534126577,152.82397661952757,52.18894725282668,2.3488206757247845,380.69783808489814,2953.5736678287226,LOW,CR01,2994.109497302367,1.013724333310245,3459.352617371604,SYNTHETIC
BLST_2026_0483,2026,2026-06-06 07:10:36.116504854,90,3825,0.44554692924726624,133.28237399008543,74.55763950801772,3.0709973072012127,346.3963687345933,2592.1150501409575,HIGH,CR02,2490.757324927399,0.9608976749669941,2980.611042174382,SYNTHETIC
BLST_2026_0484,2026,2026-06-06 14:57:33.203883496,199,3795,0.3224226860685109,206.37474622143495,56.59421014795483,1.40610480024681,366.27780114184964,1891.112264898104,HIGH,CR02,2256.620516955304,1.1932768661287774,2636.4424529851626,SYNTHETIC
BLST_2026_0485,2026,2026-06-06 22:44:30.291262136,331,3735,0.4921232705019407,134.52766139555533,65.43561218840897,2.848899621158499,345.15520329336886,2149.803022200993,HIGH,CR02,2416.41945406773,1.1240190050499475,2713.105842258724,SYNTHETIC
BLST_2026_0486,2026,2026-06-07 06:31:27.378640778,81,3705,0.4036937395586965,120.83768135017823,64.51020467236717,3.237311431586206,358.58934320586013,2951.374106683494,HIGH,CR01,2956.7084445127175,1.001807408222883,3776.570696021046,SYNTHETIC
BLST_2026_0487,2026,2026-06-07 14:18:24.466019418,70,4185,0.27837138452848986,135.49308668799335,76.45120380012645,4.331405294079765,341.27249767918573,2082.873555134849,HIGH,CR02,2332.23607213933,1.119720429687023,2888.5658640426363,SYNTHETIC
BLST_2026_0488,2026,2026-06-07 22:05:21.553398058,184,3660,0.6847303445208726,137.14914577192206,56.75980428472296,4.019936001322047,326.29800970048586,2662.563717961949,LOW,CR02,2982.97211707037,1.1203383028721194,3553.0477910684585,SYNTHETIC
BLST_2026_0489,2026,2026-06-08 05:52:18.640776700,154,3840,0.45002141217490077,127.75200659894746,63.851483503318924,4.552130045270906,308.518384987683,2688.46620234513,HIGH,CR01,2848.4004763573735,1.0594890402091475,3276.433417634998,SYNTHETIC
BLST_2026_0490,2026,2026-06-08 13:39:15.728155340,95,4155,0.659485324895345,55.335352893190304,59.22170498355643,3.3295780685568857,349.7112904330577,3105.667082918154,HIGH,CR01,2981.4995694087097,0.9600190522054367,3833.5451759301213,SYNTHETIC
BLST_2026_0491,2026,2026-06-08 21:26:12.815533980,118,3675,0.4429442271388823,186.675203026796,61.33892476341169,2.8601255096461835,368.27849257799875,2269.7739861352775,LOW,CR02,2571.5470852210474,1.1329529287625664,3026.7413883593445,SYNTHETIC
BLST_2026_0492,2026,2026-06-09 05:13:09.902912622,77,4140,0.5048619177508665,141.51472786494858,42.291997054024456,4.006845223605159,378.3059801943692,2747.577115866055,HIGH,CR01,2848.1640412628517,1.0366093183757978,3293.124365442027,SYNTHETIC
BLST_2026_0493,2026,2026-06-09 13:00:06.990291262,83,4125,0.5930395857558157,166.361894555038,51.50325728262228,2.2083083458253023,397.47442198200054,2102.160463793852,MEDIUM,CR02,2416.6961368755947,1.1496249589406164,2549.319025659907,SYNTHETIC
BLST_2026_0494,2026,2026-06-09 20:47:04.077669904,138,3645,0.30163724836744293,172.37325488439672,40.011455373357514,2.844759374850695,351.12519029070916,1982.9293482032135,HIGH,CR01,2387.654029148111,1.204104438371256,2700.5542809513468,SYNTHETIC
BLST_2026_0495,2026,2026-06-10 04:34:01.165048544,68,4260,0.4909816876463771,188.00906559010488,39.62447463224059,2.8017751155524966,368.1959676612539,2200.8243405006233,HIGH,CR02,2381.507533601559,1.0820979620117412,2942.397760705821,SYNTHETIC
BLST_2026_0496,2026,2026-06-10 12:20:58.252427184,35,4170,0.48956064622187184,119.20745690925952,75.5824886929168,3.6323140884049203,361.970984863248,2185.765783005922,HIGH,CR01,2422.96905772643,1.1085218171886193,2856.452622763373,SYNTHETIC
BLST_2026_0497,2026,2026-06-10 20:07:55.339805826,252,3900,0.4235960199723279,153.04543863408057,40.34860400741978,3.0279104039665423,347.6170053185803,2092.598188828828,LOW,CR01,2372.2056936429426,1.1336173883293876,2923.0021813410744,SYNTHETIC
BLST_2026_0498,2026,2026-06-11 03:54:52.427184466,44,3720,0.5333642067788333,228.6386581906031,50.389528140223746,1.2664039520163233,358.5124182756116,2457.8642984095877,LOW,CR01,3331.8146040145543,1.3555730502170011,3893.7808432217053,SYNTHETIC
BLST_2026_0499,2026,2026-06-11 11:41:49.514563108,149,3810,0.5276326576643153,175.65461410602813,66.81429172514875,4.199075347489963,290.0,2329.3078980957894,HIGH,CR02,2551.5878661344254,1.0954274736372767,2967.4849854917697,SYNTHETIC
BLST_2026_0500,2026,2026-06-11 19:28:46.601941748,155,3825,0.6033057660202636,163.5083269446577,51.40219758632916,1.4380822635900137,337.0536400442806,2960.5390799838206,HIGH,CR01,3037.5487486511083,1.026012042599927,3534.0641778250642,SYNTHETIC
BLST_2026_0501,2026,2026-06-12 03:15:43.689320388,162,4230,0.46342262153074537,82.68444617590652,51.739028374801876,2.6635962650032345,330.4401133539136,1875.502469291414,MEDIUM,CR02,2034.1835805894088,1.0846072526675725,2444.296508906087,SYNTHETIC
BLST_2026_0502,2026,2026-06-12 11:02:40.776699030,169,4050,0.5733959238670663,148.16338743198145,49.41559831614342,2.9697555149879835,338.0106512860116,2687.946581019168,LOW,CR02,2400.2058748926293,0.8929514789622648,2813.7876062478826,SYNTHETIC
BLST_2026_0503,2026,2026-06-12 18:49:37.864077670,46,3915,0.34145030782147257,188.2652951957684,64.15319794613406,3.5161512877733103,354.209285259483,1919.229781242855,MEDIUM,CR02,2108.443196007073,1.0985882027329146,2620.8949364319865,SYNTHETIC
BLST_2026_0504,2026,2026-06-13 02:36:34.951456312,97,3750,0.4605332089676991,164.71217073733976,61.033784311425116,3.109040465535477,356.07560480069037,2397.479103851964,MEDIUM,CR01,2810.0679952884266,1.1720927997969064,3382.8747356313156,SYNTHETIC
BLST_2026_0505,2026,2026-06-13 10:23:32.038834952,42,4080,0.5880066017198815,139.7220307630932,56.4563809909769,1.7747752083675796,388.7097507527036,2623.2486988077817,HIGH,CR01,2910.820412918513,1.1096242663691884,3267.5192620062653,SYNTHETIC
BLST_2026_0506,2026,2026-06-13 18:10:29.126213592,115,4230,0.4547339403465318,218.7055721136873,57.86577988515272,2.5766111692226836,342.6184165094608,1643.4582524104007,HIGH,CR02,2183.858752763978,1.3288191224577754,2746.278277220545,SYNTHETIC
BLST_2026_0507,2026,2026-06-14 01:57:26.213592234,112,3630,0.4425504563630773,137.1216181332349,56.02271764830781,0.5906424237202335,350.6561342186381,3010.3148965430382,HIGH,CR01,3090.8838287252556,1.026764287109877,3845.797305540974,SYNTHETIC
BLST_2026_0508,2026,2026-06-14 09:44:23.300970874,149,3855,0.5304499609688516,208.9404976721985,58.144720274564,4.568727438724332,357.8545147399244,2542.6642634397026,HIGH,CR01,2987.245080371646,1.1748484152329717,3650.8750197077406,SYNTHETIC
BLST_2026_0509,2026,2026-06-14 17:31:20.388349514,4,4230,0.37225649811301803,209.6274674096785,51.8389939860185,3.7611662796569227,361.5336026914784,2754.090705724864,HIGH,CR01,2957.2066340846536,1.0737506313563228,3388.596370183557,SYNTHETIC
BLST_2026_0510,2026,2026-06-15 01:18:17.475728156,82,4080,0.48704887870955976,169.901891137371,61.48918517508419,0.8954260776871763,343.933338333887,2391.239609463655,MEDIUM,CR02,2513.5009345821477,1.0511288474122906,2887.054788322288,SYNTHETIC
BLST_2026_0511,2026,2026-06-15 09:05:14.563106796,409,3720,0.5673127964478094,114.51520921754279,44.588784381951456,3.5103892901678404,360.0624357301836,1815.238895307662,HIGH,CR01,2307.636890714948,1.2712579576606253,2793.3111030599325,SYNTHETIC
BLST_2026_0512,2026,2026-06-15 16:52:11.650485438,113,3930,0.43213275522996397,95.66248335971542,65.60118475212488,4.715910240281353,352.40800756679425,2361.1804991101108,HIGH,CR01,2311.2257233152827,0.9788433049427373,2721.0446231135925,SYNTHETIC
BLST_2026_0513,2026,2026-06-16 00:39:08.737864078,259,3645,0.4177540075131989,146.69856668649848,70.84090387761717,4.2467199176422845,329.9312225208542,2779.4176952675025,HIGH,CR01,2912.6678831758527,1.0479417642534385,3175.4311986550174,SYNTHETIC
BLST_2026_0514,2026,2026-06-16 08:26:05.825242718,115,4290,0.5423678942498893,92.52326390181706,59.67506677721258,2.7964269889532662,366.73392664036146,2604.5401092962293,HIGH,CR02,2464.363820898778,0.9461800231460716,2754.633471932921,SYNTHETIC
BLST_2026_0515,2026,2026-06-16 16:13:02.912621360,158,3645,0.4754613128881885,144.53410128429462,60.0932014532012,5.02231488846013,335.0269732023973,3387.5954366899446,HIGH,CR01,3428.322832090072,1.0120225086381398,4150.771283572876,SYNTHETIC
BLST_2026_0516,2026,2026-06-17 00:00:00.000000000,75,3705,0.5816892582989337,162.8276057766182,78.80060062420802,2.4481583195207834,338.19006403748125,2342.3918164838046,MEDIUM,CR02,2446.2552108639984,1.0443407433586855,3107.955861734586,SYNTHETIC
